=== D:\hw1\Gengerative-AI\.venv\Scripts\python.exe -u train.py config/hw1_baseline.py
Overriding config with config/hw1_baseline.py:
# HW1 Q4 variant: baseline. Same as train_shakespeare_char.py, one change only.
exec(open('config/train_shakespeare_char.py').read())
out_dir = 'out-hw1-baseline'
compile = False # torch.compile needs triton, which isn't available on Windows/MPS

tokens per iteration will be: 16,384
found vocab_size = 65 (inside data\shakespeare_char\meta.pkl)
Initializing a new model from scratch
number of parameters: 10.65M
D:\hw1\Gengerative-AI\train.py:201: FutureWarning: `torch.cuda.amp.GradScaler(args...)` is deprecated. Please use `torch.amp.GradScaler('cuda', args...)` instead.
  scaler = torch.cuda.amp.GradScaler(enabled=(dtype == 'float16'))
num decayed parameter tensors: 26, with 10,740,096 parameters
num non-decayed parameter tensors: 13, with 4,992 parameters
using fused AdamW: True
step 0: train loss 4.3704, val loss 4.3597
iter 0: loss 4.3375, time 4847.77ms, mfu -100.00%
iter 10: loss 3.1389, time 31.60ms, mfu 11.79%
iter 20: loss 2.7418, time 47.47ms, mfu 11.40%
iter 30: loss 2.6186, time 31.55ms, mfu 11.44%
iter 40: loss 2.5729, time 31.47ms, mfu 11.48%
iter 50: loss 2.5238, time 31.63ms, mfu 11.51%
iter 60: loss 2.5065, time 31.97ms, mfu 11.52%
iter 70: loss 2.4888, time 31.54ms, mfu 11.55%
iter 80: loss 2.4983, time 47.55ms, mfu 11.18%
iter 90: loss 2.4639, time 47.29ms, mfu 10.85%
iter 100: loss 2.4675, time 33.92ms, mfu 10.86%
iter 110: loss 2.4497, time 31.86ms, mfu 10.95%
iter 120: loss 2.4311, time 42.44ms, mfu 10.73%
iter 130: loss 2.4093, time 36.35ms, mfu 10.68%
iter 140: loss 2.3929, time 31.85ms, mfu 10.78%
iter 150: loss 2.4070, time 31.82ms, mfu 10.88%
iter 160: loss 2.3701, time 32.07ms, mfu 10.95%
iter 170: loss 2.3518, time 32.02ms, mfu 11.02%
iter 180: loss 2.3159, time 47.94ms, mfu 10.70%
iter 190: loss 2.2509, time 31.87ms, mfu 10.79%
iter 200: loss 2.2036, time 47.47ms, mfu 10.50%
iter 210: loss 2.1356, time 31.67ms, mfu 10.63%
iter 220: loss 2.1319, time 31.38ms, mfu 10.75%
iter 230: loss 2.0656, time 31.34ms, mfu 10.87%
iter 240: loss 2.0743, time 31.85ms, mfu 10.95%
step 250: train loss 1.9670, val loss 2.0689
saving checkpoint to out-hw1-baseline
iter 250: loss 2.0366, time 4795.57ms, mfu 9.86%
iter 260: loss 1.9681, time 31.68ms, mfu 10.05%
iter 270: loss 1.9763, time 46.68ms, mfu 9.84%
iter 280: loss 1.9749, time 47.18ms, mfu 9.65%
iter 290: loss 1.9117, time 31.67ms, mfu 9.86%
iter 300: loss 1.9044, time 31.55ms, mfu 10.06%
iter 310: loss 1.8650, time 31.67ms, mfu 10.23%
iter 320: loss 1.8489, time 31.83ms, mfu 10.38%
iter 330: loss 1.8195, time 31.68ms, mfu 10.51%
iter 340: loss 1.7838, time 31.37ms, mfu 10.65%
iter 350: loss 1.8266, time 31.44ms, mfu 10.77%
iter 360: loss 1.7711, time 31.94ms, mfu 10.86%
iter 370: loss 1.7421, time 47.48ms, mfu 10.56%
iter 380: loss 1.7242, time 32.69ms, mfu 10.64%
iter 390: loss 1.7371, time 31.28ms, mfu 10.77%
iter 400: loss 1.7639, time 31.32ms, mfu 10.88%
iter 410: loss 1.6929, time 31.37ms, mfu 10.98%
iter 420: loss 1.7131, time 30.61ms, mfu 11.10%
iter 430: loss 1.6925, time 47.12ms, mfu 10.78%
iter 440: loss 1.6598, time 31.28ms, mfu 10.90%
iter 450: loss 1.6572, time 31.36ms, mfu 10.99%
iter 460: loss 1.5924, time 32.83ms, mfu 11.03%
iter 470: loss 1.6593, time 31.61ms, mfu 11.11%
iter 480: loss 1.6181, time 31.61ms, mfu 11.17%
iter 490: loss 1.6101, time 47.82ms, mfu 10.84%
step 500: train loss 1.5310, val loss 1.7353
saving checkpoint to out-hw1-baseline
iter 500: loss 1.5991, time 4966.75ms, mfu 9.76%
iter 510: loss 1.6119, time 47.56ms, mfu 9.57%
iter 520: loss 1.5914, time 31.36ms, mfu 9.80%
iter 530: loss 1.5537, time 47.09ms, mfu 9.61%
iter 540: loss 1.6126, time 31.52ms, mfu 9.83%
iter 550: loss 1.5638, time 47.01ms, mfu 9.64%
iter 560: loss 1.5587, time 31.37ms, mfu 9.86%
iter 570: loss 1.5634, time 31.75ms, mfu 10.05%
iter 580: loss 1.5279, time 31.98ms, mfu 10.21%
iter 590: loss 1.5010, time 31.58ms, mfu 10.37%
iter 600: loss 1.5174, time 31.77ms, mfu 10.51%
iter 610: loss 1.5432, time 31.91ms, mfu 10.62%
iter 620: loss 1.5241, time 47.15ms, mfu 10.35%
iter 630: loss 1.5117, time 47.30ms, mfu 10.10%
iter 640: loss 1.4627, time 31.64ms, mfu 10.27%
iter 650: loss 1.4989, time 47.22ms, mfu 10.03%
iter 660: loss 1.4946, time 31.77ms, mfu 10.20%
iter 670: loss 1.4434, time 43.14ms, mfu 10.05%
iter 680: loss 1.5024, time 31.42ms, mfu 10.23%
iter 690: loss 1.4592, time 31.43ms, mfu 10.39%
iter 700: loss 1.4809, time 31.40ms, mfu 10.54%
iter 710: loss 1.4537, time 47.35ms, mfu 10.27%
iter 720: loss 1.4378, time 31.73ms, mfu 10.42%
iter 730: loss 1.4194, time 47.30ms, mfu 10.16%
iter 740: loss 1.4224, time 31.39ms, mfu 10.34%
step 750: train loss 1.3573, val loss 1.5875
saving checkpoint to out-hw1-baseline
iter 750: loss 1.4213, time 4852.04ms, mfu 9.31%
iter 760: loss 1.4348, time 31.35ms, mfu 9.57%
iter 770: loss 1.4289, time 47.27ms, mfu 9.40%
iter 780: loss 1.4163, time 31.28ms, mfu 9.65%
iter 790: loss 1.4154, time 31.57ms, mfu 9.87%
iter 800: loss 1.4324, time 31.67ms, mfu 10.06%
iter 810: loss 1.3935, time 31.35ms, mfu 10.24%
iter 820: loss 1.4037, time 31.31ms, mfu 10.40%
iter 830: loss 1.3842, time 31.62ms, mfu 10.54%
iter 840: loss 1.3997, time 45.11ms, mfu 10.31%
iter 850: loss 1.3905, time 31.50ms, mfu 10.47%
iter 860: loss 1.3890, time 31.46ms, mfu 10.60%
iter 870: loss 1.3881, time 31.74ms, mfu 10.72%
iter 880: loss 1.3712, time 47.20ms, mfu 10.44%
iter 890: loss 1.3811, time 31.01ms, mfu 10.59%
iter 900: loss 1.3603, time 31.84ms, mfu 10.70%
iter 910: loss 1.3131, time 31.34ms, mfu 10.82%
iter 920: loss 1.3544, time 40.61ms, mfu 10.66%
iter 930: loss 1.3597, time 31.72ms, mfu 10.77%
iter 940: loss 1.3450, time 31.30ms, mfu 10.88%
iter 950: loss 1.3526, time 31.70ms, mfu 10.97%
iter 960: loss 1.3637, time 47.23ms, mfu 10.66%
iter 970: loss 1.3474, time 31.72ms, mfu 10.77%
iter 980: loss 1.3476, time 47.86ms, mfu 10.47%
iter 990: loss 1.3299, time 47.04ms, mfu 10.22%
step 1000: train loss 1.2700, val loss 1.5241
saving checkpoint to out-hw1-baseline
iter 1000: loss 1.3261, time 4868.85ms, mfu 9.20%
iter 1010: loss 1.3308, time 31.42ms, mfu 9.47%
iter 1020: loss 1.3092, time 31.33ms, mfu 9.71%
iter 1030: loss 1.3295, time 47.12ms, mfu 9.53%
iter 1040: loss 1.3533, time 31.37ms, mfu 9.76%
iter 1050: loss 1.2828, time 32.79ms, mfu 9.92%
iter 1060: loss 1.3283, time 47.36ms, mfu 9.72%
iter 1070: loss 1.3307, time 31.55ms, mfu 9.93%
iter 1080: loss 1.3316, time 47.44ms, mfu 9.72%
iter 1090: loss 1.3502, time 31.42ms, mfu 9.93%
iter 1100: loss 1.3069, time 31.96ms, mfu 10.11%
iter 1110: loss 1.2904, time 47.69ms, mfu 9.88%
iter 1120: loss 1.2934, time 31.29ms, mfu 10.08%
iter 1130: loss 1.2867, time 31.79ms, mfu 10.24%
iter 1140: loss 1.2946, time 31.35ms, mfu 10.41%
iter 1150: loss 1.2998, time 31.33ms, mfu 10.56%
iter 1160: loss 1.3220, time 47.36ms, mfu 10.29%
iter 1170: loss 1.2973, time 47.41ms, mfu 10.05%
iter 1180: loss 1.3133, time 31.43ms, mfu 10.23%
iter 1190: loss 1.2638, time 47.57ms, mfu 9.99%
iter 1200: loss 1.2940, time 31.50ms, mfu 10.17%
iter 1210: loss 1.2604, time 31.42ms, mfu 10.34%
iter 1220: loss 1.2977, time 31.42ms, mfu 10.49%
iter 1230: loss 1.2907, time 47.34ms, mfu 10.23%
iter 1240: loss 1.2968, time 31.45ms, mfu 10.39%
step 1250: train loss 1.1975, val loss 1.4925
saving checkpoint to out-hw1-baseline
iter 1250: loss 1.2701, time 4897.96ms, mfu 9.36%
iter 1260: loss 1.2794, time 31.30ms, mfu 9.61%
iter 1270: loss 1.2624, time 47.34ms, mfu 9.44%
iter 1280: loss 1.2548, time 31.45ms, mfu 9.68%
iter 1290: loss 1.2777, time 30.97ms, mfu 9.92%
iter 1300: loss 1.2902, time 31.32ms, mfu 10.11%
iter 1310: loss 1.2340, time 47.57ms, mfu 9.89%
iter 1320: loss 1.2938, time 31.48ms, mfu 10.08%
iter 1330: loss 1.2572, time 46.97ms, mfu 9.87%
iter 1340: loss 1.2978, time 47.05ms, mfu 9.67%
iter 1350: loss 1.2505, time 31.41ms, mfu 9.89%
iter 1360: loss 1.2722, time 31.60ms, mfu 10.08%
iter 1370: loss 1.2497, time 31.26ms, mfu 10.27%
iter 1380: loss 1.2609, time 46.98ms, mfu 10.03%
iter 1390: loss 1.2370, time 31.73ms, mfu 10.20%
iter 1400: loss 1.2546, time 31.64ms, mfu 10.36%
iter 1410: loss 1.2438, time 31.39ms, mfu 10.51%
iter 1420: loss 1.2645, time 31.43ms, mfu 10.65%
iter 1430: loss 1.2392, time 31.53ms, mfu 10.76%
iter 1440: loss 1.2503, time 31.75ms, mfu 10.86%
iter 1450: loss 1.2214, time 33.37ms, mfu 10.89%
iter 1460: loss 1.2383, time 47.22ms, mfu 10.59%
iter 1470: loss 1.2223, time 47.02ms, mfu 10.32%
iter 1480: loss 1.2046, time 31.40ms, mfu 10.48%
iter 1490: loss 1.2261, time 31.30ms, mfu 10.62%
step 1500: train loss 1.1481, val loss 1.4759
saving checkpoint to out-hw1-baseline
iter 1500: loss 1.1845, time 4910.29ms, mfu 9.57%
iter 1510: loss 1.2263, time 47.61ms, mfu 9.39%
iter 1520: loss 1.2199, time 31.51ms, mfu 9.64%
iter 1530: loss 1.2507, time 47.82ms, mfu 9.45%
iter 1540: loss 1.1843, time 31.45ms, mfu 9.69%
iter 1550: loss 1.2230, time 31.32ms, mfu 9.91%
iter 1560: loss 1.2050, time 31.35ms, mfu 10.11%
iter 1570: loss 1.2331, time 46.93ms, mfu 9.89%
iter 1580: loss 1.1994, time 47.08ms, mfu 9.69%
iter 1590: loss 1.1909, time 47.71ms, mfu 9.51%
iter 1600: loss 1.1949, time 47.57ms, mfu 9.34%
iter 1610: loss 1.2303, time 47.56ms, mfu 9.19%
iter 1620: loss 1.1754, time 47.38ms, mfu 9.06%
iter 1630: loss 1.2013, time 31.78ms, mfu 9.32%
iter 1640: loss 1.1939, time 37.30ms, mfu 9.39%
iter 1650: loss 1.1775, time 47.09ms, mfu 9.24%
iter 1660: loss 1.2054, time 47.03ms, mfu 9.11%
iter 1670: loss 1.1934, time 47.47ms, mfu 8.98%
iter 1680: loss 1.2024, time 31.33ms, mfu 9.27%
iter 1690: loss 1.1947, time 31.69ms, mfu 9.52%
iter 1700: loss 1.1777, time 47.57ms, mfu 9.35%
iter 1710: loss 1.1738, time 47.45ms, mfu 9.20%
iter 1720: loss 1.1812, time 47.38ms, mfu 9.07%
iter 1730: loss 1.1948, time 47.49ms, mfu 8.95%
iter 1740: loss 1.1562, time 47.04ms, mfu 8.85%
step 1750: train loss 1.0978, val loss 1.4654
saving checkpoint to out-hw1-baseline
iter 1750: loss 1.1844, time 4952.34ms, mfu 7.97%
iter 1760: loss 1.1864, time 47.02ms, mfu 7.96%
iter 1770: loss 1.1960, time 48.88ms, mfu 7.93%
iter 1780: loss 1.1877, time 47.09ms, mfu 7.93%
iter 1790: loss 1.1907, time 34.95ms, mfu 8.20%
iter 1800: loss 1.1713, time 31.33ms, mfu 8.57%
iter 1810: loss 1.1531, time 31.60ms, mfu 8.89%
iter 1820: loss 1.1627, time 31.39ms, mfu 9.19%
iter 1830: loss 1.1627, time 47.28ms, mfu 9.06%
iter 1840: loss 1.1574, time 33.65ms, mfu 9.26%
iter 1850: loss 1.1619, time 47.18ms, mfu 9.12%
iter 1860: loss 1.1715, time 46.50ms, mfu 9.01%
iter 1870: loss 1.1384, time 31.39ms, mfu 9.30%
iter 1880: loss 1.1640, time 31.89ms, mfu 9.54%
iter 1890: loss 1.1765, time 47.44ms, mfu 9.37%
iter 1900: loss 1.1244, time 31.45ms, mfu 9.62%
iter 1910: loss 1.1624, time 31.84ms, mfu 9.83%
iter 1920: loss 1.1683, time 31.56ms, mfu 10.02%
iter 1930: loss 1.1405, time 31.37ms, mfu 10.21%
iter 1940: loss 1.1144, time 31.32ms, mfu 10.38%
iter 1950: loss 1.1355, time 31.47ms, mfu 10.52%
iter 1960: loss 1.1514, time 31.75ms, mfu 10.65%
iter 1970: loss 1.1558, time 47.61ms, mfu 10.36%
iter 1980: loss 1.1498, time 33.81ms, mfu 10.43%
iter 1990: loss 1.1445, time 47.46ms, mfu 10.17%
step 2000: train loss 1.0530, val loss 1.4792
iter 2000: loss 1.1205, time 4880.56ms, mfu 9.16%
iter 2010: loss 1.1229, time 31.43ms, mfu 9.43%
iter 2020: loss 1.1129, time 31.57ms, mfu 9.67%
iter 2030: loss 1.1497, time 31.37ms, mfu 9.89%
iter 2040: loss 1.1386, time 47.00ms, mfu 9.69%
iter 2050: loss 1.1095, time 47.36ms, mfu 9.51%
iter 2060: loss 1.0992, time 47.29ms, mfu 9.35%
iter 2070: loss 1.1233, time 47.02ms, mfu 9.21%
iter 2080: loss 1.1116, time 31.95ms, mfu 9.45%
iter 2090: loss 1.1270, time 31.51ms, mfu 9.69%
iter 2100: loss 1.1246, time 31.30ms, mfu 9.91%
iter 2110: loss 1.1217, time 31.35ms, mfu 10.11%
iter 2120: loss 1.1254, time 46.90ms, mfu 9.89%
iter 2130: loss 1.1374, time 47.06ms, mfu 9.69%
iter 2140: loss 1.1292, time 30.21ms, mfu 9.96%
iter 2150: loss 1.1174, time 31.39ms, mfu 10.15%
iter 2160: loss 1.1357, time 32.15ms, mfu 10.29%
iter 2170: loss 1.1205, time 47.41ms, mfu 10.05%
iter 2180: loss 1.1020, time 46.92ms, mfu 9.84%
iter 2190: loss 1.1043, time 31.86ms, mfu 10.02%
iter 2200: loss 1.1150, time 31.82ms, mfu 10.19%
iter 2210: loss 1.1101, time 31.53ms, mfu 10.36%
iter 2220: loss 1.1139, time 31.41ms, mfu 10.51%
iter 2230: loss 1.1069, time 31.81ms, mfu 10.63%
iter 2240: loss 1.1167, time 47.05ms, mfu 10.36%
step 2250: train loss 1.0040, val loss 1.4899
iter 2250: loss 1.0988, time 4876.10ms, mfu 9.33%
iter 2260: loss 1.0990, time 47.42ms, mfu 9.18%
iter 2270: loss 1.1256, time 47.72ms, mfu 9.04%
iter 2280: loss 1.0871, time 31.71ms, mfu 9.32%
iter 2290: loss 1.1321, time 31.53ms, mfu 9.57%
iter 2300: loss 1.1158, time 47.00ms, mfu 9.40%
iter 2310: loss 1.0845, time 47.00ms, mfu 9.25%
iter 2320: loss 1.0881, time 47.50ms, mfu 9.11%
iter 2330: loss 1.0932, time 31.43ms, mfu 9.39%
iter 2340: loss 1.1043, time 31.40ms, mfu 9.64%
iter 2350: loss 1.0958, time 31.54ms, mfu 9.85%
iter 2360: loss 1.0978, time 47.27ms, mfu 9.66%
iter 2370: loss 1.0770, time 31.37ms, mfu 9.88%
iter 2380: loss 1.0746, time 31.50ms, mfu 10.07%
iter 2390: loss 1.0725, time 31.47ms, mfu 10.25%
iter 2400: loss 1.0707, time 47.24ms, mfu 10.01%
iter 2410: loss 1.0555, time 31.67ms, mfu 10.19%
iter 2420: loss 1.0678, time 31.63ms, mfu 10.35%
iter 2430: loss 1.0467, time 31.41ms, mfu 10.50%
iter 2440: loss 1.0476, time 31.65ms, mfu 10.63%
iter 2450: loss 1.0635, time 46.98ms, mfu 10.36%
iter 2460: loss 1.0759, time 31.76ms, mfu 10.49%
iter 2470: loss 1.0829, time 31.59ms, mfu 10.63%
iter 2480: loss 1.0806, time 31.40ms, mfu 10.75%
iter 2490: loss 1.0503, time 31.41ms, mfu 10.86%
step 2500: train loss 0.9504, val loss 1.5064
iter 2500: loss 1.0710, time 4895.67ms, mfu 9.78%
iter 2510: loss 1.0651, time 31.30ms, mfu 9.99%
iter 2520: loss 1.0286, time 31.49ms, mfu 10.18%
iter 2530: loss 1.0464, time 31.49ms, mfu 10.34%
iter 2540: loss 1.0452, time 46.99ms, mfu 10.10%
iter 2550: loss 1.0660, time 31.48ms, mfu 10.28%
iter 2560: loss 1.0474, time 31.77ms, mfu 10.42%
iter 2570: loss 1.0679, time 31.32ms, mfu 10.57%
iter 2580: loss 1.0559, time 31.71ms, mfu 10.69%
iter 2590: loss 1.0607, time 47.24ms, mfu 10.41%
iter 2600: loss 1.0604, time 31.78ms, mfu 10.54%
iter 2610: loss 1.0429, time 31.40ms, mfu 10.67%
iter 2620: loss 1.0432, time 46.72ms, mfu 10.40%
iter 2630: loss 1.0195, time 47.64ms, mfu 10.14%
iter 2640: loss 1.0287, time 47.21ms, mfu 9.92%
iter 2650: loss 1.0575, time 31.30ms, mfu 10.12%
iter 2660: loss 1.0325, time 32.60ms, mfu 10.25%
iter 2670: loss 1.0123, time 31.36ms, mfu 10.41%
iter 2680: loss 1.0390, time 31.58ms, mfu 10.55%
iter 2690: loss 1.0467, time 31.76ms, mfu 10.67%
iter 2700: loss 1.0149, time 31.59ms, mfu 10.78%
iter 2710: loss 1.0349, time 33.40ms, mfu 10.82%
iter 2720: loss 1.0365, time 47.28ms, mfu 10.53%
iter 2730: loss 1.0486, time 31.31ms, mfu 10.66%
iter 2740: loss 1.0165, time 31.83ms, mfu 10.77%
step 2750: train loss 0.9048, val loss 1.5195
iter 2750: loss 1.0306, time 4890.89ms, mfu 9.70%
iter 2760: loss 1.0206, time 31.38ms, mfu 9.92%
iter 2770: loss 1.0142, time 31.29ms, mfu 10.12%
iter 2780: loss 1.0141, time 47.34ms, mfu 9.89%
iter 2790: loss 1.0377, time 31.58ms, mfu 10.08%
iter 2800: loss 0.9994, time 31.40ms, mfu 10.26%
iter 2810: loss 1.0289, time 31.58ms, mfu 10.41%
iter 2820: loss 1.0135, time 47.25ms, mfu 10.16%
iter 2830: loss 1.0185, time 31.82ms, mfu 10.32%
iter 2840: loss 0.9844, time 30.20ms, mfu 10.52%
iter 2850: loss 1.0199, time 31.87ms, mfu 10.64%
iter 2860: loss 1.0138, time 36.01ms, mfu 10.61%
iter 2870: loss 0.9984, time 31.35ms, mfu 10.73%
iter 2880: loss 1.0263, time 31.36ms, mfu 10.85%
iter 2890: loss 1.0020, time 47.08ms, mfu 10.56%
iter 2900: loss 0.9838, time 43.76ms, mfu 10.35%
iter 2910: loss 1.0311, time 31.42ms, mfu 10.50%
iter 2920: loss 0.9988, time 31.61ms, mfu 10.63%
iter 2930: loss 0.9876, time 47.24ms, mfu 10.36%
iter 2940: loss 0.9796, time 47.35ms, mfu 10.11%
iter 2950: loss 1.0176, time 31.65ms, mfu 10.27%
iter 2960: loss 0.9911, time 47.34ms, mfu 10.03%
iter 2970: loss 0.9875, time 31.72ms, mfu 10.21%
iter 2980: loss 0.9882, time 30.97ms, mfu 10.39%
iter 2990: loss 0.9778, time 29.33ms, mfu 10.62%
step 3000: train loss 0.8576, val loss 1.5337
iter 3000: loss 0.9733, time 4880.39ms, mfu 9.57%
iter 3010: loss 0.9806, time 47.11ms, mfu 9.40%
iter 3020: loss 0.9930, time 31.66ms, mfu 9.64%
iter 3030: loss 0.9938, time 31.68ms, mfu 9.85%
iter 3040: loss 1.0193, time 47.19ms, mfu 9.65%
iter 3050: loss 0.9711, time 31.66ms, mfu 9.87%
iter 3060: loss 0.9948, time 31.52ms, mfu 10.06%
iter 3070: loss 1.0081, time 47.80ms, mfu 9.83%
iter 3080: loss 0.9920, time 47.11ms, mfu 9.64%
iter 3090: loss 0.9659, time 42.81ms, mfu 9.55%
iter 3100: loss 0.9930, time 31.66ms, mfu 9.77%
iter 3110: loss 0.9527, time 47.22ms, mfu 9.58%
iter 3120: loss 0.9914, time 47.13ms, mfu 9.41%
iter 3130: loss 0.9833, time 31.85ms, mfu 9.64%
iter 3140: loss 0.9716, time 46.96ms, mfu 9.47%
iter 3150: loss 0.9826, time 46.97ms, mfu 9.32%
iter 3160: loss 0.9939, time 31.35ms, mfu 9.58%
iter 3170: loss 0.9513, time 31.55ms, mfu 9.80%
iter 3180: loss 0.9580, time 31.77ms, mfu 9.99%
iter 3190: loss 0.9894, time 31.80ms, mfu 10.16%
iter 3200: loss 0.9549, time 31.33ms, mfu 10.34%
iter 3210: loss 0.9636, time 31.62ms, mfu 10.48%
iter 3220: loss 0.9528, time 31.77ms, mfu 10.61%
iter 3230: loss 0.9480, time 47.01ms, mfu 10.34%
iter 3240: loss 0.9546, time 31.39ms, mfu 10.49%
step 3250: train loss 0.8115, val loss 1.5695
iter 3250: loss 0.9638, time 4911.15ms, mfu 9.45%
iter 3260: loss 0.9536, time 31.63ms, mfu 9.68%
iter 3270: loss 0.9645, time 31.86ms, mfu 9.88%
iter 3280: loss 0.9430, time 31.83ms, mfu 10.07%
iter 3290: loss 0.9423, time 47.13ms, mfu 9.85%
iter 3300: loss 0.9336, time 47.18ms, mfu 9.66%
iter 3310: loss 0.9391, time 31.62ms, mfu 9.87%
iter 3320: loss 0.9520, time 47.20ms, mfu 9.67%
iter 3330: loss 0.9515, time 47.02ms, mfu 9.50%
iter 3340: loss 0.9497, time 31.60ms, mfu 9.73%
iter 3350: loss 0.9466, time 31.36ms, mfu 9.94%
iter 3360: loss 0.9181, time 47.01ms, mfu 9.74%
iter 3370: loss 0.9482, time 31.63ms, mfu 9.94%
iter 3380: loss 0.9344, time 31.51ms, mfu 10.13%
iter 3390: loss 0.9452, time 46.85ms, mfu 9.91%
iter 3400: loss 0.9446, time 47.37ms, mfu 9.71%
iter 3410: loss 0.9373, time 31.79ms, mfu 9.91%
iter 3420: loss 0.9352, time 32.14ms, mfu 10.08%
iter 3430: loss 0.9304, time 47.66ms, mfu 9.85%
iter 3440: loss 0.9551, time 47.26ms, mfu 9.66%
iter 3450: loss 0.9465, time 31.38ms, mfu 9.88%
iter 3460: loss 0.9410, time 31.59ms, mfu 10.07%
iter 3470: loss 0.9346, time 47.38ms, mfu 9.85%
iter 3480: loss 0.9435, time 31.32ms, mfu 10.05%
iter 3490: loss 0.9064, time 31.30ms, mfu 10.24%
step 3500: train loss 0.7713, val loss 1.5842
iter 3500: loss 0.8997, time 4900.59ms, mfu 9.22%
iter 3510: loss 0.9057, time 31.93ms, mfu 9.47%
iter 3520: loss 0.9069, time 31.52ms, mfu 9.70%
iter 3530: loss 0.9441, time 31.81ms, mfu 9.90%
iter 3540: loss 0.9240, time 31.63ms, mfu 10.09%
iter 3550: loss 0.9160, time 35.88ms, mfu 10.12%
iter 3560: loss 0.9475, time 31.69ms, mfu 10.28%
iter 3570: loss 0.9204, time 29.90ms, mfu 10.50%
iter 3580: loss 0.9154, time 31.29ms, mfu 10.64%
iter 3590: loss 0.9131, time 46.37ms, mfu 10.38%
iter 3600: loss 0.9111, time 31.75ms, mfu 10.52%
iter 3610: loss 0.8991, time 31.49ms, mfu 10.65%
iter 3620: loss 0.8971, time 31.73ms, mfu 10.76%
iter 3630: loss 0.9135, time 47.46ms, mfu 10.47%
iter 3640: loss 0.9069, time 32.21ms, mfu 10.58%
iter 3650: loss 0.8995, time 31.43ms, mfu 10.71%
iter 3660: loss 0.9247, time 47.28ms, mfu 10.42%
iter 3670: loss 0.9271, time 47.35ms, mfu 10.17%
iter 3680: loss 0.8879, time 31.28ms, mfu 10.34%
iter 3690: loss 0.9274, time 31.53ms, mfu 10.49%
iter 3700: loss 0.8563, time 48.28ms, mfu 10.21%
iter 3710: loss 0.8782, time 31.45ms, mfu 10.38%
iter 3720: loss 0.8834, time 31.29ms, mfu 10.53%
iter 3730: loss 0.8967, time 47.33ms, mfu 10.26%
iter 3740: loss 0.8972, time 31.42ms, mfu 10.42%
step 3750: train loss 0.7298, val loss 1.6108
iter 3750: loss 0.8863, time 4893.74ms, mfu 9.39%
iter 3760: loss 0.9177, time 47.12ms, mfu 9.24%
iter 3770: loss 0.9236, time 31.62ms, mfu 9.50%
iter 3780: loss 0.9152, time 31.64ms, mfu 9.72%
iter 3790: loss 0.8931, time 31.46ms, mfu 9.94%
iter 3800: loss 0.9018, time 31.51ms, mfu 10.12%
iter 3810: loss 0.9034, time 31.77ms, mfu 10.28%
iter 3820: loss 0.8741, time 47.04ms, mfu 10.05%
iter 3830: loss 0.8972, time 42.83ms, mfu 9.91%
iter 3840: loss 0.8815, time 31.31ms, mfu 10.11%
iter 3850: loss 0.8812, time 31.34ms, mfu 10.29%
iter 3860: loss 0.8587, time 47.46ms, mfu 10.05%
iter 3870: loss 0.8672, time 31.31ms, mfu 10.23%
iter 3880: loss 0.8816, time 31.67ms, mfu 10.39%
iter 3890: loss 0.8766, time 47.52ms, mfu 10.13%
iter 3900: loss 0.8783, time 31.79ms, mfu 10.29%
iter 3910: loss 0.8725, time 31.58ms, mfu 10.44%
iter 3920: loss 0.8595, time 47.22ms, mfu 10.19%
iter 3930: loss 0.8851, time 31.74ms, mfu 10.34%
iter 3940: loss 0.8716, time 31.40ms, mfu 10.49%
iter 3950: loss 0.8666, time 48.26ms, mfu 10.22%
iter 3960: loss 0.8900, time 31.89ms, mfu 10.36%
iter 3970: loss 0.8819, time 31.57ms, mfu 10.51%
iter 3980: loss 0.8847, time 31.48ms, mfu 10.64%
iter 3990: loss 0.8694, time 46.94ms, mfu 10.37%
step 4000: train loss 0.6961, val loss 1.6384
iter 4000: loss 0.8526, time 4904.31ms, mfu 9.34%
iter 4010: loss 0.8685, time 31.61ms, mfu 9.59%
iter 4020: loss 0.8756, time 47.63ms, mfu 9.41%
iter 4030: loss 0.8761, time 31.38ms, mfu 9.66%
iter 4040: loss 0.8612, time 31.86ms, mfu 9.86%
iter 4050: loss 0.8592, time 47.39ms, mfu 9.66%
iter 4060: loss 0.8535, time 35.11ms, mfu 9.76%
iter 4070: loss 0.8540, time 31.68ms, mfu 9.96%
iter 4080: loss 0.8740, time 30.97ms, mfu 10.16%
iter 4090: loss 0.8371, time 30.31ms, mfu 10.38%
iter 4100: loss 0.8877, time 31.47ms, mfu 10.52%
iter 4110: loss 0.8572, time 31.47ms, mfu 10.66%
iter 4120: loss 0.8651, time 47.03ms, mfu 10.38%
iter 4130: loss 0.8454, time 31.55ms, mfu 10.52%
iter 4140: loss 0.8704, time 31.66ms, mfu 10.65%
iter 4150: loss 0.8621, time 31.78ms, mfu 10.76%
iter 4160: loss 0.8493, time 42.51ms, mfu 10.56%
iter 4170: loss 0.8557, time 31.33ms, mfu 10.69%
iter 4180: loss 0.8661, time 31.53ms, mfu 10.80%
iter 4190: loss 0.8650, time 46.93ms, mfu 10.52%
iter 4200: loss 0.8365, time 32.59ms, mfu 10.61%
iter 4210: loss 0.8621, time 31.37ms, mfu 10.74%
iter 4220: loss 0.8473, time 31.48ms, mfu 10.85%
iter 4230: loss 0.8753, time 31.44ms, mfu 10.95%
iter 4240: loss 0.8498, time 31.45ms, mfu 11.04%
step 4250: train loss 0.6655, val loss 1.6590
iter 4250: loss 0.8588, time 4925.85ms, mfu 9.94%
iter 4260: loss 0.8451, time 31.65ms, mfu 10.12%
iter 4270: loss 0.8523, time 31.52ms, mfu 10.29%
iter 4280: loss 0.8434, time 47.77ms, mfu 10.04%
iter 4290: loss 0.8141, time 31.96ms, mfu 10.21%
iter 4300: loss 0.8236, time 31.53ms, mfu 10.37%
iter 4310: loss 0.8387, time 31.64ms, mfu 10.51%
iter 4320: loss 0.8248, time 47.14ms, mfu 10.25%
iter 4330: loss 0.8530, time 31.65ms, mfu 10.40%
iter 4340: loss 0.8187, time 31.61ms, mfu 10.54%
iter 4350: loss 0.8305, time 31.69ms, mfu 10.66%
iter 4360: loss 0.8441, time 31.78ms, mfu 10.77%
iter 4370: loss 0.8437, time 31.81ms, mfu 10.86%
iter 4380: loss 0.8251, time 31.35ms, mfu 10.96%
iter 4390: loss 0.8676, time 47.37ms, mfu 10.65%
iter 4400: loss 0.8295, time 47.25ms, mfu 10.38%
iter 4410: loss 0.8574, time 31.32ms, mfu 10.53%
iter 4420: loss 0.8408, time 31.40ms, mfu 10.66%
iter 4430: loss 0.8351, time 31.16ms, mfu 10.79%
iter 4440: loss 0.8318, time 31.33ms, mfu 10.90%
iter 4450: loss 0.8381, time 31.24ms, mfu 11.01%
iter 4460: loss 0.8237, time 47.20ms, mfu 10.69%
iter 4470: loss 0.8336, time 31.62ms, mfu 10.80%
iter 4480: loss 0.8172, time 31.73ms, mfu 10.90%
iter 4490: loss 0.8224, time 47.38ms, mfu 10.59%
step 4500: train loss 0.6403, val loss 1.6873
iter 4500: loss 0.8507, time 4909.48ms, mfu 9.54%
iter 4510: loss 0.8383, time 31.81ms, mfu 9.76%
iter 4520: loss 0.8287, time 31.55ms, mfu 9.96%
iter 4530: loss 0.8367, time 32.50ms, mfu 10.11%
iter 4540: loss 0.8363, time 31.33ms, mfu 10.29%
iter 4550: loss 0.8659, time 47.37ms, mfu 10.05%
iter 4560: loss 0.8259, time 31.75ms, mfu 10.22%
iter 4570: loss 0.8394, time 31.50ms, mfu 10.38%
iter 4580: loss 0.8415, time 47.37ms, mfu 10.13%
iter 4590: loss 0.8448, time 31.40ms, mfu 10.30%
iter 4600: loss 0.8131, time 31.62ms, mfu 10.45%
iter 4610: loss 0.8635, time 47.48ms, mfu 10.19%
iter 4620: loss 0.8199, time 31.26ms, mfu 10.36%
iter 4630: loss 0.8179, time 31.84ms, mfu 10.50%
iter 4640: loss 0.8225, time 47.25ms, mfu 10.24%
iter 4650: loss 0.8548, time 31.65ms, mfu 10.39%
iter 4660: loss 0.8350, time 47.05ms, mfu 10.14%
iter 4670: loss 0.8278, time 47.44ms, mfu 9.91%
iter 4680: loss 0.8435, time 31.59ms, mfu 10.10%
iter 4690: loss 0.8350, time 29.31ms, mfu 10.36%
iter 4700: loss 0.8157, time 31.55ms, mfu 10.51%
iter 4710: loss 0.7850, time 31.53ms, mfu 10.64%
iter 4720: loss 0.8214, time 47.48ms, mfu 10.36%
iter 4730: loss 0.8161, time 47.39ms, mfu 10.11%
iter 4740: loss 0.8131, time 31.63ms, mfu 10.28%
step 4750: train loss 0.6223, val loss 1.7026
iter 4750: loss 0.7917, time 4908.80ms, mfu 9.26%
iter 4760: loss 0.8086, time 31.64ms, mfu 9.51%
iter 4770: loss 0.7945, time 32.56ms, mfu 9.70%
iter 4780: loss 0.7994, time 31.47ms, mfu 9.92%
iter 4790: loss 0.8294, time 31.41ms, mfu 10.11%
iter 4800: loss 0.8098, time 31.66ms, mfu 10.28%
iter 4810: loss 0.8326, time 31.67ms, mfu 10.43%
iter 4820: loss 0.8106, time 47.37ms, mfu 10.17%
iter 4830: loss 0.8094, time 30.34ms, mfu 10.38%
iter 4840: loss 0.8198, time 31.58ms, mfu 10.52%
iter 4850: loss 0.8037, time 47.77ms, mfu 10.25%
iter 4860: loss 0.8079, time 31.75ms, mfu 10.40%
iter 4870: loss 0.8006, time 35.84ms, mfu 10.40%
iter 4880: loss 0.8173, time 31.64ms, mfu 10.54%
iter 4890: loss 0.7972, time 31.44ms, mfu 10.67%
iter 4900: loss 0.7961, time 47.31ms, mfu 10.39%
iter 4910: loss 0.8222, time 47.61ms, mfu 10.13%
iter 4920: loss 0.8033, time 31.47ms, mfu 10.30%
iter 4930: loss 0.7918, time 31.28ms, mfu 10.46%
iter 4940: loss 0.7929, time 47.15ms, mfu 10.21%
iter 4950: loss 0.8135, time 31.66ms, mfu 10.36%
iter 4960: loss 0.8183, time 46.96ms, mfu 10.12%
iter 4970: loss 0.7675, time 36.27ms, mfu 10.14%
iter 4980: loss 0.7783, time 31.29ms, mfu 10.31%
iter 4990: loss 0.8120, time 31.53ms, mfu 10.46%
step 5000: train loss 0.6095, val loss 1.7142
iter 5000: loss 0.8084, time 4934.76ms, mfu 9.43%
=== D:\hw1\Gengerative-AI\.venv\Scripts\python.exe -u train.py config/hw1_rmsnorm.py
Overriding config with config/hw1_rmsnorm.py:
# HW1 Q4 variant: rmsnorm. Same as train_shakespeare_char.py, one change only.
exec(open('config/train_shakespeare_char.py').read())
out_dir = 'out-hw1-rmsnorm'
compile = False # torch.compile needs triton, which isn't available on Windows/MPS
norm_type = 'rmsnorm'

tokens per iteration will be: 16,384
found vocab_size = 65 (inside data\shakespeare_char\meta.pkl)
Initializing a new model from scratch
number of parameters: 10.65M
D:\hw1\Gengerative-AI\train.py:201: FutureWarning: `torch.cuda.amp.GradScaler(args...)` is deprecated. Please use `torch.amp.GradScaler('cuda', args...)` instead.
  scaler = torch.cuda.amp.GradScaler(enabled=(dtype == 'float16'))
num decayed parameter tensors: 26, with 10,740,096 parameters
num non-decayed parameter tensors: 13, with 4,992 parameters
using fused AdamW: True
step 0: train loss 4.3725, val loss 4.3618
iter 0: loss 4.3396, time 5868.85ms, mfu -100.00%
iter 10: loss 3.1376, time 49.43ms, mfu 7.54%
iter 20: loss 2.7292, time 47.27ms, mfu 7.57%
iter 30: loss 2.6133, time 47.26ms, mfu 7.60%
iter 40: loss 2.5711, time 44.64ms, mfu 7.68%
iter 50: loss 2.5234, time 47.07ms, mfu 7.70%
iter 60: loss 2.5016, time 47.21ms, mfu 7.72%
iter 70: loss 2.4919, time 45.89ms, mfu 7.76%
iter 80: loss 2.4952, time 47.37ms, mfu 7.77%
iter 90: loss 2.4611, time 47.24ms, mfu 7.78%
iter 100: loss 2.4621, time 47.34ms, mfu 7.79%
iter 110: loss 2.4480, time 31.41ms, mfu 8.20%
iter 120: loss 2.4243, time 63.00ms, mfu 7.97%
iter 130: loss 2.4085, time 47.11ms, mfu 7.96%
iter 140: loss 2.3944, time 47.12ms, mfu 7.96%
iter 150: loss 2.4098, time 47.28ms, mfu 7.95%
iter 160: loss 2.3730, time 31.31ms, mfu 8.35%
iter 170: loss 2.3561, time 63.13ms, mfu 8.10%
iter 180: loss 2.3108, time 46.89ms, mfu 8.09%
iter 190: loss 2.2362, time 47.33ms, mfu 8.07%
iter 200: loss 2.2009, time 46.94ms, mfu 8.05%
iter 210: loss 2.1400, time 62.70ms, mfu 7.84%
iter 220: loss 2.1241, time 47.41ms, mfu 7.84%
iter 230: loss 2.0608, time 47.47ms, mfu 7.84%
iter 240: loss 2.0716, time 47.05ms, mfu 7.85%
step 250: train loss 1.9591, val loss 2.0686
saving checkpoint to out-hw1-rmsnorm
iter 250: loss 2.0279, time 5812.37ms, mfu 7.07%
iter 260: loss 1.9723, time 47.28ms, mfu 7.15%
iter 270: loss 1.9769, time 46.94ms, mfu 7.23%
iter 280: loss 1.9745, time 62.72ms, mfu 7.10%
iter 290: loss 1.9097, time 47.04ms, mfu 7.18%
iter 300: loss 1.8963, time 46.96ms, mfu 7.26%
iter 310: loss 1.8628, time 31.29ms, mfu 7.72%
iter 320: loss 1.8463, time 62.87ms, mfu 7.55%
iter 330: loss 1.8170, time 47.05ms, mfu 7.58%
iter 340: loss 1.7896, time 47.63ms, mfu 7.61%
iter 350: loss 1.8207, time 33.31ms, mfu 7.96%
iter 360: loss 1.7702, time 47.34ms, mfu 7.96%
iter 370: loss 1.7389, time 46.95ms, mfu 7.95%
iter 380: loss 1.7297, time 47.35ms, mfu 7.95%
iter 390: loss 1.7348, time 31.28ms, mfu 8.34%
iter 400: loss 1.7661, time 47.38ms, mfu 8.29%
iter 410: loss 1.6909, time 46.95ms, mfu 8.26%
iter 420: loss 1.7147, time 31.35ms, mfu 8.62%
iter 430: loss 1.6888, time 31.32ms, mfu 8.95%
iter 440: loss 1.6597, time 47.10ms, mfu 8.85%
iter 450: loss 1.6552, time 47.01ms, mfu 8.75%
iter 460: loss 1.5949, time 31.54ms, mfu 9.06%
iter 470: loss 1.6583, time 46.99ms, mfu 8.95%
iter 480: loss 1.6163, time 46.97ms, mfu 8.85%
iter 490: loss 1.6076, time 63.11ms, mfu 8.55%
step 500: train loss 1.5332, val loss 1.7456
saving checkpoint to out-hw1-rmsnorm
iter 500: loss 1.6062, time 5836.34ms, mfu 7.70%
iter 510: loss 1.6126, time 31.65ms, mfu 8.11%
iter 520: loss 1.5879, time 47.13ms, mfu 8.09%
iter 530: loss 1.5398, time 47.10ms, mfu 8.07%
iter 540: loss 1.6092, time 32.01ms, mfu 8.43%
iter 550: loss 1.5715, time 63.37ms, mfu 8.17%
iter 560: loss 1.5676, time 47.04ms, mfu 8.15%
iter 570: loss 1.5659, time 47.17ms, mfu 8.12%
iter 580: loss 1.5377, time 31.55ms, mfu 8.49%
iter 590: loss 1.4945, time 46.90ms, mfu 8.44%
iter 600: loss 1.5121, time 31.37ms, mfu 8.78%
iter 610: loss 1.5451, time 47.01ms, mfu 8.70%
iter 620: loss 1.5269, time 47.44ms, mfu 8.61%
iter 630: loss 1.5135, time 31.54ms, mfu 8.93%
iter 640: loss 1.4607, time 47.01ms, mfu 8.83%
iter 650: loss 1.4990, time 47.54ms, mfu 8.73%
iter 660: loss 1.4949, time 62.93ms, mfu 8.45%
iter 670: loss 1.4462, time 49.05ms, mfu 8.37%
iter 680: loss 1.5032, time 46.96ms, mfu 8.32%
iter 690: loss 1.4681, time 31.39ms, mfu 8.68%
iter 700: loss 1.4783, time 47.33ms, mfu 8.60%
iter 710: loss 1.4564, time 46.94ms, mfu 8.53%
iter 720: loss 1.4398, time 31.31ms, mfu 8.87%
iter 730: loss 1.4199, time 47.03ms, mfu 8.77%
iter 740: loss 1.4254, time 31.67ms, mfu 9.07%
step 750: train loss 1.3589, val loss 1.5893
saving checkpoint to out-hw1-rmsnorm
iter 750: loss 1.4220, time 5856.06ms, mfu 8.17%
iter 760: loss 1.4433, time 47.74ms, mfu 8.14%
iter 770: loss 1.4316, time 46.97ms, mfu 8.11%
iter 780: loss 1.4162, time 62.84ms, mfu 7.90%
iter 790: loss 1.4176, time 47.07ms, mfu 7.90%
iter 800: loss 1.4256, time 43.02ms, mfu 7.97%
iter 810: loss 1.3980, time 63.22ms, mfu 7.77%
iter 820: loss 1.4035, time 47.01ms, mfu 7.78%
iter 830: loss 1.3854, time 47.39ms, mfu 7.79%
iter 840: loss 1.3996, time 47.29ms, mfu 7.80%
iter 850: loss 1.3927, time 47.11ms, mfu 7.81%
iter 860: loss 1.3892, time 62.97ms, mfu 7.62%
iter 870: loss 1.3900, time 46.99ms, mfu 7.65%
iter 880: loss 1.3666, time 31.41ms, mfu 8.07%
iter 890: loss 1.3837, time 47.27ms, mfu 8.05%
iter 900: loss 1.3686, time 47.41ms, mfu 8.03%
iter 910: loss 1.3184, time 31.35ms, mfu 8.42%
iter 920: loss 1.3568, time 48.15ms, mfu 8.35%
iter 930: loss 1.3573, time 31.32ms, mfu 8.71%
iter 940: loss 1.3486, time 47.14ms, mfu 8.63%
iter 950: loss 1.3527, time 47.21ms, mfu 8.55%
iter 960: loss 1.3612, time 62.95ms, mfu 8.29%
iter 970: loss 1.3550, time 47.02ms, mfu 8.25%
iter 980: loss 1.3464, time 46.00ms, mfu 8.24%
iter 990: loss 1.3376, time 31.28ms, mfu 8.61%
step 1000: train loss 1.2735, val loss 1.5215
saving checkpoint to out-hw1-rmsnorm
iter 1000: loss 1.3319, time 5850.38ms, mfu 7.75%
iter 1010: loss 1.3298, time 63.53ms, mfu 7.56%
iter 1020: loss 1.3097, time 47.60ms, mfu 7.59%
iter 1030: loss 1.3277, time 47.18ms, mfu 7.62%
iter 1040: loss 1.3550, time 31.38ms, mfu 8.05%
iter 1050: loss 1.2900, time 47.27ms, mfu 8.03%
iter 1060: loss 1.3345, time 43.56ms, mfu 8.08%
iter 1070: loss 1.3306, time 31.57ms, mfu 8.45%
iter 1080: loss 1.3318, time 50.18ms, mfu 8.35%
iter 1090: loss 1.3522, time 63.17ms, mfu 8.11%
iter 1100: loss 1.3100, time 47.24ms, mfu 8.08%
iter 1110: loss 1.2899, time 47.18ms, mfu 8.07%
iter 1120: loss 1.2946, time 62.80ms, mfu 7.85%
iter 1130: loss 1.2912, time 47.59ms, mfu 7.85%
iter 1140: loss 1.3002, time 45.12ms, mfu 7.89%
iter 1150: loss 1.3007, time 31.34ms, mfu 8.29%
iter 1160: loss 1.3182, time 47.00ms, mfu 8.25%
iter 1170: loss 1.2952, time 31.30ms, mfu 8.62%
iter 1180: loss 1.3145, time 47.44ms, mfu 8.54%
iter 1190: loss 1.2638, time 47.60ms, mfu 8.47%
iter 1200: loss 1.2876, time 31.55ms, mfu 8.81%
iter 1210: loss 1.2653, time 47.42ms, mfu 8.71%
iter 1220: loss 1.2987, time 47.17ms, mfu 8.63%
iter 1230: loss 1.2940, time 31.75ms, mfu 8.94%
iter 1240: loss 1.3006, time 47.04ms, mfu 8.84%
step 1250: train loss 1.2021, val loss 1.4951
saving checkpoint to out-hw1-rmsnorm
iter 1250: loss 1.2674, time 5852.16ms, mfu 7.96%
iter 1260: loss 1.2776, time 47.50ms, mfu 7.95%
iter 1270: loss 1.2666, time 63.08ms, mfu 7.74%
iter 1280: loss 1.2582, time 47.55ms, mfu 7.75%
iter 1290: loss 1.2807, time 63.95ms, mfu 7.56%
iter 1300: loss 1.3017, time 47.11ms, mfu 7.60%
iter 1310: loss 1.2330, time 31.69ms, mfu 8.01%
iter 1320: loss 1.3003, time 47.44ms, mfu 8.00%
iter 1330: loss 1.2601, time 47.02ms, mfu 7.99%
iter 1340: loss 1.2969, time 62.16ms, mfu 7.79%
iter 1350: loss 1.2475, time 31.64ms, mfu 8.19%
iter 1360: loss 1.2733, time 47.32ms, mfu 8.16%
iter 1370: loss 1.2507, time 31.40ms, mfu 8.53%
iter 1380: loss 1.2560, time 47.45ms, mfu 8.46%
iter 1390: loss 1.2443, time 47.02ms, mfu 8.41%
iter 1400: loss 1.2581, time 31.84ms, mfu 8.74%
iter 1410: loss 1.2413, time 47.49ms, mfu 8.65%
iter 1420: loss 1.2681, time 47.47ms, mfu 8.57%
iter 1430: loss 1.2376, time 47.48ms, mfu 8.50%
iter 1440: loss 1.2447, time 46.94ms, mfu 8.44%
iter 1450: loss 1.2242, time 47.41ms, mfu 8.38%
iter 1460: loss 1.2358, time 55.42ms, mfu 8.22%
iter 1470: loss 1.2180, time 47.33ms, mfu 8.18%
iter 1480: loss 1.2075, time 41.21ms, mfu 8.27%
iter 1490: loss 1.2276, time 63.38ms, mfu 8.03%
step 1500: train loss 1.1505, val loss 1.4768
saving checkpoint to out-hw1-rmsnorm
iter 1500: loss 1.1913, time 5862.39ms, mfu 7.23%
iter 1510: loss 1.2269, time 47.11ms, mfu 7.30%
iter 1520: loss 1.2236, time 47.00ms, mfu 7.36%
iter 1530: loss 1.2570, time 47.01ms, mfu 7.42%
iter 1540: loss 1.1924, time 45.94ms, mfu 7.49%
iter 1550: loss 1.2235, time 38.36ms, mfu 7.71%
iter 1560: loss 1.2046, time 47.13ms, mfu 7.73%
iter 1570: loss 1.2366, time 40.82ms, mfu 7.87%
iter 1580: loss 1.1982, time 31.47ms, mfu 8.27%
iter 1590: loss 1.1903, time 47.29ms, mfu 8.23%
iter 1600: loss 1.1910, time 41.61ms, mfu 8.30%
iter 1610: loss 1.2311, time 46.89ms, mfu 8.27%
iter 1620: loss 1.1780, time 47.49ms, mfu 8.22%
iter 1630: loss 1.2005, time 55.36ms, mfu 8.07%
iter 1640: loss 1.1972, time 47.22ms, mfu 8.06%
iter 1650: loss 1.1768, time 43.88ms, mfu 8.10%
iter 1660: loss 1.2090, time 46.97ms, mfu 8.08%
iter 1670: loss 1.1924, time 31.52ms, mfu 8.46%
iter 1680: loss 1.2062, time 47.07ms, mfu 8.40%
iter 1690: loss 1.1973, time 63.15ms, mfu 8.15%
iter 1700: loss 1.1828, time 47.45ms, mfu 8.12%
iter 1710: loss 1.1807, time 47.38ms, mfu 8.10%
iter 1720: loss 1.1857, time 31.46ms, mfu 8.47%
iter 1730: loss 1.2020, time 47.22ms, mfu 8.41%
iter 1740: loss 1.1621, time 50.44ms, mfu 8.31%
step 1750: train loss 1.0995, val loss 1.4649
saving checkpoint to out-hw1-rmsnorm
iter 1750: loss 1.1843, time 5856.85ms, mfu 7.49%
iter 1760: loss 1.1788, time 46.99ms, mfu 7.53%
iter 1770: loss 1.1936, time 41.28ms, mfu 7.68%
iter 1780: loss 1.1833, time 55.28ms, mfu 7.59%
iter 1790: loss 1.1900, time 47.16ms, mfu 7.62%
iter 1800: loss 1.1815, time 37.46ms, mfu 7.85%
iter 1810: loss 1.1564, time 47.72ms, mfu 7.85%
iter 1820: loss 1.1722, time 44.80ms, mfu 7.89%
iter 1830: loss 1.1621, time 31.70ms, mfu 8.28%
iter 1840: loss 1.1581, time 47.68ms, mfu 8.23%
iter 1850: loss 1.1549, time 31.76ms, mfu 8.58%
iter 1860: loss 1.1668, time 31.50ms, mfu 8.91%
iter 1870: loss 1.1362, time 49.73ms, mfu 8.77%
iter 1880: loss 1.1748, time 31.57ms, mfu 9.07%
iter 1890: loss 1.1750, time 47.05ms, mfu 8.95%
iter 1900: loss 1.1279, time 47.03ms, mfu 8.85%
iter 1910: loss 1.1626, time 63.55ms, mfu 8.55%
iter 1920: loss 1.1687, time 47.42ms, mfu 8.48%
iter 1930: loss 1.1408, time 47.41ms, mfu 8.42%
iter 1940: loss 1.1220, time 62.97ms, mfu 8.17%
iter 1950: loss 1.1339, time 47.27ms, mfu 8.14%
iter 1960: loss 1.1490, time 62.62ms, mfu 7.92%
iter 1970: loss 1.1507, time 46.82ms, mfu 7.93%
iter 1980: loss 1.1481, time 47.28ms, mfu 7.92%
iter 1990: loss 1.1436, time 63.04ms, mfu 7.72%
step 2000: train loss 1.0529, val loss 1.4728
iter 2000: loss 1.1211, time 5770.32ms, mfu 6.95%
iter 2010: loss 1.1256, time 47.32ms, mfu 7.05%
iter 2020: loss 1.1151, time 63.62ms, mfu 6.93%
iter 2030: loss 1.1465, time 47.18ms, mfu 7.02%
iter 2040: loss 1.1289, time 47.11ms, mfu 7.11%
iter 2050: loss 1.1131, time 33.89ms, mfu 7.50%
iter 2060: loss 1.0962, time 45.10ms, mfu 7.58%
iter 2070: loss 1.1205, time 54.67ms, mfu 7.50%
iter 2080: loss 1.1215, time 47.00ms, mfu 7.54%
iter 2090: loss 1.1299, time 31.73ms, mfu 7.96%
iter 2100: loss 1.1298, time 62.93ms, mfu 7.76%
iter 2110: loss 1.1226, time 47.64ms, mfu 7.77%
iter 2120: loss 1.1189, time 47.11ms, mfu 7.78%
iter 2130: loss 1.1283, time 62.69ms, mfu 7.60%
iter 2140: loss 1.1282, time 46.93ms, mfu 7.63%
iter 2150: loss 1.1151, time 47.40ms, mfu 7.65%
iter 2160: loss 1.1408, time 47.17ms, mfu 7.68%
iter 2170: loss 1.1252, time 31.27ms, mfu 8.10%
iter 2180: loss 1.1053, time 47.05ms, mfu 8.08%
iter 2190: loss 1.1083, time 53.10ms, mfu 7.98%
iter 2200: loss 1.1167, time 47.42ms, mfu 7.97%
iter 2210: loss 1.1051, time 31.38ms, mfu 8.36%
iter 2220: loss 1.1097, time 47.36ms, mfu 8.31%
iter 2230: loss 1.1109, time 55.75ms, mfu 8.15%
iter 2240: loss 1.1262, time 47.09ms, mfu 8.12%
step 2250: train loss 1.0036, val loss 1.4805
iter 2250: loss 1.0978, time 5767.51ms, mfu 7.32%
iter 2260: loss 1.1056, time 46.96ms, mfu 7.38%
iter 2270: loss 1.1265, time 46.96ms, mfu 7.43%
iter 2280: loss 1.0869, time 47.37ms, mfu 7.48%
iter 2290: loss 1.1415, time 46.94ms, mfu 7.52%
iter 2300: loss 1.1146, time 47.45ms, mfu 7.56%
iter 2310: loss 1.0885, time 31.54ms, mfu 7.98%
iter 2320: loss 1.0868, time 45.43ms, mfu 8.00%
iter 2330: loss 1.0917, time 63.13ms, mfu 7.79%
iter 2340: loss 1.1115, time 47.40ms, mfu 7.80%
iter 2350: loss 1.1035, time 60.73ms, mfu 7.63%
iter 2360: loss 1.0978, time 46.93ms, mfu 7.66%
iter 2370: loss 1.0774, time 60.67ms, mfu 7.51%
iter 2380: loss 1.0688, time 46.94ms, mfu 7.55%
iter 2390: loss 1.0720, time 31.34ms, mfu 7.99%
iter 2400: loss 1.0694, time 46.94ms, mfu 7.98%
iter 2410: loss 1.0701, time 46.97ms, mfu 7.98%
iter 2420: loss 1.0682, time 63.01ms, mfu 7.77%
iter 2430: loss 1.0433, time 46.96ms, mfu 7.79%
iter 2440: loss 1.0434, time 31.33ms, mfu 8.20%
iter 2450: loss 1.0652, time 46.98ms, mfu 8.17%
iter 2460: loss 1.0722, time 47.14ms, mfu 8.15%
iter 2470: loss 1.0812, time 47.19ms, mfu 8.12%
iter 2480: loss 1.0803, time 46.94ms, mfu 8.10%
iter 2490: loss 1.0492, time 47.09ms, mfu 8.08%
step 2500: train loss 0.9526, val loss 1.4880
iter 2500: loss 1.0731, time 5772.81ms, mfu 7.28%
iter 2510: loss 1.0674, time 47.23ms, mfu 7.34%
iter 2520: loss 1.0433, time 31.33ms, mfu 7.80%
iter 2530: loss 1.0491, time 47.01ms, mfu 7.81%
iter 2540: loss 1.0457, time 31.36ms, mfu 8.22%
iter 2550: loss 1.0681, time 47.15ms, mfu 8.19%
iter 2560: loss 1.0469, time 62.93ms, mfu 7.96%
iter 2570: loss 1.0676, time 47.27ms, mfu 7.95%
iter 2580: loss 1.0716, time 46.97ms, mfu 7.95%
iter 2590: loss 1.0575, time 31.53ms, mfu 8.34%
iter 2600: loss 1.0637, time 47.08ms, mfu 8.30%
iter 2610: loss 1.0363, time 31.46ms, mfu 8.65%
iter 2620: loss 1.0334, time 46.97ms, mfu 8.58%
iter 2630: loss 1.0151, time 31.45ms, mfu 8.91%
iter 2640: loss 1.0389, time 46.99ms, mfu 8.81%
iter 2650: loss 1.0528, time 31.40ms, mfu 9.11%
iter 2660: loss 1.0365, time 47.18ms, mfu 8.99%
iter 2670: loss 1.0156, time 47.33ms, mfu 8.88%
iter 2680: loss 1.0440, time 31.59ms, mfu 9.17%
iter 2690: loss 1.0403, time 46.98ms, mfu 9.05%
iter 2700: loss 1.0257, time 63.95ms, mfu 8.73%
iter 2710: loss 1.0360, time 46.96ms, mfu 8.65%
iter 2720: loss 1.0318, time 47.42ms, mfu 8.57%
iter 2730: loss 1.0489, time 47.07ms, mfu 8.50%
iter 2740: loss 1.0149, time 47.08ms, mfu 8.44%
step 2750: train loss 0.9061, val loss 1.5030
iter 2750: loss 1.0348, time 5761.60ms, mfu 7.61%
iter 2760: loss 1.0211, time 47.04ms, mfu 7.64%
iter 2770: loss 1.0133, time 62.71ms, mfu 7.47%
iter 2780: loss 1.0152, time 45.39ms, mfu 7.54%
iter 2790: loss 1.0324, time 42.30ms, mfu 7.67%
iter 2800: loss 1.0017, time 47.07ms, mfu 7.69%
iter 2810: loss 1.0261, time 33.44ms, mfu 8.04%
iter 2820: loss 1.0114, time 47.17ms, mfu 8.02%
iter 2830: loss 1.0284, time 29.39ms, mfu 8.49%
iter 2840: loss 0.9861, time 47.27ms, mfu 8.43%
iter 2850: loss 1.0178, time 47.18ms, mfu 8.38%
iter 2860: loss 1.0120, time 47.07ms, mfu 8.33%
iter 2870: loss 0.9955, time 46.06ms, mfu 8.31%
iter 2880: loss 1.0229, time 31.29ms, mfu 8.67%
iter 2890: loss 0.9992, time 47.04ms, mfu 8.59%
iter 2900: loss 0.9831, time 63.03ms, mfu 8.32%
iter 2910: loss 1.0352, time 47.07ms, mfu 8.28%
iter 2920: loss 1.0047, time 62.63ms, mfu 8.05%
iter 2930: loss 0.9816, time 47.02ms, mfu 8.04%
iter 2940: loss 0.9787, time 31.30ms, mfu 8.42%
iter 2950: loss 1.0181, time 47.01ms, mfu 8.37%
iter 2960: loss 0.9936, time 31.49ms, mfu 8.72%
iter 2970: loss 0.9822, time 47.05ms, mfu 8.64%
iter 2980: loss 0.9890, time 31.39ms, mfu 8.96%
iter 2990: loss 0.9775, time 47.39ms, mfu 8.85%
step 3000: train loss 0.8580, val loss 1.5176
iter 3000: loss 0.9832, time 5778.16ms, mfu 7.97%
iter 3010: loss 0.9916, time 46.97ms, mfu 7.97%
iter 3020: loss 0.9916, time 31.41ms, mfu 8.36%
iter 3030: loss 0.9931, time 47.16ms, mfu 8.31%
iter 3040: loss 1.0201, time 63.19ms, mfu 8.07%
iter 3050: loss 0.9693, time 47.10ms, mfu 8.06%
iter 3060: loss 0.9939, time 47.43ms, mfu 8.04%
iter 3070: loss 1.0106, time 63.00ms, mfu 7.82%
iter 3080: loss 0.9884, time 47.06ms, mfu 7.83%
iter 3090: loss 0.9722, time 62.94ms, mfu 7.64%
iter 3100: loss 0.9840, time 47.01ms, mfu 7.67%
iter 3110: loss 0.9665, time 35.23ms, mfu 7.96%
iter 3120: loss 0.9807, time 47.46ms, mfu 7.95%
iter 3130: loss 0.9670, time 31.31ms, mfu 8.35%
iter 3140: loss 0.9623, time 47.43ms, mfu 8.30%
iter 3150: loss 0.9802, time 31.44ms, mfu 8.65%
iter 3160: loss 1.0050, time 44.88ms, mfu 8.62%
iter 3170: loss 0.9502, time 62.96ms, mfu 8.35%
iter 3180: loss 0.9661, time 47.03ms, mfu 8.30%
iter 3190: loss 0.9932, time 47.07ms, mfu 8.27%
iter 3200: loss 0.9536, time 47.08ms, mfu 8.23%
iter 3210: loss 0.9558, time 47.78ms, mfu 8.19%
iter 3220: loss 0.9488, time 62.79ms, mfu 7.96%
iter 3230: loss 0.9443, time 46.94ms, mfu 7.96%
iter 3240: loss 0.9557, time 62.69ms, mfu 7.76%
step 3250: train loss 0.8137, val loss 1.5607
iter 3250: loss 0.9631, time 5776.47ms, mfu 6.99%
iter 3260: loss 0.9582, time 63.26ms, mfu 6.88%
iter 3270: loss 0.9633, time 47.69ms, mfu 6.97%
iter 3280: loss 0.9435, time 62.93ms, mfu 6.87%
iter 3290: loss 0.9365, time 47.03ms, mfu 6.97%
iter 3300: loss 0.9304, time 31.35ms, mfu 7.46%
iter 3310: loss 0.9372, time 47.26ms, mfu 7.51%
iter 3320: loss 0.9601, time 47.29ms, mfu 7.54%
iter 3330: loss 0.9531, time 47.12ms, mfu 7.58%
iter 3340: loss 0.9424, time 31.33ms, mfu 8.01%
iter 3350: loss 0.9515, time 47.08ms, mfu 8.00%
iter 3360: loss 0.9262, time 62.91ms, mfu 7.79%
iter 3370: loss 0.9483, time 47.25ms, mfu 7.80%
iter 3380: loss 0.9390, time 32.40ms, mfu 8.17%
iter 3390: loss 0.9347, time 43.21ms, mfu 8.22%
iter 3400: loss 0.9457, time 31.35ms, mfu 8.58%
iter 3410: loss 0.9322, time 47.04ms, mfu 8.52%
iter 3420: loss 0.9365, time 63.18ms, mfu 8.26%
iter 3430: loss 0.9431, time 47.30ms, mfu 8.22%
iter 3440: loss 0.9659, time 46.94ms, mfu 8.19%
iter 3450: loss 0.9336, time 31.46ms, mfu 8.56%
iter 3460: loss 0.9354, time 47.17ms, mfu 8.49%
iter 3470: loss 0.9306, time 47.10ms, mfu 8.43%
iter 3480: loss 0.9385, time 47.35ms, mfu 8.38%
iter 3490: loss 0.9089, time 31.58ms, mfu 8.72%
step 3500: train loss 0.7703, val loss 1.5713
iter 3500: loss 0.8994, time 5767.75ms, mfu 7.85%
iter 3510: loss 0.9035, time 31.34ms, mfu 8.26%
iter 3520: loss 0.9207, time 47.23ms, mfu 8.22%
iter 3530: loss 0.9332, time 31.52ms, mfu 8.58%
iter 3540: loss 0.9223, time 47.49ms, mfu 8.51%
iter 3550: loss 0.9221, time 63.16ms, mfu 8.25%
iter 3560: loss 0.9427, time 51.51ms, mfu 8.14%
iter 3570: loss 0.9158, time 52.92ms, mfu 8.03%
iter 3580: loss 0.9113, time 50.79ms, mfu 7.96%
iter 3590: loss 0.9159, time 62.90ms, mfu 7.76%
iter 3600: loss 0.9121, time 47.21ms, mfu 7.77%
iter 3610: loss 0.9074, time 31.80ms, mfu 8.17%
iter 3620: loss 0.8978, time 45.29ms, mfu 8.17%
iter 3630: loss 0.9201, time 63.13ms, mfu 7.95%
iter 3640: loss 0.9065, time 47.41ms, mfu 7.94%
iter 3650: loss 0.8937, time 46.99ms, mfu 7.94%
iter 3660: loss 0.9319, time 31.61ms, mfu 8.32%
iter 3670: loss 0.9234, time 47.77ms, mfu 8.27%
iter 3680: loss 0.9004, time 31.50ms, mfu 8.63%
iter 3690: loss 0.9302, time 47.03ms, mfu 8.56%
iter 3700: loss 0.8594, time 47.38ms, mfu 8.49%
iter 3710: loss 0.8756, time 62.95ms, mfu 8.23%
iter 3720: loss 0.8912, time 47.18ms, mfu 8.20%
iter 3730: loss 0.8971, time 62.67ms, mfu 7.97%
iter 3740: loss 0.9020, time 47.11ms, mfu 7.97%
step 3750: train loss 0.7311, val loss 1.5982
iter 3750: loss 0.8905, time 5777.70ms, mfu 7.18%
iter 3760: loss 0.9260, time 31.44ms, mfu 7.64%
iter 3770: loss 0.9242, time 47.36ms, mfu 7.67%
iter 3780: loss 0.9139, time 62.76ms, mfu 7.49%
iter 3790: loss 0.8882, time 47.39ms, mfu 7.53%
iter 3800: loss 0.9039, time 56.93ms, mfu 7.43%
iter 3810: loss 0.9199, time 47.33ms, mfu 7.48%
iter 3820: loss 0.8763, time 63.11ms, mfu 7.32%
iter 3830: loss 0.8872, time 49.36ms, mfu 7.34%
iter 3840: loss 0.8823, time 37.97ms, mfu 7.59%
iter 3850: loss 0.8828, time 47.20ms, mfu 7.62%
iter 3860: loss 0.8618, time 47.29ms, mfu 7.65%
iter 3870: loss 0.8830, time 31.33ms, mfu 8.07%
iter 3880: loss 0.8783, time 47.02ms, mfu 8.06%
iter 3890: loss 0.8818, time 31.51ms, mfu 8.43%
iter 3900: loss 0.8869, time 47.04ms, mfu 8.38%
iter 3910: loss 0.8767, time 62.68ms, mfu 8.14%
iter 3920: loss 0.8675, time 47.49ms, mfu 8.11%
iter 3930: loss 0.8855, time 31.50ms, mfu 8.48%
iter 3940: loss 0.8744, time 46.98ms, mfu 8.43%
iter 3950: loss 0.8791, time 31.71ms, mfu 8.76%
iter 3960: loss 0.8950, time 47.00ms, mfu 8.68%
iter 3970: loss 0.8862, time 31.70ms, mfu 8.98%
iter 3980: loss 0.8873, time 46.98ms, mfu 8.88%
iter 3990: loss 0.8593, time 31.95ms, mfu 9.16%
step 4000: train loss 0.6975, val loss 1.6200
iter 4000: loss 0.8578, time 5760.48ms, mfu 8.25%
iter 4010: loss 0.8718, time 63.44ms, mfu 8.01%
iter 4020: loss 0.8782, time 47.20ms, mfu 8.00%
iter 4030: loss 0.8742, time 31.28ms, mfu 8.39%
iter 4040: loss 0.8682, time 46.99ms, mfu 8.34%
iter 4050: loss 0.8579, time 31.58ms, mfu 8.69%
iter 4060: loss 0.8537, time 47.14ms, mfu 8.61%
iter 4070: loss 0.8482, time 47.32ms, mfu 8.54%
iter 4080: loss 0.8737, time 47.00ms, mfu 8.48%
iter 4090: loss 0.8447, time 46.99ms, mfu 8.42%
iter 4100: loss 0.8882, time 47.22ms, mfu 8.37%
iter 4110: loss 0.8608, time 63.38ms, mfu 8.12%
iter 4120: loss 0.8721, time 49.43ms, mfu 8.06%
iter 4130: loss 0.8472, time 31.29ms, mfu 8.45%
iter 4140: loss 0.8717, time 47.09ms, mfu 8.39%
iter 4150: loss 0.8580, time 31.36ms, mfu 8.74%
iter 4160: loss 0.8547, time 47.02ms, mfu 8.66%
iter 4170: loss 0.8664, time 31.28ms, mfu 8.99%
iter 4180: loss 0.8539, time 47.96ms, mfu 8.86%
iter 4190: loss 0.8609, time 63.01ms, mfu 8.57%
iter 4200: loss 0.8406, time 46.94ms, mfu 8.51%
iter 4210: loss 0.8659, time 31.46ms, mfu 8.84%
iter 4220: loss 0.8519, time 46.98ms, mfu 8.75%
iter 4230: loss 0.8757, time 31.29ms, mfu 9.06%
iter 4240: loss 0.8536, time 47.17ms, mfu 8.95%
step 4250: train loss 0.6673, val loss 1.6417
iter 4250: loss 0.8628, time 5775.82ms, mfu 8.06%
iter 4260: loss 0.8565, time 47.03ms, mfu 8.05%
iter 4270: loss 0.8521, time 47.36ms, mfu 8.03%
iter 4280: loss 0.8417, time 46.96ms, mfu 8.02%
iter 4290: loss 0.8238, time 47.16ms, mfu 8.01%
iter 4300: loss 0.8211, time 47.43ms, mfu 7.99%
iter 4310: loss 0.8433, time 47.43ms, mfu 7.98%
iter 4320: loss 0.8307, time 47.13ms, mfu 7.97%
iter 4330: loss 0.8485, time 47.42ms, mfu 7.96%
iter 4340: loss 0.8154, time 46.95ms, mfu 7.96%
iter 4350: loss 0.8310, time 47.24ms, mfu 7.95%
iter 4360: loss 0.8495, time 47.93ms, mfu 7.93%
iter 4370: loss 0.8432, time 46.90ms, mfu 7.93%
iter 4380: loss 0.8267, time 31.51ms, mfu 8.32%
iter 4390: loss 0.8603, time 47.14ms, mfu 8.28%
iter 4400: loss 0.8264, time 63.15ms, mfu 8.04%
iter 4410: loss 0.8539, time 47.08ms, mfu 8.03%
iter 4420: loss 0.8413, time 31.31ms, mfu 8.42%
iter 4430: loss 0.8337, time 47.60ms, mfu 8.36%
iter 4440: loss 0.8319, time 31.55ms, mfu 8.70%
iter 4450: loss 0.8341, time 47.34ms, mfu 8.62%
iter 4460: loss 0.8195, time 31.28ms, mfu 8.95%
iter 4470: loss 0.8444, time 47.05ms, mfu 8.85%
iter 4480: loss 0.8144, time 63.34ms, mfu 8.55%
iter 4490: loss 0.8381, time 46.99ms, mfu 8.49%
step 4500: train loss 0.6404, val loss 1.6676
iter 4500: loss 0.8461, time 5752.97ms, mfu 7.65%
iter 4510: loss 0.8460, time 62.63ms, mfu 7.48%
iter 4520: loss 0.8301, time 46.94ms, mfu 7.52%
iter 4530: loss 0.8361, time 31.66ms, mfu 7.95%
iter 4540: loss 0.8376, time 47.06ms, mfu 7.94%
iter 4550: loss 0.8634, time 42.24ms, mfu 8.03%
iter 4560: loss 0.8231, time 46.92ms, mfu 8.02%
iter 4570: loss 0.8339, time 63.28ms, mfu 7.81%
iter 4580: loss 0.8469, time 47.02ms, mfu 7.82%
iter 4590: loss 0.8567, time 62.85ms, mfu 7.63%
iter 4600: loss 0.8108, time 47.30ms, mfu 7.66%
iter 4610: loss 0.8599, time 31.76ms, mfu 8.06%
iter 4620: loss 0.8216, time 47.04ms, mfu 8.05%
iter 4630: loss 0.8102, time 31.62ms, mfu 8.42%
iter 4640: loss 0.8303, time 47.50ms, mfu 8.37%
iter 4650: loss 0.8593, time 31.36ms, mfu 8.72%
iter 4660: loss 0.8318, time 47.29ms, mfu 8.63%
iter 4670: loss 0.8298, time 47.32ms, mfu 8.56%
iter 4680: loss 0.8480, time 47.09ms, mfu 8.49%
iter 4690: loss 0.8267, time 48.06ms, mfu 8.42%
iter 4700: loss 0.8184, time 63.15ms, mfu 8.17%
iter 4710: loss 0.7762, time 47.51ms, mfu 8.14%
iter 4720: loss 0.8229, time 63.02ms, mfu 7.91%
iter 4730: loss 0.8178, time 47.35ms, mfu 7.91%
iter 4740: loss 0.8276, time 31.68ms, mfu 8.29%
step 4750: train loss 0.6239, val loss 1.6777
iter 4750: loss 0.7968, time 5776.96ms, mfu 7.47%
iter 4760: loss 0.8044, time 31.32ms, mfu 7.91%
iter 4770: loss 0.7899, time 47.44ms, mfu 7.91%
iter 4780: loss 0.8039, time 47.03ms, mfu 7.91%
iter 4790: loss 0.8199, time 47.00ms, mfu 7.91%
iter 4800: loss 0.8198, time 48.25ms, mfu 7.89%
iter 4810: loss 0.8343, time 47.24ms, mfu 7.89%
iter 4820: loss 0.8119, time 47.05ms, mfu 7.89%
iter 4830: loss 0.8174, time 47.05ms, mfu 7.90%
iter 4840: loss 0.8224, time 31.40ms, mfu 8.29%
iter 4850: loss 0.8194, time 47.30ms, mfu 8.25%
iter 4860: loss 0.8090, time 31.59ms, mfu 8.61%
iter 4870: loss 0.7874, time 47.28ms, mfu 8.53%
iter 4880: loss 0.8215, time 62.01ms, mfu 8.28%
iter 4890: loss 0.8009, time 47.04ms, mfu 8.25%
iter 4900: loss 0.8017, time 62.81ms, mfu 8.01%
iter 4910: loss 0.8239, time 46.95ms, mfu 8.01%
iter 4920: loss 0.8137, time 60.72ms, mfu 7.82%
iter 4930: loss 0.7865, time 47.17ms, mfu 7.83%
iter 4940: loss 0.7852, time 63.24ms, mfu 7.63%
iter 4950: loss 0.8122, time 47.31ms, mfu 7.66%
iter 4960: loss 0.8193, time 63.39ms, mfu 7.48%
iter 4970: loss 0.7778, time 46.95ms, mfu 7.53%
iter 4980: loss 0.7855, time 47.47ms, mfu 7.56%
iter 4990: loss 0.8122, time 46.95ms, mfu 7.60%
step 5000: train loss 0.6093, val loss 1.6998
iter 5000: loss 0.8079, time 5892.05ms, mfu 6.84%
=== D:\hw1\Gengerative-AI\.venv\Scripts\python.exe -u train.py config/hw1_swiglu.py
Overriding config with config/hw1_swiglu.py:
# HW1 Q4 variant: swiglu. Same as train_shakespeare_char.py, one change only.
exec(open('config/train_shakespeare_char.py').read())
out_dir = 'out-hw1-swiglu'
compile = False # torch.compile needs triton, which isn't available on Windows/MPS
mlp_type = 'swiglu'

tokens per iteration will be: 16,384
found vocab_size = 65 (inside data\shakespeare_char\meta.pkl)
Initializing a new model from scratch
number of parameters: 10.65M
D:\hw1\Gengerative-AI\train.py:201: FutureWarning: `torch.cuda.amp.GradScaler(args...)` is deprecated. Please use `torch.amp.GradScaler('cuda', args...)` instead.
  scaler = torch.cuda.amp.GradScaler(enabled=(dtype == 'float16'))
num decayed parameter tensors: 26, with 10,740,096 parameters
num non-decayed parameter tensors: 13, with 4,992 parameters
using fused AdamW: True
step 0: train loss 4.2883, val loss 4.2923
iter 0: loss 4.2721, time 5257.94ms, mfu -100.00%
iter 10: loss 3.3601, time 31.42ms, mfu 11.86%
iter 20: loss 2.8823, time 48.56ms, mfu 11.44%
iter 30: loss 2.6152, time 34.24ms, mfu 11.38%
iter 40: loss 2.5404, time 47.14ms, mfu 11.04%
iter 50: loss 2.5096, time 45.23ms, mfu 10.76%
iter 60: loss 2.4848, time 31.45ms, mfu 10.87%
iter 70: loss 2.4588, time 31.34ms, mfu 10.97%
iter 80: loss 2.4455, time 47.11ms, mfu 10.66%
iter 90: loss 2.4470, time 31.28ms, mfu 10.79%
iter 100: loss 2.4168, time 47.41ms, mfu 10.49%
iter 110: loss 2.3789, time 31.84ms, mfu 10.62%
iter 120: loss 2.3873, time 47.38ms, mfu 10.34%
iter 130: loss 2.3833, time 46.96ms, mfu 10.10%
iter 140: loss 2.3418, time 31.31ms, mfu 10.28%
iter 150: loss 2.3218, time 46.99ms, mfu 10.04%
iter 160: loss 2.3285, time 31.47ms, mfu 10.22%
iter 170: loss 2.2811, time 47.29ms, mfu 9.99%
iter 180: loss 2.2369, time 31.44ms, mfu 10.18%
iter 190: loss 2.2138, time 31.32ms, mfu 10.35%
iter 200: loss 2.1364, time 46.92ms, mfu 10.11%
iter 210: loss 2.0720, time 31.39ms, mfu 10.28%
iter 220: loss 2.0237, time 31.97ms, mfu 10.42%
iter 230: loss 1.9423, time 47.12ms, mfu 10.17%
iter 240: loss 1.9154, time 31.49ms, mfu 10.34%
step 250: train loss 1.8149, val loss 1.9539
saving checkpoint to out-hw1-swiglu
iter 250: loss 1.8859, time 5316.05ms, mfu 9.31%
iter 260: loss 1.8598, time 31.37ms, mfu 9.57%
iter 270: loss 1.7977, time 31.35ms, mfu 9.80%
iter 280: loss 1.7855, time 47.32ms, mfu 9.61%
iter 290: loss 1.7704, time 30.17ms, mfu 9.88%
iter 300: loss 1.7541, time 47.55ms, mfu 9.68%
iter 310: loss 1.7233, time 31.52ms, mfu 9.89%
iter 320: loss 1.6978, time 47.83ms, mfu 9.68%
iter 330: loss 1.6730, time 31.29ms, mfu 9.90%
iter 340: loss 1.6796, time 33.89ms, mfu 10.01%
iter 350: loss 1.6135, time 47.57ms, mfu 9.79%
iter 360: loss 1.5964, time 31.38ms, mfu 10.00%
iter 370: loss 1.6103, time 47.83ms, mfu 9.78%
iter 380: loss 1.6056, time 31.45ms, mfu 9.99%
iter 390: loss 1.5908, time 47.72ms, mfu 9.77%
iter 400: loss 1.5817, time 49.20ms, mfu 9.55%
iter 410: loss 1.5975, time 47.31ms, mfu 9.38%
iter 420: loss 1.5301, time 36.51ms, mfu 9.47%
iter 430: loss 1.5394, time 47.35ms, mfu 9.31%
iter 440: loss 1.5418, time 47.37ms, mfu 9.16%
iter 450: loss 1.5474, time 33.31ms, mfu 9.36%
iter 460: loss 1.4911, time 46.05ms, mfu 9.24%
iter 470: loss 1.5350, time 33.70ms, mfu 9.42%
iter 480: loss 1.5232, time 43.87ms, mfu 9.33%
iter 490: loss 1.4965, time 47.48ms, mfu 9.18%
step 500: train loss 1.4105, val loss 1.6147
saving checkpoint to out-hw1-swiglu
iter 500: loss 1.4903, time 5290.78ms, mfu 8.27%
iter 510: loss 1.4971, time 34.04ms, mfu 8.54%
iter 520: loss 1.5122, time 45.11ms, mfu 8.51%
iter 530: loss 1.4804, time 47.39ms, mfu 8.44%
iter 540: loss 1.4546, time 47.01ms, mfu 8.39%
iter 550: loss 1.4852, time 31.44ms, mfu 8.74%
iter 560: loss 1.4257, time 45.04ms, mfu 8.69%
iter 570: loss 1.4352, time 47.04ms, mfu 8.61%
iter 580: loss 1.4100, time 31.32ms, mfu 8.94%
iter 590: loss 1.4564, time 32.11ms, mfu 9.21%
iter 600: loss 1.4036, time 33.42ms, mfu 9.40%
iter 610: loss 1.4221, time 31.37ms, mfu 9.65%
iter 620: loss 1.3981, time 44.05ms, mfu 9.53%
iter 630: loss 1.4224, time 47.54ms, mfu 9.36%
iter 640: loss 1.4200, time 31.83ms, mfu 9.60%
iter 650: loss 1.3978, time 44.97ms, mfu 9.47%
iter 660: loss 1.4175, time 33.95ms, mfu 9.62%
iter 670: loss 1.4027, time 31.68ms, mfu 9.83%
iter 680: loss 1.3819, time 47.21ms, mfu 9.64%
iter 690: loss 1.3749, time 47.72ms, mfu 9.45%
iter 700: loss 1.3670, time 31.53ms, mfu 9.69%
iter 710: loss 1.3419, time 31.94ms, mfu 9.89%
iter 720: loss 1.3653, time 47.51ms, mfu 9.68%
iter 730: loss 1.3547, time 31.39ms, mfu 9.90%
iter 740: loss 1.3544, time 47.23ms, mfu 9.70%
step 750: train loss 1.2877, val loss 1.5419
saving checkpoint to out-hw1-swiglu
iter 750: loss 1.3546, time 5299.09ms, mfu 8.74%
iter 760: loss 1.3513, time 47.08ms, mfu 8.66%
iter 770: loss 1.3555, time 47.34ms, mfu 8.58%
iter 780: loss 1.3443, time 30.32ms, mfu 8.95%
iter 790: loss 1.3401, time 47.72ms, mfu 8.83%
iter 800: loss 1.3625, time 47.97ms, mfu 8.73%
iter 810: loss 1.3210, time 31.33ms, mfu 9.04%
iter 820: loss 1.3051, time 47.34ms, mfu 8.93%
iter 830: loss 1.3056, time 31.26ms, mfu 9.23%
iter 840: loss 1.3342, time 31.84ms, mfu 9.47%
iter 850: loss 1.3251, time 47.39ms, mfu 9.31%
iter 860: loss 1.3047, time 31.40ms, mfu 9.57%
iter 870: loss 1.3279, time 46.95ms, mfu 9.40%
iter 880: loss 1.2914, time 31.55ms, mfu 9.65%
iter 890: loss 1.3183, time 31.57ms, mfu 9.86%
iter 900: loss 1.2755, time 47.05ms, mfu 9.67%
iter 910: loss 1.2712, time 48.18ms, mfu 9.47%
iter 920: loss 1.3094, time 47.70ms, mfu 9.31%
iter 930: loss 1.2687, time 45.54ms, mfu 9.19%
iter 940: loss 1.2958, time 47.93ms, mfu 9.05%
iter 950: loss 1.3190, time 32.08ms, mfu 9.31%
iter 960: loss 1.2740, time 31.39ms, mfu 9.57%
iter 970: loss 1.2925, time 47.68ms, mfu 9.39%
iter 980: loss 1.2745, time 31.17ms, mfu 9.65%
iter 990: loss 1.2671, time 47.64ms, mfu 9.46%
step 1000: train loss 1.2169, val loss 1.5100
saving checkpoint to out-hw1-swiglu
iter 1000: loss 1.2736, time 5310.44ms, mfu 8.52%
iter 1010: loss 1.2832, time 31.54ms, mfu 8.85%
iter 1020: loss 1.2243, time 47.65ms, mfu 8.75%
iter 1030: loss 1.2741, time 31.50ms, mfu 9.06%
iter 1040: loss 1.2585, time 31.86ms, mfu 9.32%
iter 1050: loss 1.2727, time 47.08ms, mfu 9.18%
iter 1060: loss 1.2387, time 47.51ms, mfu 9.05%
iter 1070: loss 1.2611, time 31.47ms, mfu 9.33%
iter 1080: loss 1.2433, time 47.66ms, mfu 9.18%
iter 1090: loss 1.2681, time 47.61ms, mfu 9.04%
iter 1100: loss 1.2612, time 31.52ms, mfu 9.32%
iter 1110: loss 1.2580, time 47.64ms, mfu 9.17%
iter 1120: loss 1.2341, time 47.11ms, mfu 9.04%
iter 1130: loss 1.2649, time 31.59ms, mfu 9.32%
iter 1140: loss 1.2323, time 47.97ms, mfu 9.16%
iter 1150: loss 1.2990, time 47.30ms, mfu 9.03%
iter 1160: loss 1.2674, time 31.62ms, mfu 9.31%
iter 1170: loss 1.2746, time 31.68ms, mfu 9.56%
iter 1180: loss 1.2567, time 47.73ms, mfu 9.38%
iter 1190: loss 1.2518, time 33.57ms, mfu 9.55%
iter 1200: loss 1.2330, time 31.58ms, mfu 9.78%
iter 1210: loss 1.2287, time 31.84ms, mfu 9.97%
iter 1220: loss 1.2097, time 47.12ms, mfu 9.76%
iter 1230: loss 1.2299, time 31.36ms, mfu 9.98%
iter 1240: loss 1.2434, time 31.65ms, mfu 10.16%
step 1250: train loss 1.1487, val loss 1.4930
saving checkpoint to out-hw1-swiglu
iter 1250: loss 1.2276, time 5283.41ms, mfu 9.15%
iter 1260: loss 1.2256, time 31.77ms, mfu 9.40%
iter 1270: loss 1.2342, time 31.72ms, mfu 9.64%
iter 1280: loss 1.2170, time 47.31ms, mfu 9.46%
iter 1290: loss 1.2260, time 47.56ms, mfu 9.30%
iter 1300: loss 1.2098, time 47.70ms, mfu 9.15%
iter 1310: loss 1.2426, time 31.52ms, mfu 9.42%
iter 1320: loss 1.2440, time 47.68ms, mfu 9.26%
iter 1330: loss 1.2263, time 46.97ms, mfu 9.13%
iter 1340: loss 1.1762, time 31.79ms, mfu 9.39%
iter 1350: loss 1.2227, time 47.12ms, mfu 9.24%
iter 1360: loss 1.2282, time 47.40ms, mfu 9.10%
iter 1370: loss 1.1895, time 30.96ms, mfu 9.39%
iter 1380: loss 1.2197, time 47.40ms, mfu 9.24%
iter 1390: loss 1.2138, time 31.92ms, mfu 9.48%
iter 1400: loss 1.1748, time 46.95ms, mfu 9.33%
iter 1410: loss 1.2127, time 47.52ms, mfu 9.18%
iter 1420: loss 1.1890, time 31.30ms, mfu 9.45%
iter 1430: loss 1.1628, time 47.17ms, mfu 9.30%
iter 1440: loss 1.1706, time 33.67ms, mfu 9.47%
iter 1450: loss 1.2036, time 47.18ms, mfu 9.32%
iter 1460: loss 1.1561, time 47.39ms, mfu 9.17%
iter 1470: loss 1.1613, time 31.69ms, mfu 9.43%
iter 1480: loss 1.2071, time 47.33ms, mfu 9.27%
iter 1490: loss 1.1667, time 31.37ms, mfu 9.53%
step 1500: train loss 1.0930, val loss 1.4957
iter 1500: loss 1.1495, time 5196.25ms, mfu 8.59%
iter 1510: loss 1.1515, time 46.98ms, mfu 8.52%
iter 1520: loss 1.1641, time 31.53ms, mfu 8.85%
iter 1530: loss 1.1769, time 31.88ms, mfu 9.14%
iter 1540: loss 1.1903, time 47.23ms, mfu 9.01%
iter 1550: loss 1.1568, time 31.52ms, mfu 9.29%
iter 1560: loss 1.1613, time 47.39ms, mfu 9.15%
iter 1570: loss 1.1364, time 47.00ms, mfu 9.03%
iter 1580: loss 1.1435, time 30.97ms, mfu 9.33%
iter 1590: loss 1.1645, time 47.09ms, mfu 9.19%
iter 1600: loss 1.1319, time 47.57ms, mfu 9.05%
iter 1610: loss 1.1550, time 31.52ms, mfu 9.33%
iter 1620: loss 1.1729, time 46.10ms, mfu 9.20%
iter 1630: loss 1.1381, time 31.43ms, mfu 9.47%
iter 1640: loss 1.1692, time 31.95ms, mfu 9.69%
iter 1650: loss 1.1485, time 47.27ms, mfu 9.51%
iter 1660: loss 1.1351, time 31.44ms, mfu 9.74%
iter 1670: loss 1.1490, time 31.46ms, mfu 9.95%
iter 1680: loss 1.1312, time 47.33ms, mfu 9.74%
iter 1690: loss 1.1513, time 47.03ms, mfu 9.56%
iter 1700: loss 1.1228, time 31.97ms, mfu 9.77%
iter 1710: loss 1.1163, time 47.50ms, mfu 9.58%
iter 1720: loss 1.1192, time 31.30ms, mfu 9.81%
iter 1730: loss 1.1422, time 47.89ms, mfu 9.61%
iter 1740: loss 1.1358, time 33.35ms, mfu 9.76%
step 1750: train loss 1.0386, val loss 1.5009
iter 1750: loss 1.1321, time 5205.40ms, mfu 8.80%
iter 1760: loss 1.1323, time 47.50ms, mfu 8.70%
iter 1770: loss 1.1261, time 47.43ms, mfu 8.62%
iter 1780: loss 1.1324, time 31.64ms, mfu 8.93%
iter 1790: loss 1.1501, time 47.10ms, mfu 8.83%
iter 1800: loss 1.1156, time 31.62ms, mfu 9.13%
iter 1810: loss 1.1160, time 46.96ms, mfu 9.01%
iter 1820: loss 1.0743, time 47.08ms, mfu 8.90%
iter 1830: loss 1.1012, time 31.97ms, mfu 9.17%
iter 1840: loss 1.0854, time 47.69ms, mfu 9.04%
iter 1850: loss 1.1221, time 31.72ms, mfu 9.31%
iter 1860: loss 1.1145, time 31.40ms, mfu 9.56%
iter 1870: loss 1.1204, time 47.07ms, mfu 9.40%
iter 1880: loss 1.0920, time 47.54ms, mfu 9.24%
iter 1890: loss 1.1090, time 31.55ms, mfu 9.50%
iter 1900: loss 1.1147, time 32.71ms, mfu 9.69%
iter 1910: loss 1.0840, time 47.43ms, mfu 9.51%
iter 1920: loss 1.1081, time 31.87ms, mfu 9.72%
iter 1930: loss 1.1003, time 31.27ms, mfu 9.94%
iter 1940: loss 1.0986, time 47.56ms, mfu 9.73%
iter 1950: loss 1.1055, time 31.54ms, mfu 9.94%
iter 1960: loss 1.1094, time 47.80ms, mfu 9.73%
iter 1970: loss 1.1012, time 47.15ms, mfu 9.54%
iter 1980: loss 1.1249, time 31.31ms, mfu 9.78%
iter 1990: loss 1.0606, time 47.22ms, mfu 9.59%
step 2000: train loss 0.9850, val loss 1.5143
iter 2000: loss 1.1247, time 5197.69ms, mfu 8.64%
iter 2010: loss 1.0868, time 45.00ms, mfu 8.60%
iter 2020: loss 1.0954, time 47.38ms, mfu 8.53%
iter 2030: loss 1.0691, time 31.78ms, mfu 8.85%
iter 2040: loss 1.0708, time 47.01ms, mfu 8.76%
iter 2050: loss 1.0668, time 31.84ms, mfu 9.05%
iter 2060: loss 1.0589, time 45.47ms, mfu 8.97%
iter 2070: loss 1.0677, time 47.14ms, mfu 8.86%
iter 2080: loss 1.0662, time 31.57ms, mfu 9.15%
iter 2090: loss 1.0398, time 31.88ms, mfu 9.41%
iter 2100: loss 1.0808, time 45.29ms, mfu 9.29%
iter 2110: loss 1.0429, time 47.24ms, mfu 9.15%
iter 2120: loss 1.0276, time 31.55ms, mfu 9.42%
iter 2130: loss 1.0810, time 31.42ms, mfu 9.66%
iter 2140: loss 1.0701, time 47.09ms, mfu 9.48%
iter 2150: loss 1.0284, time 32.47ms, mfu 9.68%
iter 2160: loss 1.0341, time 31.82ms, mfu 9.89%
iter 2170: loss 1.0355, time 46.99ms, mfu 9.69%
iter 2180: loss 1.0740, time 31.32ms, mfu 9.91%
iter 2190: loss 1.0525, time 47.13ms, mfu 9.71%
iter 2200: loss 1.0762, time 47.40ms, mfu 9.53%
iter 2210: loss 1.0514, time 31.34ms, mfu 9.76%
iter 2220: loss 1.0405, time 47.72ms, mfu 9.57%
iter 2230: loss 1.0437, time 31.51ms, mfu 9.79%
iter 2240: loss 1.0544, time 47.57ms, mfu 9.60%
step 2250: train loss 0.9297, val loss 1.5492
iter 2250: loss 0.9982, time 5221.47ms, mfu 8.64%
iter 2260: loss 1.0526, time 31.71ms, mfu 8.96%
iter 2270: loss 1.0526, time 47.35ms, mfu 8.85%
iter 2280: loss 1.0236, time 31.38ms, mfu 9.15%
iter 2290: loss 1.0340, time 47.39ms, mfu 9.02%
iter 2300: loss 1.0538, time 46.82ms, mfu 8.91%
iter 2310: loss 1.0548, time 31.84ms, mfu 9.19%
iter 2320: loss 1.0161, time 47.49ms, mfu 9.06%
iter 2330: loss 1.0574, time 47.57ms, mfu 8.94%
iter 2340: loss 1.0234, time 31.49ms, mfu 9.23%
iter 2350: loss 1.0205, time 47.83ms, mfu 9.08%
iter 2360: loss 1.0112, time 31.42ms, mfu 9.36%
iter 2370: loss 1.0632, time 47.68ms, mfu 9.21%
iter 2380: loss 1.0114, time 47.38ms, mfu 9.07%
iter 2390: loss 1.0217, time 31.68ms, mfu 9.34%
iter 2400: loss 1.0060, time 47.24ms, mfu 9.20%
iter 2410: loss 1.0100, time 31.70ms, mfu 9.45%
iter 2420: loss 1.0440, time 31.31ms, mfu 9.70%
iter 2430: loss 1.0330, time 47.38ms, mfu 9.51%
iter 2440: loss 1.0105, time 31.89ms, mfu 9.73%
iter 2450: loss 0.9961, time 47.48ms, mfu 9.54%
iter 2460: loss 1.0078, time 31.34ms, mfu 9.78%
iter 2470: loss 0.9792, time 31.57ms, mfu 9.98%
iter 2480: loss 1.0309, time 47.41ms, mfu 9.77%
iter 2490: loss 1.0346, time 31.37ms, mfu 9.98%
step 2500: train loss 0.8749, val loss 1.5738
iter 2500: loss 1.0285, time 5205.32ms, mfu 8.99%
iter 2510: loss 1.0249, time 31.35ms, mfu 9.28%
iter 2520: loss 1.0040, time 49.95ms, mfu 9.10%
iter 2530: loss 1.0106, time 31.68ms, mfu 9.36%
iter 2540: loss 0.9959, time 47.15ms, mfu 9.22%
iter 2550: loss 1.0062, time 48.85ms, mfu 9.06%
iter 2560: loss 0.9855, time 31.56ms, mfu 9.33%
iter 2570: loss 0.9777, time 47.53ms, mfu 9.18%
iter 2580: loss 0.9978, time 31.28ms, mfu 9.46%
iter 2590: loss 0.9580, time 47.53ms, mfu 9.29%
iter 2600: loss 0.9577, time 47.16ms, mfu 9.16%
iter 2610: loss 0.9636, time 31.34ms, mfu 9.43%
iter 2620: loss 0.9569, time 47.15ms, mfu 9.28%
iter 2630: loss 0.9835, time 31.71ms, mfu 9.52%
iter 2640: loss 0.9543, time 47.47ms, mfu 9.36%
iter 2650: loss 0.9899, time 47.96ms, mfu 9.20%
iter 2660: loss 1.0062, time 31.37ms, mfu 9.47%
iter 2670: loss 0.9862, time 47.56ms, mfu 9.30%
iter 2680: loss 0.9652, time 47.24ms, mfu 9.16%
iter 2690: loss 0.9314, time 31.51ms, mfu 9.43%
iter 2700: loss 0.9517, time 47.12ms, mfu 9.28%
iter 2710: loss 0.9618, time 31.40ms, mfu 9.53%
iter 2720: loss 0.9502, time 47.36ms, mfu 9.37%
iter 2730: loss 0.9634, time 31.54ms, mfu 9.61%
iter 2740: loss 0.9474, time 31.55ms, mfu 9.83%
step 2750: train loss 0.8208, val loss 1.6047
iter 2750: loss 0.9309, time 5205.25ms, mfu 8.86%
iter 2760: loss 0.9565, time 31.71ms, mfu 9.15%
iter 2770: loss 0.9683, time 47.36ms, mfu 9.02%
iter 2780: loss 0.9617, time 31.30ms, mfu 9.31%
iter 2790: loss 0.9442, time 31.70ms, mfu 9.55%
iter 2800: loss 0.9582, time 47.20ms, mfu 9.39%
iter 2810: loss 0.9395, time 47.02ms, mfu 9.24%
iter 2820: loss 0.9269, time 31.64ms, mfu 9.49%
iter 2830: loss 0.9798, time 47.53ms, mfu 9.33%
iter 2840: loss 0.9495, time 31.31ms, mfu 9.59%
iter 2850: loss 0.9365, time 43.03ms, mfu 9.49%
iter 2860: loss 0.8994, time 30.38ms, mfu 9.77%
iter 2870: loss 0.9238, time 47.23ms, mfu 9.58%
iter 2880: loss 0.9293, time 31.77ms, mfu 9.80%
iter 2890: loss 0.9397, time 47.18ms, mfu 9.61%
iter 2900: loss 0.9277, time 31.82ms, mfu 9.82%
iter 2910: loss 0.9290, time 31.50ms, mfu 10.02%
iter 2920: loss 0.9300, time 47.03ms, mfu 9.81%
iter 2930: loss 0.9216, time 32.23ms, mfu 9.98%
iter 2940: loss 0.9043, time 47.78ms, mfu 9.77%
iter 2950: loss 0.9161, time 47.48ms, mfu 9.57%
iter 2960: loss 0.9286, time 31.39ms, mfu 9.80%
iter 2970: loss 0.9271, time 47.45ms, mfu 9.61%
iter 2980: loss 0.9405, time 34.01ms, mfu 9.74%
iter 2990: loss 0.9543, time 45.23ms, mfu 9.59%
step 3000: train loss 0.7622, val loss 1.6434
iter 3000: loss 0.9008, time 5209.34ms, mfu 8.64%
iter 3010: loss 0.9248, time 31.38ms, mfu 8.96%
iter 3020: loss 0.9166, time 47.47ms, mfu 8.85%
iter 3030: loss 0.9119, time 31.89ms, mfu 9.14%
iter 3040: loss 0.9325, time 44.95ms, mfu 9.05%
iter 3050: loss 0.9001, time 34.50ms, mfu 9.23%
iter 3060: loss 0.9046, time 47.39ms, mfu 9.09%
iter 3070: loss 0.8954, time 49.30ms, mfu 8.94%
iter 3080: loss 0.8878, time 31.51ms, mfu 9.23%
iter 3090: loss 0.9153, time 47.37ms, mfu 9.09%
iter 3100: loss 0.9077, time 31.88ms, mfu 9.35%
iter 3110: loss 0.8772, time 31.73ms, mfu 9.59%
iter 3120: loss 0.9204, time 46.58ms, mfu 9.43%
iter 3130: loss 0.8785, time 33.91ms, mfu 9.59%
iter 3140: loss 0.9120, time 47.43ms, mfu 9.41%
iter 3150: loss 0.8973, time 47.58ms, mfu 9.25%
iter 3160: loss 0.9195, time 47.61ms, mfu 9.11%
iter 3170: loss 0.9153, time 45.12ms, mfu 9.03%
iter 3180: loss 0.8547, time 47.06ms, mfu 8.92%
iter 3190: loss 0.9021, time 31.49ms, mfu 9.21%
iter 3200: loss 0.9027, time 47.92ms, mfu 9.06%
iter 3210: loss 0.8738, time 47.41ms, mfu 8.94%
iter 3220: loss 0.8866, time 31.84ms, mfu 9.22%
iter 3230: loss 0.8830, time 47.47ms, mfu 9.08%
iter 3240: loss 0.8632, time 31.49ms, mfu 9.36%
step 3250: train loss 0.7148, val loss 1.6828
iter 3250: loss 0.8687, time 5206.90ms, mfu 8.43%
iter 3260: loss 0.8612, time 45.05ms, mfu 8.41%
iter 3270: loss 0.8894, time 31.37ms, mfu 8.76%
iter 3280: loss 0.8739, time 32.96ms, mfu 9.01%
iter 3290: loss 0.8655, time 31.37ms, mfu 9.30%
iter 3300: loss 0.8445, time 31.61ms, mfu 9.55%
iter 3310: loss 0.8842, time 46.98ms, mfu 9.39%
iter 3320: loss 0.8661, time 31.36ms, mfu 9.64%
iter 3330: loss 0.8835, time 46.99ms, mfu 9.47%
iter 3340: loss 0.8848, time 33.86ms, mfu 9.62%
iter 3350: loss 0.8597, time 44.84ms, mfu 9.49%
iter 3360: loss 0.8779, time 47.03ms, mfu 9.33%
iter 3370: loss 0.8885, time 47.61ms, mfu 9.18%
iter 3380: loss 0.8845, time 45.18ms, mfu 9.09%
iter 3390: loss 0.8727, time 31.60ms, mfu 9.36%
iter 3400: loss 0.8538, time 47.09ms, mfu 9.21%
iter 3410: loss 0.8535, time 31.40ms, mfu 9.48%
iter 3420: loss 0.8408, time 32.09ms, mfu 9.69%
iter 3430: loss 0.8923, time 44.82ms, mfu 9.55%
iter 3440: loss 0.8674, time 31.52ms, mfu 9.78%
iter 3450: loss 0.8554, time 47.33ms, mfu 9.59%
iter 3460: loss 0.8639, time 31.27ms, mfu 9.82%
iter 3470: loss 0.8320, time 32.42ms, mfu 9.99%
iter 3480: loss 0.8317, time 47.07ms, mfu 9.78%
iter 3490: loss 0.8282, time 31.83ms, mfu 9.98%
step 3500: train loss 0.6681, val loss 1.7136
iter 3500: loss 0.8525, time 5207.25ms, mfu 8.99%
iter 3510: loss 0.8338, time 47.15ms, mfu 8.88%
iter 3520: loss 0.8426, time 31.73ms, mfu 9.16%
iter 3530: loss 0.8310, time 47.41ms, mfu 9.03%
iter 3540: loss 0.8165, time 47.33ms, mfu 8.92%
iter 3550: loss 0.8582, time 31.93ms, mfu 9.19%
iter 3560: loss 0.8321, time 47.05ms, mfu 9.07%
iter 3570: loss 0.8515, time 31.28ms, mfu 9.35%
iter 3580: loss 0.8427, time 47.39ms, mfu 9.20%
iter 3590: loss 0.8207, time 47.86ms, mfu 9.06%
iter 3600: loss 0.8098, time 31.28ms, mfu 9.34%
iter 3610: loss 0.8559, time 31.51ms, mfu 9.59%
iter 3620: loss 0.8279, time 31.73ms, mfu 9.81%
iter 3630: loss 0.8337, time 31.71ms, mfu 10.00%
iter 3640: loss 0.8306, time 31.30ms, mfu 10.19%
iter 3650: loss 0.8337, time 32.00ms, mfu 10.34%
iter 3660: loss 0.8106, time 31.39ms, mfu 10.49%
iter 3670: loss 0.8497, time 47.51ms, mfu 10.23%
iter 3680: loss 0.8153, time 31.32ms, mfu 10.39%
iter 3690: loss 0.8069, time 31.78ms, mfu 10.53%
iter 3700: loss 0.8190, time 47.83ms, mfu 10.25%
iter 3710: loss 0.8250, time 31.41ms, mfu 10.41%
iter 3720: loss 0.8047, time 47.51ms, mfu 10.16%
iter 3730: loss 0.8028, time 31.54ms, mfu 10.32%
iter 3740: loss 0.8103, time 31.39ms, mfu 10.48%
step 3750: train loss 0.6252, val loss 1.7529
iter 3750: loss 0.8205, time 5200.52ms, mfu 9.44%
iter 3760: loss 0.7971, time 31.83ms, mfu 9.66%
iter 3770: loss 0.8266, time 47.21ms, mfu 9.49%
iter 3780: loss 0.8026, time 31.30ms, mfu 9.73%
iter 3790: loss 0.7979, time 31.31ms, mfu 9.95%
iter 3800: loss 0.8238, time 47.41ms, mfu 9.74%
iter 3810: loss 0.8212, time 31.29ms, mfu 9.95%
iter 3820: loss 0.8215, time 32.10ms, mfu 10.12%
iter 3830: loss 0.7916, time 47.16ms, mfu 9.90%
iter 3840: loss 0.8136, time 31.36ms, mfu 10.10%
iter 3850: loss 0.8141, time 47.48ms, mfu 9.87%
iter 3860: loss 0.7986, time 47.65ms, mfu 9.67%
iter 3870: loss 0.7919, time 31.78ms, mfu 9.87%
iter 3880: loss 0.8115, time 48.72ms, mfu 9.65%
iter 3890: loss 0.8006, time 47.39ms, mfu 9.47%
iter 3900: loss 0.8018, time 31.28ms, mfu 9.71%
iter 3910: loss 0.8042, time 47.53ms, mfu 9.53%
iter 3920: loss 0.8040, time 31.41ms, mfu 9.76%
iter 3930: loss 0.8042, time 31.49ms, mfu 9.97%
iter 3940: loss 0.8143, time 47.51ms, mfu 9.76%
iter 3950: loss 0.7829, time 47.59ms, mfu 9.56%
iter 3960: loss 0.7801, time 32.16ms, mfu 9.77%
iter 3970: loss 0.7900, time 47.37ms, mfu 9.58%
iter 3980: loss 0.8209, time 47.59ms, mfu 9.40%
iter 3990: loss 0.7956, time 31.34ms, mfu 9.65%
step 4000: train loss 0.5918, val loss 1.7840
iter 4000: loss 0.7865, time 5285.95ms, mfu 8.69%
iter 4010: loss 0.7864, time 31.81ms, mfu 8.99%
iter 4020: loss 0.7632, time 47.16ms, mfu 8.88%
iter 4030: loss 0.7922, time 31.33ms, mfu 9.19%
iter 4040: loss 0.7961, time 31.83ms, mfu 9.44%
iter 4050: loss 0.7909, time 47.67ms, mfu 9.28%
iter 4060: loss 0.7832, time 47.23ms, mfu 9.14%
iter 4070: loss 0.7896, time 31.56ms, mfu 9.40%
iter 4080: loss 0.7825, time 31.36ms, mfu 9.65%
iter 4090: loss 0.7623, time 47.45ms, mfu 9.47%
iter 4100: loss 0.7724, time 31.51ms, mfu 9.71%
iter 4110: loss 0.7880, time 46.98ms, mfu 9.53%
iter 4120: loss 0.7605, time 47.42ms, mfu 9.36%
iter 4130: loss 0.7762, time 31.51ms, mfu 9.61%
iter 4140: loss 0.7800, time 31.86ms, mfu 9.82%
iter 4150: loss 0.7718, time 31.51ms, mfu 10.02%
iter 4160: loss 0.7857, time 47.58ms, mfu 9.80%
iter 4170: loss 0.7576, time 31.50ms, mfu 10.00%
iter 4180: loss 0.7306, time 31.88ms, mfu 10.17%
iter 4190: loss 0.7784, time 31.82ms, mfu 10.33%
iter 4200: loss 0.7561, time 47.12ms, mfu 10.08%
iter 4210: loss 0.7638, time 47.19ms, mfu 9.86%
iter 4220: loss 0.7746, time 31.34ms, mfu 10.07%
iter 4230: loss 0.7752, time 31.41ms, mfu 10.25%
iter 4240: loss 0.7797, time 47.45ms, mfu 10.01%
step 4250: train loss 0.5575, val loss 1.8167
iter 4250: loss 0.7557, time 5169.76ms, mfu 9.01%
iter 4260: loss 0.7731, time 47.55ms, mfu 8.90%
iter 4270: loss 0.7568, time 47.71ms, mfu 8.79%
iter 4280: loss 0.7428, time 31.40ms, mfu 9.10%
iter 4290: loss 0.7904, time 31.38ms, mfu 9.37%
iter 4300: loss 0.7870, time 47.70ms, mfu 9.22%
iter 4310: loss 0.7742, time 31.64ms, mfu 9.47%
iter 4320: loss 0.7655, time 31.67ms, mfu 9.70%
iter 4330: loss 0.7796, time 31.30ms, mfu 9.92%
iter 4340: loss 0.7555, time 47.30ms, mfu 9.72%
iter 4350: loss 0.7727, time 47.32ms, mfu 9.53%
iter 4360: loss 0.7595, time 31.31ms, mfu 9.77%
iter 4370: loss 0.7464, time 31.29ms, mfu 9.98%
iter 4380: loss 0.7507, time 46.94ms, mfu 9.78%
iter 4390: loss 0.7568, time 47.32ms, mfu 9.59%
iter 4400: loss 0.7527, time 47.82ms, mfu 9.41%
iter 4410: loss 0.7652, time 30.62ms, mfu 9.69%
iter 4420: loss 0.7549, time 47.39ms, mfu 9.50%
iter 4430: loss 0.7597, time 47.30ms, mfu 9.34%
iter 4440: loss 0.7328, time 31.34ms, mfu 9.60%
iter 4450: loss 0.7289, time 32.10ms, mfu 9.80%
iter 4460: loss 0.7711, time 47.34ms, mfu 9.60%
iter 4470: loss 0.7522, time 47.02ms, mfu 9.44%
iter 4480: loss 0.7389, time 31.52ms, mfu 9.67%
iter 4490: loss 0.7425, time 47.01ms, mfu 9.50%
step 4500: train loss 0.5362, val loss 1.8366
iter 4500: loss 0.7524, time 5197.68ms, mfu 8.56%
iter 4510: loss 0.7594, time 47.57ms, mfu 8.48%
iter 4520: loss 0.7470, time 47.39ms, mfu 8.42%
iter 4530: loss 0.7411, time 31.91ms, mfu 8.75%
iter 4540: loss 0.7420, time 47.53ms, mfu 8.66%
iter 4550: loss 0.7595, time 31.32ms, mfu 8.98%
iter 4560: loss 0.7439, time 47.24ms, mfu 8.87%
iter 4570: loss 0.7546, time 47.55ms, mfu 8.77%
iter 4580: loss 0.7600, time 31.46ms, mfu 9.08%
iter 4590: loss 0.7616, time 31.91ms, mfu 9.34%
iter 4600: loss 0.7276, time 47.07ms, mfu 9.19%
iter 4610: loss 0.7492, time 47.82ms, mfu 9.05%
iter 4620: loss 0.7176, time 31.60ms, mfu 9.33%
iter 4630: loss 0.7246, time 32.01ms, mfu 9.56%
iter 4640: loss 0.7320, time 32.00ms, mfu 9.77%
iter 4650: loss 0.7570, time 45.28ms, mfu 9.61%
iter 4660: loss 0.7445, time 47.62ms, mfu 9.43%
iter 4670: loss 0.7426, time 31.97ms, mfu 9.66%
iter 4680: loss 0.7378, time 31.79ms, mfu 9.86%
iter 4690: loss 0.7488, time 31.37ms, mfu 10.07%
iter 4700: loss 0.7368, time 31.50ms, mfu 10.24%
iter 4710: loss 0.7498, time 47.36ms, mfu 10.00%
iter 4720: loss 0.7298, time 47.82ms, mfu 9.78%
iter 4730: loss 0.7454, time 31.75ms, mfu 9.98%
iter 4740: loss 0.7269, time 31.81ms, mfu 10.15%
step 4750: train loss 0.5149, val loss 1.8788
iter 4750: loss 0.7156, time 5172.14ms, mfu 9.14%
iter 4760: loss 0.7344, time 31.67ms, mfu 9.41%
iter 4770: loss 0.7496, time 48.92ms, mfu 9.23%
iter 4780: loss 0.7177, time 47.45ms, mfu 9.09%
iter 4790: loss 0.7259, time 31.58ms, mfu 9.36%
iter 4800: loss 0.7402, time 31.38ms, mfu 9.61%
iter 4810: loss 0.7276, time 47.14ms, mfu 9.44%
iter 4820: loss 0.7504, time 47.02ms, mfu 9.29%
iter 4830: loss 0.7154, time 31.74ms, mfu 9.53%
iter 4840: loss 0.7207, time 31.63ms, mfu 9.76%
iter 4850: loss 0.7323, time 47.03ms, mfu 9.58%
iter 4860: loss 0.7445, time 47.05ms, mfu 9.41%
iter 4870: loss 0.7317, time 47.72ms, mfu 9.25%
iter 4880: loss 0.7511, time 31.69ms, mfu 9.50%
iter 4890: loss 0.7299, time 31.27ms, mfu 9.74%
iter 4900: loss 0.7543, time 46.98ms, mfu 9.56%
iter 4910: loss 0.7303, time 31.30ms, mfu 9.80%
iter 4920: loss 0.7279, time 47.51ms, mfu 9.60%
iter 4930: loss 0.7127, time 47.40ms, mfu 9.43%
iter 4940: loss 0.7202, time 47.32ms, mfu 9.27%
iter 4950: loss 0.7196, time 31.45ms, mfu 9.53%
iter 4960: loss 0.7147, time 31.83ms, mfu 9.75%
iter 4970: loss 0.7109, time 47.02ms, mfu 9.56%
iter 4980: loss 0.7347, time 31.63ms, mfu 9.79%
iter 4990: loss 0.7166, time 47.17ms, mfu 9.60%
step 5000: train loss 0.5013, val loss 1.8808
iter 5000: loss 0.7344, time 5179.63ms, mfu 8.64%
=== D:\hw1\Gengerative-AI\.venv\Scripts\python.exe -u train.py config/hw1_nope.py
Overriding config with config/hw1_nope.py:
# HW1 Q4 variant: nope. Same as train_shakespeare_char.py, one change only.
exec(open('config/train_shakespeare_char.py').read())
out_dir = 'out-hw1-nope'
compile = False # torch.compile needs triton, which isn't available on Windows/MPS
pos_enc = 'nope'

tokens per iteration will be: 16,384
found vocab_size = 65 (inside data\shakespeare_char\meta.pkl)
Initializing a new model from scratch
number of parameters: 10.65M
D:\hw1\Gengerative-AI\train.py:201: FutureWarning: `torch.cuda.amp.GradScaler(args...)` is deprecated. Please use `torch.amp.GradScaler('cuda', args...)` instead.
  scaler = torch.cuda.amp.GradScaler(enabled=(dtype == 'float16'))
num decayed parameter tensors: 25, with 10,641,792 parameters
num non-decayed parameter tensors: 13, with 4,992 parameters
using fused AdamW: True
step 0: train loss 4.1954, val loss 4.2023
iter 0: loss 4.2179, time 4949.39ms, mfu -100.00%
iter 10: loss 3.0451, time 32.02ms, mfu 11.64%
iter 20: loss 2.6840, time 36.37ms, mfu 11.50%
iter 30: loss 2.5582, time 31.49ms, mfu 11.53%
iter 40: loss 2.5251, time 47.28ms, mfu 11.17%
iter 50: loss 2.5117, time 32.24ms, mfu 11.21%
iter 60: loss 2.4752, time 31.56ms, mfu 11.27%
iter 70: loss 2.4869, time 31.43ms, mfu 11.33%
iter 80: loss 2.4556, time 31.45ms, mfu 11.38%
iter 90: loss 2.4582, time 31.56ms, mfu 11.42%
iter 100: loss 2.4443, time 35.54ms, mfu 11.33%
iter 110: loss 2.4581, time 31.79ms, mfu 11.37%
iter 120: loss 2.4400, time 47.89ms, mfu 11.01%
iter 130: loss 2.4147, time 47.62ms, mfu 10.69%
iter 140: loss 2.4226, time 47.43ms, mfu 10.41%
iter 150: loss 2.4170, time 47.58ms, mfu 10.15%
iter 160: loss 2.3855, time 31.87ms, mfu 10.30%
iter 170: loss 2.3926, time 31.77ms, mfu 10.45%
iter 180: loss 2.3940, time 31.98ms, mfu 10.57%
iter 190: loss 2.3870, time 31.85ms, mfu 10.68%
iter 200: loss 2.3805, time 31.44ms, mfu 10.80%
iter 210: loss 2.3539, time 31.61ms, mfu 10.90%
iter 220: loss 2.3715, time 47.62ms, mfu 10.59%
iter 230: loss 2.3621, time 42.73ms, mfu 10.40%
iter 240: loss 2.3391, time 33.18ms, mfu 10.48%
step 250: train loss 2.3635, val loss 2.4418
saving checkpoint to out-hw1-nope
iter 250: loss 2.3882, time 4983.66ms, mfu 9.44%
iter 260: loss 2.3372, time 31.79ms, mfu 9.67%
iter 270: loss 2.3391, time 35.83ms, mfu 9.74%
iter 280: loss 2.3237, time 31.71ms, mfu 9.94%
iter 290: loss 2.3056, time 31.58ms, mfu 10.13%
iter 300: loss 2.2979, time 47.53ms, mfu 9.90%
iter 310: loss 2.2956, time 31.56ms, mfu 10.09%
iter 320: loss 2.2759, time 31.80ms, mfu 10.25%
iter 330: loss 2.2446, time 31.45ms, mfu 10.41%
iter 340: loss 2.2625, time 42.91ms, mfu 10.24%
iter 350: loss 2.2548, time 31.43ms, mfu 10.40%
iter 360: loss 2.2199, time 31.49ms, mfu 10.55%
iter 370: loss 2.2220, time 31.77ms, mfu 10.66%
iter 380: loss 2.1975, time 46.99ms, mfu 10.39%
iter 390: loss 2.1824, time 47.79ms, mfu 10.13%
iter 400: loss 2.0919, time 31.59ms, mfu 10.30%
iter 410: loss 2.1185, time 31.66ms, mfu 10.44%
iter 420: loss 2.0785, time 47.19ms, mfu 10.19%
iter 430: loss 2.0589, time 49.18ms, mfu 9.93%
iter 440: loss 2.0934, time 31.74ms, mfu 10.11%
iter 450: loss 2.0349, time 31.75ms, mfu 10.27%
iter 460: loss 2.0031, time 31.22ms, mfu 10.44%
iter 470: loss 1.9734, time 47.23ms, mfu 10.18%
iter 480: loss 1.9832, time 32.46ms, mfu 10.31%
iter 490: loss 1.9643, time 31.96ms, mfu 10.45%
step 500: train loss 1.8693, val loss 2.0242
saving checkpoint to out-hw1-nope
iter 500: loss 2.0512, time 4991.56ms, mfu 9.41%
iter 510: loss 1.9696, time 31.39ms, mfu 9.66%
iter 520: loss 1.9175, time 33.00ms, mfu 9.82%
iter 530: loss 1.9054, time 31.73ms, mfu 10.01%
iter 540: loss 1.8730, time 47.78ms, mfu 9.79%
iter 550: loss 1.8949, time 47.55ms, mfu 9.60%
iter 560: loss 1.8589, time 47.40ms, mfu 9.42%
iter 570: loss 1.8523, time 32.43ms, mfu 9.63%
iter 580: loss 1.8557, time 31.59ms, mfu 9.85%
iter 590: loss 1.8730, time 30.58ms, mfu 10.08%
iter 600: loss 1.8213, time 47.06ms, mfu 9.86%
iter 610: loss 1.7718, time 47.36ms, mfu 9.66%
iter 620: loss 1.8003, time 31.45ms, mfu 9.88%
iter 630: loss 1.8107, time 36.03ms, mfu 9.93%
iter 640: loss 1.7878, time 31.53ms, mfu 10.12%
iter 650: loss 1.7770, time 31.34ms, mfu 10.29%
iter 660: loss 1.6947, time 31.73ms, mfu 10.44%
iter 670: loss 1.7285, time 31.95ms, mfu 10.56%
iter 680: loss 1.6891, time 31.51ms, mfu 10.69%
iter 690: loss 1.7345, time 31.80ms, mfu 10.79%
iter 700: loss 1.6877, time 35.96ms, mfu 10.75%
iter 710: loss 1.6714, time 47.40ms, mfu 10.46%
iter 720: loss 1.6954, time 31.93ms, mfu 10.58%
iter 730: loss 1.7064, time 32.00ms, mfu 10.69%
iter 740: loss 1.6927, time 31.73ms, mfu 10.79%
step 750: train loss 1.5838, val loss 1.7837
saving checkpoint to out-hw1-nope
iter 750: loss 1.6337, time 4990.89ms, mfu 9.72%
iter 760: loss 1.6668, time 31.36ms, mfu 9.94%
iter 770: loss 1.6343, time 31.98ms, mfu 10.11%
iter 780: loss 1.6303, time 47.55ms, mfu 9.88%
iter 790: loss 1.6558, time 31.55ms, mfu 10.07%
iter 800: loss 1.6382, time 31.56ms, mfu 10.25%
iter 810: loss 1.6303, time 30.97ms, mfu 10.43%
iter 820: loss 1.6295, time 36.15ms, mfu 10.41%
iter 830: loss 1.5877, time 31.32ms, mfu 10.56%
iter 840: loss 1.5939, time 47.30ms, mfu 10.29%
iter 850: loss 1.6209, time 31.39ms, mfu 10.45%
iter 860: loss 1.5750, time 31.43ms, mfu 10.59%
iter 870: loss 1.5781, time 32.07ms, mfu 10.70%
iter 880: loss 1.5829, time 42.75ms, mfu 10.50%
iter 890: loss 1.5947, time 47.47ms, mfu 10.23%
iter 900: loss 1.5753, time 32.00ms, mfu 10.37%
iter 910: loss 1.5876, time 31.53ms, mfu 10.52%
iter 920: loss 1.5469, time 31.66ms, mfu 10.64%
iter 930: loss 1.5729, time 31.53ms, mfu 10.76%
iter 940: loss 1.5809, time 47.37ms, mfu 10.47%
iter 950: loss 1.5094, time 47.34ms, mfu 10.21%
iter 960: loss 1.5312, time 31.45ms, mfu 10.38%
iter 970: loss 1.5569, time 31.39ms, mfu 10.52%
iter 980: loss 1.5850, time 31.78ms, mfu 10.64%
iter 990: loss 1.5752, time 45.68ms, mfu 10.40%
step 1000: train loss 1.4500, val loss 1.6616
saving checkpoint to out-hw1-nope
iter 1000: loss 1.5546, time 4992.67ms, mfu 9.36%
iter 1010: loss 1.5288, time 31.29ms, mfu 9.62%
iter 1020: loss 1.5314, time 47.59ms, mfu 9.44%
iter 1030: loss 1.5146, time 47.53ms, mfu 9.28%
iter 1040: loss 1.4896, time 31.35ms, mfu 9.54%
iter 1050: loss 1.5308, time 31.40ms, mfu 9.77%
iter 1060: loss 1.5155, time 31.51ms, mfu 9.98%
iter 1070: loss 1.5201, time 35.21ms, mfu 10.04%
iter 1080: loss 1.5380, time 36.09ms, mfu 10.07%
iter 1090: loss 1.5128, time 47.20ms, mfu 9.85%
iter 1100: loss 1.4837, time 31.59ms, mfu 10.04%
iter 1110: loss 1.4906, time 31.47ms, mfu 10.22%
iter 1120: loss 1.5164, time 31.62ms, mfu 10.38%
iter 1130: loss 1.4732, time 35.25ms, mfu 10.40%
iter 1140: loss 1.4888, time 47.34ms, mfu 10.15%
iter 1150: loss 1.5376, time 31.36ms, mfu 10.32%
iter 1160: loss 1.4864, time 32.81ms, mfu 10.42%
iter 1170: loss 1.4844, time 31.34ms, mfu 10.57%
iter 1180: loss 1.4820, time 31.56ms, mfu 10.69%
iter 1190: loss 1.5155, time 47.47ms, mfu 10.41%
iter 1200: loss 1.4909, time 47.45ms, mfu 10.15%
iter 1210: loss 1.4598, time 47.48ms, mfu 9.92%
iter 1220: loss 1.4836, time 31.36ms, mfu 10.12%
iter 1230: loss 1.4086, time 31.44ms, mfu 10.29%
iter 1240: loss 1.4476, time 47.43ms, mfu 10.05%
step 1250: train loss 1.3777, val loss 1.6128
saving checkpoint to out-hw1-nope
iter 1250: loss 1.4525, time 4984.45ms, mfu 9.05%
iter 1260: loss 1.4588, time 31.66ms, mfu 9.32%
iter 1270: loss 1.4373, time 31.38ms, mfu 9.58%
iter 1280: loss 1.4690, time 32.01ms, mfu 9.78%
iter 1290: loss 1.4498, time 42.94ms, mfu 9.67%
iter 1300: loss 1.4322, time 31.93ms, mfu 9.87%
iter 1310: loss 1.4596, time 32.17ms, mfu 10.04%
iter 1320: loss 1.4622, time 29.85ms, mfu 10.29%
iter 1330: loss 1.4295, time 31.74ms, mfu 10.43%
iter 1340: loss 1.4677, time 31.36ms, mfu 10.58%
iter 1350: loss 1.4112, time 37.55ms, mfu 10.51%
iter 1360: loss 1.4424, time 31.69ms, mfu 10.64%
iter 1370: loss 1.4464, time 35.21ms, mfu 10.63%
iter 1380: loss 1.4106, time 47.98ms, mfu 10.35%
iter 1390: loss 1.4318, time 47.44ms, mfu 10.10%
iter 1400: loss 1.4358, time 31.82ms, mfu 10.26%
iter 1410: loss 1.4436, time 31.71ms, mfu 10.41%
iter 1420: loss 1.4326, time 47.69ms, mfu 10.15%
iter 1430: loss 1.4236, time 31.75ms, mfu 10.31%
iter 1440: loss 1.4325, time 31.72ms, mfu 10.45%
iter 1450: loss 1.4072, time 31.40ms, mfu 10.59%
iter 1460: loss 1.3876, time 26.62ms, mfu 10.93%
iter 1470: loss 1.4066, time 31.54ms, mfu 11.02%
iter 1480: loss 1.4249, time 47.68ms, mfu 10.70%
iter 1490: loss 1.4395, time 31.79ms, mfu 10.80%
step 1500: train loss 1.3251, val loss 1.5717
saving checkpoint to out-hw1-nope
iter 1500: loss 1.3933, time 5611.27ms, mfu 9.73%
iter 1510: loss 1.4193, time 47.64ms, mfu 9.54%
iter 1520: loss 1.4334, time 47.23ms, mfu 9.37%
iter 1530: loss 1.4092, time 31.34ms, mfu 9.63%
iter 1540: loss 1.4119, time 31.48ms, mfu 9.85%
iter 1550: loss 1.4016, time 47.23ms, mfu 9.65%
iter 1560: loss 1.4044, time 32.01ms, mfu 9.85%
iter 1570: loss 1.4201, time 31.62ms, mfu 10.04%
iter 1580: loss 1.3688, time 31.72ms, mfu 10.21%
iter 1590: loss 1.3758, time 47.26ms, mfu 9.98%
iter 1600: loss 1.3349, time 46.22ms, mfu 9.79%
iter 1610: loss 1.3681, time 43.34ms, mfu 9.67%
iter 1620: loss 1.3769, time 31.69ms, mfu 9.88%
iter 1630: loss 1.3981, time 47.30ms, mfu 9.68%
iter 1640: loss 1.4026, time 31.85ms, mfu 9.88%
iter 1650: loss 1.4018, time 31.10ms, mfu 10.09%
iter 1660: loss 1.3851, time 31.86ms, mfu 10.25%
iter 1670: loss 1.4198, time 31.62ms, mfu 10.40%
iter 1680: loss 1.3959, time 47.53ms, mfu 10.15%
iter 1690: loss 1.3716, time 32.04ms, mfu 10.30%
iter 1700: loss 1.3832, time 31.59ms, mfu 10.45%
iter 1710: loss 1.3672, time 31.49ms, mfu 10.58%
iter 1720: loss 1.3708, time 31.65ms, mfu 10.70%
iter 1730: loss 1.3432, time 47.32ms, mfu 10.42%
iter 1740: loss 1.3557, time 47.30ms, mfu 10.17%
step 1750: train loss 1.2902, val loss 1.5632
saving checkpoint to out-hw1-nope
iter 1750: loss 1.3722, time 4988.44ms, mfu 9.16%
iter 1760: loss 1.3991, time 31.45ms, mfu 9.43%
iter 1770: loss 1.3516, time 31.37ms, mfu 9.67%
iter 1780: loss 1.3864, time 31.77ms, mfu 9.88%
iter 1790: loss 1.3686, time 47.29ms, mfu 9.68%
iter 1800: loss 1.3691, time 32.10ms, mfu 9.87%
iter 1810: loss 1.3644, time 31.71ms, mfu 10.06%
iter 1820: loss 1.3961, time 47.21ms, mfu 9.84%
iter 1830: loss 1.3501, time 31.72ms, mfu 10.03%
iter 1840: loss 1.3500, time 31.71ms, mfu 10.20%
iter 1850: loss 1.3708, time 47.11ms, mfu 9.97%
iter 1860: loss 1.3822, time 31.34ms, mfu 10.17%
iter 1870: loss 1.2950, time 31.47ms, mfu 10.33%
iter 1880: loss 1.3759, time 47.26ms, mfu 10.09%
iter 1890: loss 1.3325, time 47.72ms, mfu 9.86%
iter 1900: loss 1.3640, time 31.64ms, mfu 10.05%
iter 1910: loss 1.3692, time 31.36ms, mfu 10.24%
iter 1920: loss 1.3493, time 42.62ms, mfu 10.09%
iter 1930: loss 1.3430, time 31.35ms, mfu 10.27%
iter 1940: loss 1.3413, time 31.85ms, mfu 10.41%
iter 1950: loss 1.3687, time 31.44ms, mfu 10.55%
iter 1960: loss 1.3290, time 31.65ms, mfu 10.68%
iter 1970: loss 1.3429, time 47.32ms, mfu 10.40%
iter 1980: loss 1.3612, time 31.68ms, mfu 10.53%
iter 1990: loss 1.3489, time 31.72ms, mfu 10.65%
step 2000: train loss 1.2622, val loss 1.5675
iter 2000: loss 1.3777, time 4924.26ms, mfu 9.60%
iter 2010: loss 1.3590, time 31.56ms, mfu 9.82%
iter 2020: loss 1.3410, time 31.64ms, mfu 10.01%
iter 2030: loss 1.3554, time 47.42ms, mfu 9.80%
iter 2040: loss 1.3059, time 47.59ms, mfu 9.60%
iter 2050: loss 1.3314, time 31.70ms, mfu 9.82%
iter 2060: loss 1.3186, time 31.68ms, mfu 10.01%
iter 2070: loss 1.3266, time 47.31ms, mfu 9.80%
iter 2080: loss 1.3309, time 31.32ms, mfu 10.01%
iter 2090: loss 1.3259, time 31.52ms, mfu 10.19%
iter 2100: loss 1.3527, time 47.51ms, mfu 9.95%
iter 2110: loss 1.3701, time 31.81ms, mfu 10.13%
iter 2120: loss 1.3219, time 31.98ms, mfu 10.28%
iter 2130: loss 1.3002, time 47.05ms, mfu 10.05%
iter 2140: loss 1.3172, time 31.59ms, mfu 10.22%
iter 2150: loss 1.3221, time 31.52ms, mfu 10.38%
iter 2160: loss 1.3174, time 31.95ms, mfu 10.51%
iter 2170: loss 1.3084, time 31.95ms, mfu 10.62%
iter 2180: loss 1.2986, time 31.55ms, mfu 10.74%
iter 2190: loss 1.3163, time 47.56ms, mfu 10.45%
iter 2200: loss 1.2965, time 31.57ms, mfu 10.59%
iter 2210: loss 1.2909, time 31.95ms, mfu 10.70%
iter 2220: loss 1.2891, time 48.06ms, mfu 10.40%
iter 2230: loss 1.2979, time 31.80ms, mfu 10.53%
iter 2240: loss 1.2888, time 47.64ms, mfu 10.26%
step 2250: train loss 1.2166, val loss 1.5396
saving checkpoint to out-hw1-nope
iter 2250: loss 1.2985, time 4997.57ms, mfu 9.24%
iter 2260: loss 1.2677, time 31.37ms, mfu 9.51%
iter 2270: loss 1.2973, time 31.45ms, mfu 9.74%
iter 2280: loss 1.2898, time 47.58ms, mfu 9.55%
iter 2290: loss 1.3056, time 47.68ms, mfu 9.38%
iter 2300: loss 1.2980, time 31.82ms, mfu 9.61%
iter 2310: loss 1.3223, time 47.46ms, mfu 9.43%
iter 2320: loss 1.2890, time 31.34ms, mfu 9.68%
iter 2330: loss 1.3049, time 31.68ms, mfu 9.89%
iter 2340: loss 1.2856, time 47.49ms, mfu 9.68%
iter 2350: loss 1.2901, time 31.67ms, mfu 9.89%
iter 2360: loss 1.3117, time 35.10ms, mfu 9.96%
iter 2370: loss 1.2988, time 43.83ms, mfu 9.82%
iter 2380: loss 1.2879, time 43.41ms, mfu 9.69%
iter 2390: loss 1.3089, time 34.49ms, mfu 9.81%
iter 2400: loss 1.2887, time 33.54ms, mfu 9.94%
iter 2410: loss 1.3094, time 47.24ms, mfu 9.73%
iter 2420: loss 1.2715, time 31.70ms, mfu 9.93%
iter 2430: loss 1.2711, time 35.07ms, mfu 10.00%
iter 2440: loss 1.2706, time 35.03ms, mfu 10.07%
iter 2450: loss 1.2611, time 32.03ms, mfu 10.22%
iter 2460: loss 1.2900, time 28.06ms, mfu 10.53%
iter 2470: loss 1.2704, time 42.78ms, mfu 10.35%
iter 2480: loss 1.2893, time 31.30ms, mfu 10.50%
iter 2490: loss 1.2525, time 32.01ms, mfu 10.62%
step 2500: train loss 1.1981, val loss 1.5338
saving checkpoint to out-hw1-nope
iter 2500: loss 1.2695, time 5015.41ms, mfu 9.56%
iter 2510: loss 1.2935, time 33.31ms, mfu 9.72%
iter 2520: loss 1.2962, time 47.37ms, mfu 9.54%
iter 2530: loss 1.2887, time 31.44ms, mfu 9.77%
iter 2540: loss 1.2805, time 35.53ms, mfu 9.84%
iter 2550: loss 1.3032, time 42.95ms, mfu 9.73%
iter 2560: loss 1.2468, time 31.68ms, mfu 9.93%
iter 2570: loss 1.2774, time 33.86ms, mfu 10.04%
iter 2580: loss 1.2823, time 42.72ms, mfu 9.91%
iter 2590: loss 1.2862, time 35.43ms, mfu 9.97%
iter 2600: loss 1.2763, time 31.77ms, mfu 10.14%
iter 2610: loss 1.2872, time 43.04ms, mfu 9.99%
iter 2620: loss 1.2598, time 31.75ms, mfu 10.17%
iter 2630: loss 1.2688, time 32.06ms, mfu 10.31%
iter 2640: loss 1.2740, time 31.51ms, mfu 10.46%
iter 2650: loss 1.2396, time 31.37ms, mfu 10.61%
iter 2660: loss 1.2956, time 36.79ms, mfu 10.56%
iter 2670: loss 1.2922, time 35.40ms, mfu 10.56%
iter 2680: loss 1.2666, time 47.21ms, mfu 10.29%
iter 2690: loss 1.2752, time 35.64ms, mfu 10.31%
iter 2700: loss 1.2324, time 27.50ms, mfu 10.63%
iter 2710: loss 1.2654, time 43.63ms, mfu 10.42%
iter 2720: loss 1.2586, time 35.84ms, mfu 10.42%
iter 2730: loss 1.2532, time 44.38ms, mfu 10.22%
iter 2740: loss 1.2677, time 31.58ms, mfu 10.37%
step 2750: train loss 1.2046, val loss 1.5382
iter 2750: loss 1.2780, time 4926.61ms, mfu 9.34%
iter 2760: loss 1.2166, time 34.34ms, mfu 9.50%
iter 2770: loss 1.2804, time 32.11ms, mfu 9.71%
iter 2780: loss 1.2009, time 43.35ms, mfu 9.60%
iter 2790: loss 1.2427, time 31.55ms, mfu 9.82%
iter 2800: loss 1.2376, time 34.19ms, mfu 9.93%
iter 2810: loss 1.2746, time 47.59ms, mfu 9.72%
iter 2820: loss 1.2580, time 35.46ms, mfu 9.80%
iter 2830: loss 1.2299, time 32.16ms, mfu 9.97%
iter 2840: loss 1.2436, time 45.61ms, mfu 9.79%
iter 2850: loss 1.2632, time 44.52ms, mfu 9.65%
iter 2860: loss 1.2347, time 31.94ms, mfu 9.85%
iter 2870: loss 1.2517, time 31.58ms, mfu 10.05%
iter 2880: loss 1.2183, time 31.97ms, mfu 10.21%
iter 2890: loss 1.2668, time 47.50ms, mfu 9.97%
iter 2900: loss 1.2613, time 43.21ms, mfu 9.84%
iter 2910: loss 1.2426, time 31.51ms, mfu 10.04%
iter 2920: loss 1.2610, time 35.31ms, mfu 10.09%
iter 2930: loss 1.2015, time 36.22ms, mfu 10.11%
iter 2940: loss 1.2467, time 43.48ms, mfu 9.95%
iter 2950: loss 1.2702, time 31.58ms, mfu 10.14%
iter 2960: loss 1.2304, time 31.34ms, mfu 10.31%
iter 2970: loss 1.2350, time 33.86ms, mfu 10.38%
iter 2980: loss 1.2637, time 31.47ms, mfu 10.53%
iter 2990: loss 1.2244, time 31.81ms, mfu 10.65%
step 3000: train loss 1.1700, val loss 1.5335
saving checkpoint to out-hw1-nope
iter 3000: loss 1.2519, time 4991.75ms, mfu 9.59%
iter 3010: loss 1.2247, time 31.54ms, mfu 9.81%
iter 3020: loss 1.2403, time 31.50ms, mfu 10.01%
iter 3030: loss 1.2392, time 47.61ms, mfu 9.80%
iter 3040: loss 1.2317, time 43.67ms, mfu 9.67%
iter 3050: loss 1.2385, time 31.65ms, mfu 9.88%
iter 3060: loss 1.2169, time 31.31ms, mfu 10.08%
iter 3070: loss 1.2039, time 28.08ms, mfu 10.40%
iter 3080: loss 1.2095, time 47.02ms, mfu 10.15%
iter 3090: loss 1.2275, time 35.13ms, mfu 10.20%
iter 3100: loss 1.2144, time 31.66ms, mfu 10.36%
iter 3110: loss 1.2022, time 34.35ms, mfu 10.41%
iter 3120: loss 1.2332, time 47.45ms, mfu 10.15%
iter 3130: loss 1.2047, time 47.30ms, mfu 9.92%
iter 3140: loss 1.2022, time 31.67ms, mfu 10.11%
iter 3150: loss 1.2324, time 31.45ms, mfu 10.28%
iter 3160: loss 1.2191, time 37.13ms, mfu 10.26%
iter 3170: loss 1.2240, time 47.15ms, mfu 10.02%
iter 3180: loss 1.2192, time 31.42ms, mfu 10.20%
iter 3190: loss 1.2163, time 31.76ms, mfu 10.36%
iter 3200: loss 1.1791, time 31.30ms, mfu 10.51%
iter 3210: loss 1.2192, time 47.31ms, mfu 10.25%
iter 3220: loss 1.1860, time 31.68ms, mfu 10.40%
iter 3230: loss 1.2122, time 31.77ms, mfu 10.53%
iter 3240: loss 1.2023, time 31.57ms, mfu 10.66%
step 3250: train loss 1.1373, val loss 1.5361
iter 3250: loss 1.2012, time 4900.92ms, mfu 9.60%
iter 3260: loss 1.1876, time 47.59ms, mfu 9.42%
iter 3270: loss 1.1768, time 47.42ms, mfu 9.27%
iter 3280: loss 1.1997, time 31.76ms, mfu 9.51%
iter 3290: loss 1.1915, time 32.19ms, mfu 9.72%
iter 3300: loss 1.1877, time 47.43ms, mfu 9.53%
iter 3310: loss 1.2041, time 31.64ms, mfu 9.76%
iter 3320: loss 1.2129, time 31.51ms, mfu 9.97%
iter 3330: loss 1.1942, time 31.83ms, mfu 10.14%
iter 3340: loss 1.1974, time 47.75ms, mfu 9.91%
iter 3350: loss 1.1879, time 48.50ms, mfu 9.68%
iter 3360: loss 1.1715, time 31.43ms, mfu 9.90%
iter 3370: loss 1.1548, time 31.63ms, mfu 10.09%
iter 3380: loss 1.1990, time 31.72ms, mfu 10.25%
iter 3390: loss 1.1850, time 47.41ms, mfu 10.02%
iter 3400: loss 1.1671, time 31.32ms, mfu 10.20%
iter 3410: loss 1.1856, time 47.47ms, mfu 9.97%
iter 3420: loss 1.2088, time 31.67ms, mfu 10.15%
iter 3430: loss 1.2222, time 47.35ms, mfu 9.92%
iter 3440: loss 1.1882, time 31.47ms, mfu 10.11%
iter 3450: loss 1.1810, time 31.79ms, mfu 10.27%
iter 3460: loss 1.1785, time 31.66ms, mfu 10.42%
iter 3470: loss 1.1698, time 47.17ms, mfu 10.17%
iter 3480: loss 1.1658, time 47.12ms, mfu 9.94%
iter 3490: loss 1.1943, time 31.87ms, mfu 10.12%
step 3500: train loss 1.1286, val loss 1.5460
iter 3500: loss 1.1731, time 4916.61ms, mfu 9.11%
iter 3510: loss 1.2230, time 31.47ms, mfu 9.39%
iter 3520: loss 1.1920, time 31.70ms, mfu 9.62%
iter 3530: loss 1.1686, time 31.52ms, mfu 9.84%
iter 3540: loss 1.2074, time 43.26ms, mfu 9.72%
iter 3550: loss 1.1699, time 31.89ms, mfu 9.92%
iter 3560: loss 1.1998, time 31.61ms, mfu 10.10%
iter 3570: loss 1.1938, time 31.71ms, mfu 10.27%
iter 3580: loss 1.1730, time 31.06ms, mfu 10.44%
iter 3590: loss 1.1641, time 48.21ms, mfu 10.17%
iter 3600: loss 1.1839, time 31.66ms, mfu 10.33%
iter 3610: loss 1.1744, time 37.10ms, mfu 10.30%
iter 3620: loss 1.1823, time 31.52ms, mfu 10.45%
iter 3630: loss 1.1925, time 29.30ms, mfu 10.68%
iter 3640: loss 1.1747, time 47.44ms, mfu 10.40%
iter 3650: loss 1.1807, time 31.91ms, mfu 10.53%
iter 3660: loss 1.1865, time 31.39ms, mfu 10.66%
iter 3670: loss 1.1746, time 47.27ms, mfu 10.38%
iter 3680: loss 1.1822, time 31.76ms, mfu 10.52%
iter 3690: loss 1.1851, time 31.94ms, mfu 10.63%
iter 3700: loss 1.1879, time 31.62ms, mfu 10.75%
iter 3710: loss 1.2023, time 47.79ms, mfu 10.45%
iter 3720: loss 1.1655, time 31.73ms, mfu 10.58%
iter 3730: loss 1.1769, time 31.91ms, mfu 10.69%
iter 3740: loss 1.1567, time 31.40ms, mfu 10.81%
step 3750: train loss 1.1132, val loss 1.5445
iter 3750: loss 1.1803, time 4913.63ms, mfu 9.74%
iter 3760: loss 1.1476, time 31.71ms, mfu 9.94%
iter 3770: loss 1.1621, time 31.78ms, mfu 10.12%
iter 3780: loss 1.1621, time 47.23ms, mfu 9.89%
iter 3790: loss 1.1372, time 31.49ms, mfu 10.09%
iter 3800: loss 1.1746, time 31.35ms, mfu 10.27%
iter 3810: loss 1.1728, time 31.41ms, mfu 10.43%
iter 3820: loss 1.1430, time 47.17ms, mfu 10.17%
iter 3830: loss 1.1579, time 32.08ms, mfu 10.32%
iter 3840: loss 1.1718, time 31.90ms, mfu 10.45%
iter 3850: loss 1.1483, time 47.63ms, mfu 10.19%
iter 3860: loss 1.1358, time 31.69ms, mfu 10.35%
iter 3870: loss 1.1645, time 31.80ms, mfu 10.49%
iter 3880: loss 1.1642, time 31.79ms, mfu 10.61%
iter 3890: loss 1.1740, time 31.66ms, mfu 10.72%
iter 3900: loss 1.1691, time 47.31ms, mfu 10.44%
iter 3910: loss 1.1859, time 31.82ms, mfu 10.57%
iter 3920: loss 1.1425, time 31.34ms, mfu 10.70%
iter 3930: loss 1.1545, time 47.51ms, mfu 10.41%
iter 3940: loss 1.1256, time 31.84ms, mfu 10.54%
iter 3950: loss 1.1592, time 27.60ms, mfu 10.84%
iter 3960: loss 1.1674, time 47.47ms, mfu 10.54%
iter 3970: loss 1.1484, time 31.71ms, mfu 10.66%
iter 3980: loss 1.1632, time 47.50ms, mfu 10.38%
iter 3990: loss 1.1280, time 47.30ms, mfu 10.13%
step 4000: train loss 1.0935, val loss 1.5452
iter 4000: loss 1.1466, time 4909.85ms, mfu 9.12%
iter 4010: loss 1.1788, time 47.51ms, mfu 9.00%
iter 4020: loss 1.1615, time 31.44ms, mfu 9.28%
iter 4030: loss 1.1566, time 31.59ms, mfu 9.53%
iter 4040: loss 1.1555, time 47.41ms, mfu 9.37%
iter 4050: loss 1.1358, time 31.50ms, mfu 9.61%
iter 4060: loss 1.1491, time 30.00ms, mfu 9.89%
iter 4070: loss 1.1725, time 31.40ms, mfu 10.09%
iter 4080: loss 1.1511, time 47.38ms, mfu 9.87%
iter 4090: loss 1.1829, time 31.37ms, mfu 10.07%
iter 4100: loss 1.1293, time 36.00ms, mfu 10.10%
iter 4110: loss 1.1437, time 31.94ms, mfu 10.25%
iter 4120: loss 1.1241, time 47.67ms, mfu 10.01%
iter 4130: loss 1.1264, time 31.52ms, mfu 10.19%
iter 4140: loss 1.1382, time 25.88ms, mfu 10.61%
iter 4150: loss 1.1677, time 47.33ms, mfu 10.34%
iter 4160: loss 1.1554, time 47.45ms, mfu 10.09%
iter 4170: loss 1.1112, time 31.59ms, mfu 10.26%
iter 4180: loss 1.1374, time 31.66ms, mfu 10.41%
iter 4190: loss 1.1396, time 31.66ms, mfu 10.55%
iter 4200: loss 1.1285, time 31.65ms, mfu 10.67%
iter 4210: loss 1.1436, time 36.31ms, mfu 10.63%
iter 4220: loss 1.1463, time 31.55ms, mfu 10.75%
iter 4230: loss 1.1346, time 47.79ms, mfu 10.45%
iter 4240: loss 1.1457, time 31.66ms, mfu 10.58%
step 4250: train loss 1.0989, val loss 1.5699
iter 4250: loss 1.1277, time 4918.48ms, mfu 9.53%
iter 4260: loss 1.1385, time 31.37ms, mfu 9.77%
iter 4270: loss 1.1466, time 31.49ms, mfu 9.97%
iter 4280: loss 1.1445, time 47.84ms, mfu 9.76%
iter 4290: loss 1.1363, time 31.40ms, mfu 9.97%
iter 4300: loss 1.1457, time 31.30ms, mfu 10.16%
iter 4310: loss 1.1109, time 31.57ms, mfu 10.32%
iter 4320: loss 1.1508, time 47.29ms, mfu 10.08%
iter 4330: loss 1.1216, time 31.75ms, mfu 10.25%
iter 4340: loss 1.1318, time 31.45ms, mfu 10.41%
iter 4350: loss 1.1349, time 47.47ms, mfu 10.15%
iter 4360: loss 1.1274, time 31.29ms, mfu 10.33%
iter 4370: loss 1.1344, time 31.50ms, mfu 10.48%
iter 4380: loss 1.1502, time 47.78ms, mfu 10.21%
iter 4390: loss 1.1111, time 31.29ms, mfu 10.38%
iter 4400: loss 1.1192, time 31.44ms, mfu 10.53%
iter 4410: loss 1.1578, time 31.77ms, mfu 10.65%
iter 4420: loss 1.1474, time 47.55ms, mfu 10.37%
iter 4430: loss 1.1163, time 31.55ms, mfu 10.51%
iter 4440: loss 1.1464, time 31.60ms, mfu 10.64%
iter 4450: loss 1.1665, time 31.81ms, mfu 10.75%
iter 4460: loss 1.1291, time 31.82ms, mfu 10.84%
iter 4470: loss 1.1095, time 31.70ms, mfu 10.93%
iter 4480: loss 1.1417, time 43.16ms, mfu 10.70%
iter 4490: loss 1.1222, time 31.31ms, mfu 10.82%
step 4500: train loss 1.0726, val loss 1.5591
iter 4500: loss 1.1657, time 4920.35ms, mfu 9.75%
iter 4510: loss 1.1032, time 47.66ms, mfu 9.56%
iter 4520: loss 1.0920, time 31.43ms, mfu 9.79%
iter 4530: loss 1.1149, time 31.48ms, mfu 9.99%
iter 4540: loss 1.1335, time 31.78ms, mfu 10.16%
iter 4550: loss 1.1244, time 46.68ms, mfu 9.95%
iter 4560: loss 1.1222, time 31.57ms, mfu 10.13%
iter 4570: loss 1.1558, time 31.71ms, mfu 10.29%
iter 4580: loss 1.1234, time 31.63ms, mfu 10.44%
iter 4590: loss 1.1331, time 47.37ms, mfu 10.18%
iter 4600: loss 1.1208, time 31.63ms, mfu 10.34%
iter 4610: loss 1.1188, time 31.29ms, mfu 10.50%
iter 4620: loss 1.1247, time 47.43ms, mfu 10.24%
iter 4630: loss 1.1073, time 31.77ms, mfu 10.39%
iter 4640: loss 1.1009, time 31.63ms, mfu 10.53%
iter 4650: loss 1.1110, time 47.71ms, mfu 10.25%
iter 4660: loss 1.1403, time 44.66ms, mfu 10.06%
iter 4670: loss 1.1312, time 31.43ms, mfu 10.24%
iter 4680: loss 1.1097, time 31.37ms, mfu 10.41%
iter 4690: loss 1.0989, time 32.00ms, mfu 10.53%
iter 4700: loss 1.1425, time 43.28ms, mfu 10.34%
iter 4710: loss 1.1282, time 31.70ms, mfu 10.48%
iter 4720: loss 1.1261, time 31.43ms, mfu 10.62%
iter 4730: loss 1.1131, time 47.26ms, mfu 10.34%
iter 4740: loss 1.1026, time 31.35ms, mfu 10.50%
step 4750: train loss 1.0413, val loss 1.5503
iter 4750: loss 1.1317, time 4933.93ms, mfu 9.46%
iter 4760: loss 1.1328, time 31.96ms, mfu 9.68%
iter 4770: loss 1.1058, time 32.04ms, mfu 9.87%
iter 4780: loss 1.1318, time 41.48ms, mfu 9.78%
iter 4790: loss 1.1145, time 31.37ms, mfu 9.99%
iter 4800: loss 1.1357, time 31.59ms, mfu 10.17%
iter 4810: loss 1.1040, time 47.14ms, mfu 9.95%
iter 4820: loss 1.1147, time 31.76ms, mfu 10.12%
iter 4830: loss 1.0981, time 31.36ms, mfu 10.30%
iter 4840: loss 1.0947, time 36.84ms, mfu 10.28%
iter 4850: loss 1.1204, time 47.40ms, mfu 10.04%
iter 4860: loss 1.1080, time 31.86ms, mfu 10.21%
iter 4870: loss 1.1248, time 29.45ms, mfu 10.45%
iter 4880: loss 1.0978, time 47.30ms, mfu 10.19%
iter 4890: loss 1.1309, time 31.84ms, mfu 10.34%
iter 4900: loss 1.1393, time 31.71ms, mfu 10.48%
iter 4910: loss 1.0843, time 47.65ms, mfu 10.22%
iter 4920: loss 1.1019, time 31.56ms, mfu 10.38%
iter 4930: loss 1.1200, time 31.50ms, mfu 10.52%
iter 4940: loss 1.1170, time 47.49ms, mfu 10.25%
iter 4950: loss 1.1260, time 31.30ms, mfu 10.42%
iter 4960: loss 1.0955, time 31.71ms, mfu 10.55%
iter 4970: loss 1.0862, time 47.23ms, mfu 10.29%
iter 4980: loss 1.1178, time 47.31ms, mfu 10.05%
iter 4990: loss 1.1163, time 31.49ms, mfu 10.22%
step 5000: train loss 1.0671, val loss 1.5666
iter 5000: loss 1.1154, time 5021.47ms, mfu 9.21%
=== D:\hw1\Gengerative-AI\.venv\Scripts\python.exe -u train.py config/hw1_rope.py
Overriding config with config/hw1_rope.py:
# HW1 Q4 variant: rope. Same as train_shakespeare_char.py, one change only.
exec(open('config/train_shakespeare_char.py').read())
out_dir = 'out-hw1-rope'
compile = False # torch.compile needs triton, which isn't available on Windows/MPS
pos_enc = 'rope'

tokens per iteration will be: 16,384
found vocab_size = 65 (inside data\shakespeare_char\meta.pkl)
Initializing a new model from scratch
number of parameters: 10.65M
D:\hw1\Gengerative-AI\train.py:201: FutureWarning: `torch.cuda.amp.GradScaler(args...)` is deprecated. Please use `torch.amp.GradScaler('cuda', args...)` instead.
  scaler = torch.cuda.amp.GradScaler(enabled=(dtype == 'float16'))
num decayed parameter tensors: 25, with 10,641,792 parameters
num non-decayed parameter tensors: 13, with 4,992 parameters
using fused AdamW: True
step 0: train loss 4.1935, val loss 4.2004
iter 0: loss 4.2170, time 6930.59ms, mfu -100.00%
iter 10: loss 3.0463, time 47.27ms, mfu 7.88%
iter 20: loss 2.6891, time 47.32ms, mfu 7.88%
iter 30: loss 2.5596, time 47.25ms, mfu 7.88%
iter 40: loss 2.4958, time 63.30ms, mfu 7.68%
iter 50: loss 2.4179, time 63.13ms, mfu 7.51%
iter 60: loss 2.3135, time 47.32ms, mfu 7.54%
iter 70: loss 2.2657, time 47.19ms, mfu 7.58%
iter 80: loss 2.1855, time 47.57ms, mfu 7.60%
iter 90: loss 2.1295, time 47.32ms, mfu 7.63%
iter 100: loss 2.0717, time 47.76ms, mfu 7.65%
iter 110: loss 2.0438, time 47.04ms, mfu 7.67%
iter 120: loss 2.0086, time 61.86ms, mfu 7.51%
iter 130: loss 1.9260, time 63.16ms, mfu 7.35%
iter 140: loss 1.9302, time 47.30ms, mfu 7.40%
iter 150: loss 1.8900, time 47.70ms, mfu 7.44%
iter 160: loss 1.8555, time 47.38ms, mfu 7.48%
iter 170: loss 1.8103, time 47.45ms, mfu 7.52%
iter 180: loss 1.8162, time 47.70ms, mfu 7.55%
iter 190: loss 1.7889, time 47.31ms, mfu 7.58%
iter 200: loss 1.7504, time 47.39ms, mfu 7.61%
iter 210: loss 1.7179, time 31.43ms, mfu 8.04%
iter 220: loss 1.7434, time 62.87ms, mfu 7.82%
iter 230: loss 1.7065, time 31.38ms, mfu 8.23%
iter 240: loss 1.6828, time 47.35ms, mfu 8.19%
step 250: train loss 1.5835, val loss 1.7614
saving checkpoint to out-hw1-rope
iter 250: loss 1.6580, time 6889.82ms, mfu 7.38%
iter 260: loss 1.6249, time 47.17ms, mfu 7.43%
iter 270: loss 1.6434, time 47.38ms, mfu 7.48%
iter 280: loss 1.6718, time 47.41ms, mfu 7.51%
iter 290: loss 1.6264, time 47.75ms, mfu 7.54%
iter 300: loss 1.6372, time 47.05ms, mfu 7.58%
iter 310: loss 1.5907, time 47.41ms, mfu 7.61%
iter 320: loss 1.5911, time 47.26ms, mfu 7.64%
iter 330: loss 1.5598, time 47.38ms, mfu 7.66%
iter 340: loss 1.5613, time 47.00ms, mfu 7.69%
iter 350: loss 1.5606, time 47.32ms, mfu 7.70%
iter 360: loss 1.5621, time 47.69ms, mfu 7.72%
iter 370: loss 1.5575, time 47.41ms, mfu 7.73%
iter 380: loss 1.5363, time 47.35ms, mfu 7.74%
iter 390: loss 1.5218, time 47.61ms, mfu 7.75%
iter 400: loss 1.4771, time 63.76ms, mfu 7.56%
iter 410: loss 1.5165, time 45.32ms, mfu 7.63%
iter 420: loss 1.4561, time 44.64ms, mfu 7.70%
iter 430: loss 1.4598, time 50.02ms, mfu 7.67%
iter 440: loss 1.5046, time 47.55ms, mfu 7.69%
iter 450: loss 1.4799, time 50.83ms, mfu 7.65%
iter 460: loss 1.4261, time 50.27ms, mfu 7.63%
iter 470: loss 1.4311, time 51.03ms, mfu 7.60%
iter 480: loss 1.4504, time 47.34ms, mfu 7.62%
iter 490: loss 1.4428, time 47.27ms, mfu 7.65%
step 500: train loss 1.3575, val loss 1.5841
saving checkpoint to out-hw1-rope
iter 500: loss 1.4979, time 6907.41ms, mfu 6.89%
iter 510: loss 1.4477, time 47.34ms, mfu 6.99%
iter 520: loss 1.4315, time 50.31ms, mfu 7.03%
iter 530: loss 1.4299, time 50.97ms, mfu 7.06%
iter 540: loss 1.4201, time 49.96ms, mfu 7.10%
iter 550: loss 1.4203, time 47.01ms, mfu 7.18%
iter 560: loss 1.3980, time 37.07ms, mfu 7.47%
iter 570: loss 1.4045, time 47.24ms, mfu 7.51%
iter 580: loss 1.3947, time 58.12ms, mfu 7.40%
iter 590: loss 1.4243, time 45.10ms, mfu 7.49%
iter 600: loss 1.3939, time 54.12ms, mfu 7.43%
iter 610: loss 1.3508, time 58.98ms, mfu 7.32%
iter 620: loss 1.3811, time 47.17ms, mfu 7.37%
iter 630: loss 1.3870, time 47.35ms, mfu 7.42%
iter 640: loss 1.3778, time 45.04ms, mfu 7.51%
iter 650: loss 1.3765, time 47.22ms, mfu 7.55%
iter 660: loss 1.3289, time 48.83ms, mfu 7.56%
iter 670: loss 1.3534, time 47.03ms, mfu 7.59%
iter 680: loss 1.3123, time 51.90ms, mfu 7.55%
iter 690: loss 1.3423, time 63.37ms, mfu 7.38%
iter 700: loss 1.3067, time 50.35ms, mfu 7.39%
iter 710: loss 1.3216, time 37.83ms, mfu 7.63%
iter 720: loss 1.3411, time 56.91ms, mfu 7.52%
iter 730: loss 1.3558, time 47.39ms, mfu 7.56%
iter 740: loss 1.3259, time 63.16ms, mfu 7.39%
step 750: train loss 1.2587, val loss 1.5203
saving checkpoint to out-hw1-rope
iter 750: loss 1.2989, time 6947.71ms, mfu 6.66%
iter 760: loss 1.3319, time 51.60ms, mfu 6.71%
iter 770: loss 1.3084, time 51.09ms, mfu 6.77%
iter 780: loss 1.2875, time 48.78ms, mfu 6.86%
iter 790: loss 1.3272, time 59.29ms, mfu 6.80%
iter 800: loss 1.2860, time 58.20ms, mfu 6.76%
iter 810: loss 1.2953, time 51.80ms, mfu 6.80%
iter 820: loss 1.3112, time 50.10ms, mfu 6.87%
iter 830: loss 1.2616, time 51.33ms, mfu 6.91%
iter 840: loss 1.2772, time 59.77ms, mfu 6.84%
iter 850: loss 1.3098, time 31.81ms, mfu 7.33%
iter 860: loss 1.2798, time 43.00ms, mfu 7.46%
iter 870: loss 1.2744, time 31.44ms, mfu 7.90%
iter 880: loss 1.2762, time 47.47ms, mfu 7.90%
iter 890: loss 1.2985, time 47.14ms, mfu 7.90%
iter 900: loss 1.2770, time 32.08ms, mfu 8.27%
iter 910: loss 1.2883, time 63.09ms, mfu 8.03%
iter 920: loss 1.2683, time 47.39ms, mfu 8.02%
iter 930: loss 1.2789, time 31.70ms, mfu 8.39%
iter 940: loss 1.2728, time 29.59ms, mfu 8.81%
iter 950: loss 1.2195, time 47.73ms, mfu 8.71%
iter 960: loss 1.2506, time 47.44ms, mfu 8.62%
iter 970: loss 1.2745, time 51.58ms, mfu 8.48%
iter 980: loss 1.2714, time 47.06ms, mfu 8.43%
iter 990: loss 1.2668, time 47.29ms, mfu 8.37%
step 1000: train loss 1.1843, val loss 1.4738
saving checkpoint to out-hw1-rope
iter 1000: loss 1.2620, time 6931.72ms, mfu 7.54%
iter 1010: loss 1.2387, time 47.05ms, mfu 7.58%
iter 1020: loss 1.2433, time 53.29ms, mfu 7.52%
iter 1030: loss 1.2393, time 47.61ms, mfu 7.55%
iter 1040: loss 1.2180, time 31.73ms, mfu 7.97%
iter 1050: loss 1.2585, time 62.97ms, mfu 7.76%
iter 1060: loss 1.2470, time 62.73ms, mfu 7.58%
iter 1070: loss 1.2486, time 47.22ms, mfu 7.61%
iter 1080: loss 1.2654, time 51.96ms, mfu 7.57%
iter 1090: loss 1.2502, time 47.05ms, mfu 7.60%
iter 1100: loss 1.2254, time 62.75ms, mfu 7.44%
iter 1110: loss 1.2320, time 47.05ms, mfu 7.49%
iter 1120: loss 1.2365, time 43.44ms, mfu 7.59%
iter 1130: loss 1.2039, time 47.28ms, mfu 7.62%
iter 1140: loss 1.2324, time 47.27ms, mfu 7.65%
iter 1150: loss 1.2661, time 63.75ms, mfu 7.47%
iter 1160: loss 1.2207, time 47.15ms, mfu 7.51%
iter 1170: loss 1.2202, time 48.11ms, mfu 7.54%
iter 1180: loss 1.2155, time 62.67ms, mfu 7.38%
iter 1190: loss 1.2362, time 47.40ms, mfu 7.43%
iter 1200: loss 1.2256, time 47.25ms, mfu 7.47%
iter 1210: loss 1.2062, time 47.29ms, mfu 7.51%
iter 1220: loss 1.2109, time 47.05ms, mfu 7.55%
iter 1230: loss 1.1643, time 47.42ms, mfu 7.58%
iter 1240: loss 1.1951, time 62.94ms, mfu 7.42%
step 1250: train loss 1.1270, val loss 1.4801
iter 1250: loss 1.1994, time 6842.60ms, mfu 6.68%
iter 1260: loss 1.2181, time 41.92ms, mfu 6.90%
iter 1270: loss 1.1871, time 47.23ms, mfu 7.00%
iter 1280: loss 1.2173, time 47.21ms, mfu 7.09%
iter 1290: loss 1.1953, time 47.08ms, mfu 7.17%
iter 1300: loss 1.1743, time 47.72ms, mfu 7.24%
iter 1310: loss 1.1953, time 61.07ms, mfu 7.12%
iter 1320: loss 1.1850, time 63.04ms, mfu 7.00%
iter 1330: loss 1.1750, time 46.93ms, mfu 7.10%
iter 1340: loss 1.1960, time 47.05ms, mfu 7.18%
iter 1350: loss 1.1620, time 63.25ms, mfu 7.05%
iter 1360: loss 1.1816, time 63.14ms, mfu 6.93%
iter 1370: loss 1.1979, time 47.23ms, mfu 7.03%
iter 1380: loss 1.1529, time 47.12ms, mfu 7.12%
iter 1390: loss 1.1617, time 47.42ms, mfu 7.19%
iter 1400: loss 1.1718, time 62.82ms, mfu 7.07%
iter 1410: loss 1.1854, time 63.42ms, mfu 6.95%
iter 1420: loss 1.1799, time 48.13ms, mfu 7.03%
iter 1430: loss 1.1688, time 47.38ms, mfu 7.11%
iter 1440: loss 1.1742, time 62.91ms, mfu 6.99%
iter 1450: loss 1.1508, time 47.61ms, mfu 7.07%
iter 1460: loss 1.1416, time 47.35ms, mfu 7.15%
iter 1470: loss 1.1613, time 45.02ms, mfu 7.27%
iter 1480: loss 1.1596, time 51.90ms, mfu 7.26%
iter 1490: loss 1.1900, time 47.08ms, mfu 7.32%
step 1500: train loss 1.0796, val loss 1.4676
saving checkpoint to out-hw1-rope
iter 1500: loss 1.1405, time 6930.56ms, mfu 6.60%
iter 1510: loss 1.1636, time 47.03ms, mfu 6.73%
iter 1520: loss 1.1507, time 62.88ms, mfu 6.65%
iter 1530: loss 1.1423, time 47.65ms, mfu 6.77%
iter 1540: loss 1.1638, time 46.99ms, mfu 6.88%
iter 1550: loss 1.1386, time 47.36ms, mfu 6.98%
iter 1560: loss 1.1669, time 62.95ms, mfu 6.87%
iter 1570: loss 1.1636, time 47.46ms, mfu 6.97%
iter 1580: loss 1.1234, time 47.34ms, mfu 7.06%
iter 1590: loss 1.1250, time 63.06ms, mfu 6.95%
iter 1600: loss 1.0828, time 63.07ms, mfu 6.84%
iter 1610: loss 1.1212, time 47.60ms, mfu 6.94%
iter 1620: loss 1.1193, time 46.94ms, mfu 7.04%
iter 1630: loss 1.1420, time 38.31ms, mfu 7.31%
iter 1640: loss 1.1498, time 37.22ms, mfu 7.58%
iter 1650: loss 1.1470, time 63.39ms, mfu 7.41%
iter 1660: loss 1.1227, time 45.33ms, mfu 7.49%
iter 1670: loss 1.1593, time 49.15ms, mfu 7.50%
iter 1680: loss 1.1391, time 47.80ms, mfu 7.53%
iter 1690: loss 1.1133, time 63.72ms, mfu 7.36%
iter 1700: loss 1.1262, time 63.22ms, mfu 7.21%
iter 1710: loss 1.1149, time 47.56ms, mfu 7.28%
iter 1720: loss 1.1265, time 47.20ms, mfu 7.34%
iter 1730: loss 1.0906, time 47.34ms, mfu 7.39%
iter 1740: loss 1.1030, time 47.11ms, mfu 7.44%
step 1750: train loss 1.0235, val loss 1.4674
saving checkpoint to out-hw1-rope
iter 1750: loss 1.1169, time 6945.51ms, mfu 6.70%
iter 1760: loss 1.1366, time 46.98ms, mfu 6.83%
iter 1770: loss 1.1065, time 31.58ms, mfu 7.32%
iter 1780: loss 1.1201, time 47.15ms, mfu 7.38%
iter 1790: loss 1.1114, time 47.14ms, mfu 7.43%
iter 1800: loss 1.1083, time 58.90ms, mfu 7.32%
iter 1810: loss 1.1106, time 47.52ms, mfu 7.38%
iter 1820: loss 1.1324, time 47.23ms, mfu 7.43%
iter 1830: loss 1.0758, time 63.01ms, mfu 7.28%
iter 1840: loss 1.0753, time 47.13ms, mfu 7.34%
iter 1850: loss 1.1141, time 47.08ms, mfu 7.40%
iter 1860: loss 1.1227, time 49.02ms, mfu 7.42%
iter 1870: loss 1.0572, time 47.19ms, mfu 7.46%
iter 1880: loss 1.1247, time 50.07ms, mfu 7.46%
iter 1890: loss 1.0763, time 32.04ms, mfu 7.88%
iter 1900: loss 1.1091, time 46.96ms, mfu 7.88%
iter 1910: loss 1.1068, time 49.62ms, mfu 7.85%
iter 1920: loss 1.0958, time 47.28ms, mfu 7.85%
iter 1930: loss 1.0823, time 31.66ms, mfu 8.24%
iter 1940: loss 1.0815, time 47.45ms, mfu 8.20%
iter 1950: loss 1.1000, time 47.95ms, mfu 8.16%
iter 1960: loss 1.0664, time 47.29ms, mfu 8.13%
iter 1970: loss 1.0956, time 51.60ms, mfu 8.04%
iter 1980: loss 1.1025, time 31.83ms, mfu 8.41%
iter 1990: loss 1.0911, time 47.14ms, mfu 8.36%
step 2000: train loss 0.9710, val loss 1.4928
iter 2000: loss 1.1168, time 6859.66ms, mfu 7.53%
iter 2010: loss 1.0891, time 47.56ms, mfu 7.56%
iter 2020: loss 1.0735, time 47.79ms, mfu 7.58%
iter 2030: loss 1.0875, time 63.14ms, mfu 7.41%
iter 2040: loss 1.0494, time 63.37ms, mfu 7.26%
iter 2050: loss 1.0746, time 47.31ms, mfu 7.32%
iter 2060: loss 1.0699, time 49.43ms, mfu 7.34%
iter 2070: loss 1.0609, time 47.59ms, mfu 7.39%
iter 2080: loss 1.0673, time 63.23ms, mfu 7.24%
iter 2090: loss 1.0627, time 49.82ms, mfu 7.27%
iter 2100: loss 1.0843, time 47.45ms, mfu 7.32%
iter 2110: loss 1.0969, time 47.17ms, mfu 7.38%
iter 2120: loss 1.0612, time 31.60ms, mfu 7.82%
iter 2130: loss 1.0469, time 56.69ms, mfu 7.70%
iter 2140: loss 1.0538, time 47.34ms, mfu 7.72%
iter 2150: loss 1.0614, time 47.71ms, mfu 7.73%
iter 2160: loss 1.0453, time 37.72ms, mfu 7.94%
iter 2170: loss 1.0397, time 47.28ms, mfu 7.93%
iter 2180: loss 1.0388, time 47.15ms, mfu 7.93%
iter 2190: loss 1.0433, time 63.24ms, mfu 7.73%
iter 2200: loss 1.0353, time 37.96ms, mfu 7.94%
iter 2210: loss 1.0333, time 38.22ms, mfu 8.12%
iter 2220: loss 1.0328, time 47.29ms, mfu 8.09%
iter 2230: loss 1.0340, time 47.62ms, mfu 8.07%
iter 2240: loss 1.0267, time 63.49ms, mfu 7.85%
step 2250: train loss 0.9227, val loss 1.4946
iter 2250: loss 1.0268, time 6868.21ms, mfu 7.07%
iter 2260: loss 1.0149, time 47.51ms, mfu 7.15%
iter 2270: loss 1.0325, time 47.77ms, mfu 7.21%
iter 2280: loss 1.0320, time 65.47ms, mfu 7.06%
iter 2290: loss 1.0265, time 47.36ms, mfu 7.14%
iter 2300: loss 1.0147, time 47.82ms, mfu 7.21%
iter 2310: loss 1.0512, time 47.43ms, mfu 7.27%
iter 2320: loss 1.0194, time 51.19ms, mfu 7.27%
iter 2330: loss 1.0270, time 47.53ms, mfu 7.33%
iter 2340: loss 1.0195, time 31.62ms, mfu 7.77%
iter 2350: loss 1.0223, time 55.30ms, mfu 7.67%
iter 2360: loss 1.0258, time 63.28ms, mfu 7.49%
iter 2370: loss 1.0280, time 46.95ms, mfu 7.54%
iter 2380: loss 1.0250, time 62.96ms, mfu 7.37%
iter 2390: loss 1.0322, time 47.19ms, mfu 7.43%
iter 2400: loss 1.0147, time 47.14ms, mfu 7.47%
iter 2410: loss 1.0243, time 46.96ms, mfu 7.52%
iter 2420: loss 1.0147, time 63.17ms, mfu 7.36%
iter 2430: loss 1.0052, time 47.51ms, mfu 7.41%
iter 2440: loss 0.9915, time 47.65ms, mfu 7.45%
iter 2450: loss 0.9769, time 47.47ms, mfu 7.49%
iter 2460: loss 1.0131, time 51.53ms, mfu 7.46%
iter 2470: loss 0.9958, time 31.91ms, mfu 7.88%
iter 2480: loss 1.0014, time 47.24ms, mfu 7.88%
iter 2490: loss 0.9742, time 45.26ms, mfu 7.92%
step 2500: train loss 0.8747, val loss 1.5134
iter 2500: loss 0.9931, time 6857.96ms, mfu 7.13%
iter 2510: loss 1.0116, time 43.20ms, mfu 7.28%
iter 2520: loss 1.0184, time 47.19ms, mfu 7.34%
iter 2530: loss 1.0145, time 47.47ms, mfu 7.39%
iter 2540: loss 1.0075, time 47.28ms, mfu 7.44%
iter 2550: loss 1.0063, time 47.64ms, mfu 7.48%
iter 2560: loss 0.9759, time 63.22ms, mfu 7.32%
iter 2570: loss 1.0011, time 47.47ms, mfu 7.37%
iter 2580: loss 0.9889, time 42.66ms, mfu 7.51%
iter 2590: loss 0.9996, time 31.36ms, mfu 7.95%
iter 2600: loss 0.9952, time 47.50ms, mfu 7.94%
iter 2610: loss 1.0094, time 43.08ms, mfu 8.01%
iter 2620: loss 0.9833, time 63.59ms, mfu 7.79%
iter 2630: loss 0.9901, time 47.14ms, mfu 7.80%
iter 2640: loss 0.9892, time 46.97ms, mfu 7.82%
iter 2650: loss 0.9699, time 47.27ms, mfu 7.82%
iter 2660: loss 1.0224, time 31.28ms, mfu 8.23%
iter 2670: loss 1.0007, time 47.86ms, mfu 8.19%
iter 2680: loss 0.9767, time 47.27ms, mfu 8.16%
iter 2690: loss 0.9783, time 47.01ms, mfu 8.13%
iter 2700: loss 0.9542, time 47.70ms, mfu 8.10%
iter 2710: loss 0.9780, time 47.35ms, mfu 8.08%
iter 2720: loss 0.9538, time 62.99ms, mfu 7.86%
iter 2730: loss 0.9696, time 47.25ms, mfu 7.86%
iter 2740: loss 0.9757, time 47.07ms, mfu 7.87%
step 2750: train loss 0.8252, val loss 1.5295
iter 2750: loss 0.9899, time 6887.23ms, mfu 7.09%
iter 2760: loss 0.9500, time 47.63ms, mfu 7.16%
iter 2770: loss 0.9740, time 62.82ms, mfu 7.04%
iter 2780: loss 0.9206, time 47.41ms, mfu 7.12%
iter 2790: loss 0.9541, time 47.19ms, mfu 7.20%
iter 2800: loss 0.9550, time 31.36ms, mfu 7.67%
iter 2810: loss 0.9763, time 47.17ms, mfu 7.69%
iter 2820: loss 0.9626, time 43.68ms, mfu 7.77%
iter 2830: loss 0.9437, time 47.82ms, mfu 7.78%
iter 2840: loss 0.9453, time 47.49ms, mfu 7.78%
iter 2850: loss 0.9503, time 63.39ms, mfu 7.59%
iter 2860: loss 0.9484, time 46.95ms, mfu 7.63%
iter 2870: loss 0.9502, time 62.64ms, mfu 7.46%
iter 2880: loss 0.9348, time 47.30ms, mfu 7.50%
iter 2890: loss 0.9567, time 47.28ms, mfu 7.54%
iter 2900: loss 0.9605, time 63.17ms, mfu 7.37%
iter 2910: loss 0.9507, time 47.03ms, mfu 7.43%
iter 2920: loss 0.9636, time 47.26ms, mfu 7.48%
iter 2930: loss 0.9014, time 47.18ms, mfu 7.52%
iter 2940: loss 0.9376, time 63.26ms, mfu 7.35%
iter 2950: loss 0.9657, time 46.96ms, mfu 7.41%
iter 2960: loss 0.9196, time 55.46ms, mfu 7.34%
iter 2970: loss 0.9260, time 31.48ms, mfu 7.79%
iter 2980: loss 0.9364, time 46.97ms, mfu 7.81%
iter 2990: loss 0.9208, time 47.58ms, mfu 7.81%
step 3000: train loss 0.7765, val loss 1.5731
iter 3000: loss 0.9484, time 6855.96ms, mfu 7.03%
iter 3010: loss 0.9243, time 63.11ms, mfu 6.92%
iter 3020: loss 0.9296, time 31.51ms, mfu 7.41%
iter 3030: loss 0.9379, time 47.36ms, mfu 7.46%
iter 3040: loss 0.9306, time 47.35ms, mfu 7.50%
iter 3050: loss 0.9442, time 47.46ms, mfu 7.53%
iter 3060: loss 0.9241, time 56.28ms, mfu 7.44%
iter 3070: loss 0.9060, time 63.41ms, mfu 7.29%
iter 3080: loss 0.9023, time 47.11ms, mfu 7.35%
iter 3090: loss 0.9221, time 31.68ms, mfu 7.79%
iter 3100: loss 0.9163, time 47.00ms, mfu 7.80%
iter 3110: loss 0.9023, time 47.33ms, mfu 7.81%
iter 3120: loss 0.9301, time 47.34ms, mfu 7.82%
iter 3130: loss 0.9001, time 42.94ms, mfu 7.90%
iter 3140: loss 0.9153, time 47.23ms, mfu 7.90%
iter 3150: loss 0.9229, time 31.79ms, mfu 8.28%
iter 3160: loss 0.9127, time 31.73ms, mfu 8.63%
iter 3170: loss 0.9062, time 47.38ms, mfu 8.55%
iter 3180: loss 0.9185, time 31.42ms, mfu 8.88%
iter 3190: loss 0.9050, time 47.42ms, mfu 8.78%
iter 3200: loss 0.8777, time 47.31ms, mfu 8.69%
iter 3210: loss 0.9155, time 47.20ms, mfu 8.61%
iter 3220: loss 0.8955, time 47.40ms, mfu 8.54%
iter 3230: loss 0.9009, time 46.96ms, mfu 8.48%
iter 3240: loss 0.9055, time 63.17ms, mfu 8.22%
step 3250: train loss 0.7344, val loss 1.5967
iter 3250: loss 0.8946, time 6873.44ms, mfu 7.40%
iter 3260: loss 0.8903, time 30.65ms, mfu 7.88%
iter 3270: loss 0.8674, time 47.16ms, mfu 7.88%
iter 3280: loss 0.8926, time 47.47ms, mfu 7.88%
iter 3290: loss 0.8774, time 47.20ms, mfu 7.88%
iter 3300: loss 0.8883, time 47.13ms, mfu 7.88%
iter 3310: loss 0.8931, time 62.91ms, mfu 7.69%
iter 3320: loss 0.9031, time 62.93ms, mfu 7.51%
iter 3330: loss 0.8882, time 47.15ms, mfu 7.55%
iter 3340: loss 0.8827, time 46.98ms, mfu 7.59%
iter 3350: loss 0.8835, time 46.93ms, mfu 7.62%
iter 3360: loss 0.8667, time 63.11ms, mfu 7.45%
iter 3370: loss 0.8526, time 46.97ms, mfu 7.50%
iter 3380: loss 0.8806, time 47.15ms, mfu 7.54%
iter 3390: loss 0.8509, time 47.38ms, mfu 7.57%
iter 3400: loss 0.8592, time 32.07ms, mfu 7.98%
iter 3410: loss 0.8756, time 64.71ms, mfu 7.75%
iter 3420: loss 0.8809, time 47.23ms, mfu 7.77%
iter 3430: loss 0.9020, time 46.99ms, mfu 7.78%
iter 3440: loss 0.8624, time 34.04ms, mfu 8.10%
iter 3450: loss 0.8690, time 50.43ms, mfu 8.03%
iter 3460: loss 0.8576, time 47.47ms, mfu 8.01%
iter 3470: loss 0.8524, time 62.95ms, mfu 7.80%
iter 3480: loss 0.8691, time 48.57ms, mfu 7.79%
iter 3490: loss 0.8614, time 47.79ms, mfu 7.79%
step 3500: train loss 0.6904, val loss 1.6360
iter 3500: loss 0.8560, time 6858.65ms, mfu 7.02%
iter 3510: loss 0.8998, time 42.64ms, mfu 7.19%
iter 3520: loss 0.8613, time 47.16ms, mfu 7.26%
iter 3530: loss 0.8655, time 31.58ms, mfu 7.71%
iter 3540: loss 0.8750, time 47.50ms, mfu 7.73%
iter 3550: loss 0.8588, time 56.21ms, mfu 7.62%
iter 3560: loss 0.8793, time 63.06ms, mfu 7.45%
iter 3570: loss 0.8629, time 47.34ms, mfu 7.49%
iter 3580: loss 0.8612, time 62.89ms, mfu 7.33%
iter 3590: loss 0.8472, time 47.31ms, mfu 7.39%
iter 3600: loss 0.8478, time 31.39ms, mfu 7.84%
iter 3610: loss 0.8506, time 47.01ms, mfu 7.84%
iter 3620: loss 0.8477, time 49.34ms, mfu 7.82%
iter 3630: loss 0.8661, time 47.11ms, mfu 7.82%
iter 3640: loss 0.8463, time 47.32ms, mfu 7.83%
iter 3650: loss 0.8580, time 47.81ms, mfu 7.83%
iter 3660: loss 0.8604, time 63.46ms, mfu 7.63%
iter 3670: loss 0.8412, time 47.35ms, mfu 7.65%
iter 3680: loss 0.8463, time 61.07ms, mfu 7.50%
iter 3690: loss 0.8658, time 47.08ms, mfu 7.54%
iter 3700: loss 0.8552, time 47.00ms, mfu 7.58%
iter 3710: loss 0.8693, time 31.44ms, mfu 8.01%
iter 3720: loss 0.8386, time 47.33ms, mfu 7.99%
iter 3730: loss 0.8502, time 47.17ms, mfu 7.98%
iter 3740: loss 0.8469, time 46.92ms, mfu 7.98%
step 3750: train loss 0.6533, val loss 1.6529
iter 3750: loss 0.8385, time 6875.58ms, mfu 7.19%
iter 3760: loss 0.8302, time 47.34ms, mfu 7.26%
iter 3770: loss 0.8390, time 47.21ms, mfu 7.32%
iter 3780: loss 0.8257, time 46.96ms, mfu 7.38%
iter 3790: loss 0.8206, time 47.02ms, mfu 7.44%
iter 3800: loss 0.8428, time 47.63ms, mfu 7.47%
iter 3810: loss 0.8373, time 31.51ms, mfu 7.91%
iter 3820: loss 0.8140, time 47.48ms, mfu 7.90%
iter 3830: loss 0.8292, time 47.33ms, mfu 7.90%
iter 3840: loss 0.8387, time 63.45ms, mfu 7.70%
iter 3850: loss 0.8122, time 47.69ms, mfu 7.71%
iter 3860: loss 0.8190, time 63.62ms, mfu 7.52%
iter 3870: loss 0.8397, time 47.18ms, mfu 7.56%
iter 3880: loss 0.8384, time 47.17ms, mfu 7.60%
iter 3890: loss 0.8284, time 47.54ms, mfu 7.62%
iter 3900: loss 0.8296, time 62.67ms, mfu 7.45%
iter 3910: loss 0.8368, time 47.37ms, mfu 7.49%
iter 3920: loss 0.8220, time 49.47ms, mfu 7.50%
iter 3930: loss 0.8228, time 39.33ms, mfu 7.70%
iter 3940: loss 0.7868, time 47.21ms, mfu 7.71%
iter 3950: loss 0.8258, time 64.35ms, mfu 7.52%
iter 3960: loss 0.8195, time 63.02ms, mfu 7.36%
iter 3970: loss 0.8130, time 47.09ms, mfu 7.42%
iter 3980: loss 0.8208, time 38.13ms, mfu 7.65%
iter 3990: loss 0.7961, time 47.65ms, mfu 7.67%
step 4000: train loss 0.6193, val loss 1.6768
iter 4000: loss 0.8113, time 6866.83ms, mfu 6.91%
iter 4010: loss 0.8296, time 45.91ms, mfu 7.03%
iter 4020: loss 0.8297, time 31.41ms, mfu 7.51%
iter 4030: loss 0.8175, time 47.27ms, mfu 7.55%
iter 4040: loss 0.8092, time 47.38ms, mfu 7.58%
iter 4050: loss 0.8000, time 63.09ms, mfu 7.41%
iter 4060: loss 0.8167, time 47.09ms, mfu 7.46%
iter 4070: loss 0.8281, time 63.22ms, mfu 7.31%
iter 4080: loss 0.8083, time 47.19ms, mfu 7.37%
iter 4090: loss 0.8358, time 52.23ms, mfu 7.34%
iter 4100: loss 0.8047, time 62.62ms, mfu 7.20%
iter 4110: loss 0.8133, time 65.39ms, mfu 7.05%
iter 4120: loss 0.7904, time 47.16ms, mfu 7.14%
iter 4130: loss 0.8020, time 62.88ms, mfu 7.02%
iter 4140: loss 0.7907, time 46.99ms, mfu 7.11%
iter 4150: loss 0.8165, time 47.44ms, mfu 7.18%
iter 4160: loss 0.8035, time 63.31ms, mfu 7.05%
iter 4170: loss 0.7746, time 47.17ms, mfu 7.14%
iter 4180: loss 0.7946, time 31.37ms, mfu 7.61%
iter 4190: loss 0.8005, time 47.41ms, mfu 7.64%
iter 4200: loss 0.7998, time 45.51ms, mfu 7.69%
iter 4210: loss 0.8103, time 31.28ms, mfu 8.11%
iter 4220: loss 0.8076, time 47.64ms, mfu 8.08%
iter 4230: loss 0.8019, time 54.36ms, mfu 7.96%
iter 4240: loss 0.8117, time 63.00ms, mfu 7.76%
step 4250: train loss 0.5957, val loss 1.6947
iter 4250: loss 0.7885, time 6857.07ms, mfu 6.99%
iter 4260: loss 0.8050, time 47.50ms, mfu 7.07%
iter 4270: loss 0.8011, time 63.32ms, mfu 6.95%
iter 4280: loss 0.8061, time 47.46ms, mfu 7.04%
iter 4290: loss 0.7996, time 49.51ms, mfu 7.09%
iter 4300: loss 0.7925, time 62.93ms, mfu 6.97%
iter 4310: loss 0.7893, time 45.96ms, mfu 7.09%
iter 4320: loss 0.8042, time 47.59ms, mfu 7.16%
iter 4330: loss 0.7888, time 62.98ms, mfu 7.04%
iter 4340: loss 0.7904, time 47.07ms, mfu 7.13%
iter 4350: loss 0.7980, time 63.15ms, mfu 7.00%
iter 4360: loss 0.7861, time 47.30ms, mfu 7.09%
iter 4370: loss 0.7883, time 64.29ms, mfu 6.96%
iter 4380: loss 0.8075, time 47.54ms, mfu 7.05%
iter 4390: loss 0.7832, time 47.25ms, mfu 7.13%
iter 4400: loss 0.7750, time 63.11ms, mfu 7.01%
iter 4410: loss 0.8126, time 47.25ms, mfu 7.10%
iter 4420: loss 0.7985, time 47.29ms, mfu 7.18%
iter 4430: loss 0.7795, time 62.98ms, mfu 7.05%
iter 4440: loss 0.7959, time 63.32ms, mfu 6.93%
iter 4450: loss 0.8105, time 47.08ms, mfu 7.03%
iter 4460: loss 0.7844, time 47.43ms, mfu 7.11%
iter 4470: loss 0.7905, time 31.78ms, mfu 7.57%
iter 4480: loss 0.7746, time 47.24ms, mfu 7.61%
iter 4490: loss 0.7755, time 51.39ms, mfu 7.57%
step 4500: train loss 0.5696, val loss 1.7108
iter 4500: loss 0.8053, time 6868.20ms, mfu 6.82%
iter 4510: loss 0.7681, time 31.62ms, mfu 7.32%
iter 4520: loss 0.7733, time 38.72ms, mfu 7.55%
iter 4530: loss 0.7837, time 49.18ms, mfu 7.55%
iter 4540: loss 0.7752, time 62.99ms, mfu 7.39%
iter 4550: loss 0.7799, time 47.92ms, mfu 7.43%
iter 4560: loss 0.7834, time 47.64ms, mfu 7.46%
iter 4570: loss 0.8006, time 47.28ms, mfu 7.51%
iter 4580: loss 0.7989, time 51.33ms, mfu 7.48%
iter 4590: loss 0.7854, time 60.58ms, mfu 7.35%
iter 4600: loss 0.7708, time 47.37ms, mfu 7.40%
iter 4610: loss 0.7758, time 58.54ms, mfu 7.30%
iter 4620: loss 0.7643, time 57.32ms, mfu 7.22%
iter 4630: loss 0.7665, time 63.06ms, mfu 7.09%
iter 4640: loss 0.7706, time 57.06ms, mfu 7.03%
iter 4650: loss 0.7665, time 47.35ms, mfu 7.11%
iter 4660: loss 0.7864, time 47.62ms, mfu 7.19%
iter 4670: loss 0.7717, time 47.66ms, mfu 7.25%
iter 4680: loss 0.7575, time 63.23ms, mfu 7.11%
iter 4690: loss 0.7455, time 47.02ms, mfu 7.19%
iter 4700: loss 0.7784, time 47.11ms, mfu 7.27%
iter 4710: loss 0.7647, time 44.85ms, mfu 7.37%
iter 4720: loss 0.7771, time 47.64ms, mfu 7.42%
iter 4730: loss 0.7648, time 47.89ms, mfu 7.45%
iter 4740: loss 0.7540, time 62.83ms, mfu 7.30%
step 4750: train loss 0.5537, val loss 1.7253
iter 4750: loss 0.7810, time 6876.35ms, mfu 6.58%
iter 4760: loss 0.7790, time 46.91ms, mfu 6.71%
iter 4770: loss 0.7572, time 47.19ms, mfu 6.83%
iter 4780: loss 0.7741, time 31.37ms, mfu 7.34%
iter 4790: loss 0.7755, time 47.43ms, mfu 7.39%
iter 4800: loss 0.7703, time 63.18ms, mfu 7.24%
iter 4810: loss 0.7598, time 47.73ms, mfu 7.30%
iter 4820: loss 0.7686, time 41.23ms, mfu 7.47%
iter 4830: loss 0.7629, time 62.85ms, mfu 7.32%
iter 4840: loss 0.7622, time 47.01ms, mfu 7.38%
iter 4850: loss 0.7750, time 47.45ms, mfu 7.42%
iter 4860: loss 0.7562, time 47.32ms, mfu 7.47%
iter 4870: loss 0.7613, time 47.63ms, mfu 7.50%
iter 4880: loss 0.7581, time 47.10ms, mfu 7.55%
iter 4890: loss 0.7914, time 46.95ms, mfu 7.58%
iter 4900: loss 0.7751, time 47.40ms, mfu 7.61%
iter 4910: loss 0.7497, time 49.54ms, mfu 7.60%
iter 4920: loss 0.7551, time 46.93ms, mfu 7.64%
iter 4930: loss 0.7576, time 47.49ms, mfu 7.66%
iter 4940: loss 0.7659, time 31.36ms, mfu 8.08%
iter 4950: loss 0.7764, time 47.21ms, mfu 8.06%
iter 4960: loss 0.7466, time 46.46ms, mfu 8.06%
iter 4970: loss 0.7429, time 63.00ms, mfu 7.84%
iter 4980: loss 0.7682, time 62.82ms, mfu 7.65%
iter 4990: loss 0.7662, time 46.90ms, mfu 7.68%
step 5000: train loss 0.5391, val loss 1.7383
iter 5000: loss 0.7621, time 6877.97ms, mfu 6.92%
=== D:\hw1\Gengerative-AI\.venv\Scripts\python.exe -u train.py config/hw1_gqa.py
Overriding config with config/hw1_gqa.py:
# HW1 Q4 variant: gqa. Same as train_shakespeare_char.py, one change only.
exec(open('config/train_shakespeare_char.py').read())
out_dir = 'out-hw1-gqa'
compile = False # torch.compile needs triton, which isn't available on Windows/MPS
n_kv_head = 3 # 6 query heads, group size 2 -> 3 kv heads

tokens per iteration will be: 16,384
found vocab_size = 65 (inside data\shakespeare_char\meta.pkl)
Initializing a new model from scratch
number of parameters: 9.76M
D:\hw1\Gengerative-AI\train.py:201: FutureWarning: `torch.cuda.amp.GradScaler(args...)` is deprecated. Please use `torch.amp.GradScaler('cuda', args...)` instead.
  scaler = torch.cuda.amp.GradScaler(enabled=(dtype == 'float16'))
num decayed parameter tensors: 26, with 9,855,360 parameters
num non-decayed parameter tensors: 13, with 4,992 parameters
using fused AdamW: True
step 0: train loss 4.2592, val loss 4.2589
iter 0: loss 4.2674, time 4918.05ms, mfu -100.00%
iter 10: loss 3.0938, time 31.43ms, mfu 10.97%
iter 20: loss 2.7483, time 47.12ms, mfu 10.60%
iter 30: loss 2.6073, time 31.73ms, mfu 10.63%
iter 40: loss 2.5766, time 31.72ms, mfu 10.65%
iter 50: loss 2.5331, time 47.59ms, mfu 10.31%
iter 60: loss 2.5032, time 31.68ms, mfu 10.37%
iter 70: loss 2.4932, time 31.82ms, mfu 10.42%
iter 80: loss 2.4893, time 31.37ms, mfu 10.47%
iter 90: loss 2.4682, time 47.15ms, mfu 10.16%
iter 100: loss 2.4571, time 31.39ms, mfu 10.24%
iter 110: loss 2.4454, time 31.62ms, mfu 10.31%
iter 120: loss 2.4347, time 47.34ms, mfu 10.00%
iter 130: loss 2.4168, time 31.46ms, mfu 10.10%
iter 140: loss 2.3941, time 31.46ms, mfu 10.18%
iter 150: loss 2.3952, time 31.60ms, mfu 10.26%
iter 160: loss 2.3583, time 31.75ms, mfu 10.32%
iter 170: loss 2.3506, time 31.90ms, mfu 10.37%
iter 180: loss 2.3035, time 31.89ms, mfu 10.41%
iter 190: loss 2.3041, time 31.36ms, mfu 10.47%
iter 200: loss 2.2364, time 31.49ms, mfu 10.52%
iter 210: loss 2.1968, time 31.56ms, mfu 10.56%
iter 220: loss 2.1728, time 31.36ms, mfu 10.60%
iter 230: loss 2.1508, time 47.17ms, mfu 10.27%
iter 240: loss 2.0841, time 47.25ms, mfu 9.97%
step 250: train loss 1.9800, val loss 2.0807
saving checkpoint to out-hw1-gqa
iter 250: loss 2.0451, time 4936.42ms, mfu 8.98%
iter 260: loss 2.0003, time 31.42ms, mfu 9.18%
iter 270: loss 1.9902, time 31.75ms, mfu 9.35%
iter 280: loss 1.9454, time 31.28ms, mfu 9.52%
iter 290: loss 1.9396, time 63.23ms, mfu 9.11%
iter 300: loss 1.9190, time 31.37ms, mfu 9.30%
iter 310: loss 1.9163, time 31.34ms, mfu 9.47%
iter 320: loss 1.8831, time 31.46ms, mfu 9.62%
iter 330: loss 1.8652, time 31.66ms, mfu 9.74%
iter 340: loss 1.8307, time 47.05ms, mfu 9.50%
iter 350: loss 1.7902, time 31.67ms, mfu 9.64%
iter 360: loss 1.8197, time 31.52ms, mfu 9.77%
iter 370: loss 1.7667, time 32.76ms, mfu 9.85%
iter 380: loss 1.7613, time 46.94ms, mfu 9.60%
iter 390: loss 1.7449, time 47.18ms, mfu 9.37%
iter 400: loss 1.6918, time 28.86ms, mfu 9.62%
iter 410: loss 1.7430, time 31.48ms, mfu 9.76%
iter 420: loss 1.6924, time 31.26ms, mfu 9.88%
iter 430: loss 1.7010, time 31.34ms, mfu 10.00%
iter 440: loss 1.6601, time 47.48ms, mfu 9.72%
iter 450: loss 1.6683, time 31.64ms, mfu 9.84%
iter 460: loss 1.6663, time 31.55ms, mfu 9.95%
iter 470: loss 1.6530, time 47.14ms, mfu 9.69%
iter 480: loss 1.6398, time 47.66ms, mfu 9.44%
iter 490: loss 1.6022, time 47.39ms, mfu 9.22%
step 500: train loss 1.5238, val loss 1.7166
saving checkpoint to out-hw1-gqa
iter 500: loss 1.6110, time 4940.57ms, mfu 8.31%
iter 510: loss 1.5843, time 31.88ms, mfu 8.56%
iter 520: loss 1.6063, time 33.02ms, mfu 8.75%
iter 530: loss 1.5745, time 47.11ms, mfu 8.60%
iter 540: loss 1.5789, time 31.56ms, mfu 8.84%
iter 550: loss 1.5908, time 33.91ms, mfu 8.97%
iter 560: loss 1.5430, time 31.56ms, mfu 9.16%
iter 570: loss 1.5442, time 31.72ms, mfu 9.33%
iter 580: loss 1.5186, time 31.64ms, mfu 9.49%
iter 590: loss 1.5306, time 47.05ms, mfu 9.27%
iter 600: loss 1.5530, time 31.38ms, mfu 9.45%
iter 610: loss 1.5294, time 31.83ms, mfu 9.58%
iter 620: loss 1.5652, time 31.29ms, mfu 9.73%
iter 630: loss 1.5076, time 31.38ms, mfu 9.85%
iter 640: loss 1.4980, time 31.65ms, mfu 9.96%
iter 650: loss 1.4923, time 31.51ms, mfu 10.06%
iter 660: loss 1.5244, time 31.44ms, mfu 10.15%
iter 670: loss 1.4637, time 31.26ms, mfu 10.23%
iter 680: loss 1.4330, time 31.57ms, mfu 10.30%
iter 690: loss 1.4551, time 32.43ms, mfu 10.34%
iter 700: loss 1.4553, time 31.33ms, mfu 10.40%
iter 710: loss 1.4573, time 47.02ms, mfu 10.10%
iter 720: loss 1.4451, time 47.74ms, mfu 9.81%
iter 730: loss 1.4362, time 31.67ms, mfu 9.92%
iter 740: loss 1.4331, time 31.76ms, mfu 10.01%
step 750: train loss 1.3599, val loss 1.5828
saving checkpoint to out-hw1-gqa
iter 750: loss 1.4546, time 4940.30ms, mfu 9.02%
iter 760: loss 1.4381, time 31.33ms, mfu 9.21%
iter 770: loss 1.4156, time 47.38ms, mfu 9.02%
iter 780: loss 1.4090, time 46.94ms, mfu 8.85%
iter 790: loss 1.3756, time 31.33ms, mfu 9.07%
iter 800: loss 1.3786, time 20.35ms, mfu 9.86%
iter 810: loss 1.3982, time 31.71ms, mfu 9.96%
iter 820: loss 1.3986, time 31.89ms, mfu 10.04%
iter 830: loss 1.4170, time 47.30ms, mfu 9.77%
iter 840: loss 1.3979, time 31.32ms, mfu 9.89%
iter 850: loss 1.3766, time 31.54ms, mfu 10.00%
iter 860: loss 1.3875, time 27.48ms, mfu 10.25%
iter 870: loss 1.3940, time 31.54ms, mfu 10.32%
iter 880: loss 1.3543, time 31.74ms, mfu 10.37%
iter 890: loss 1.4171, time 47.10ms, mfu 10.07%
iter 900: loss 1.3842, time 47.06ms, mfu 9.79%
iter 910: loss 1.3630, time 30.63ms, mfu 9.94%
iter 920: loss 1.3891, time 31.63ms, mfu 10.04%
iter 930: loss 1.3679, time 31.88ms, mfu 10.11%
iter 940: loss 1.3333, time 47.30ms, mfu 9.83%
iter 950: loss 1.3340, time 29.51ms, mfu 10.02%
iter 960: loss 1.3512, time 31.69ms, mfu 10.10%
iter 970: loss 1.3541, time 31.30ms, mfu 10.19%
iter 980: loss 1.3398, time 47.59ms, mfu 9.90%
iter 990: loss 1.3709, time 31.34ms, mfu 10.01%
step 1000: train loss 1.2712, val loss 1.5301
saving checkpoint to out-hw1-gqa
iter 1000: loss 1.3317, time 4937.07ms, mfu 9.01%
iter 1010: loss 1.3388, time 31.67ms, mfu 9.20%
iter 1020: loss 1.2983, time 47.77ms, mfu 9.00%
iter 1030: loss 1.3368, time 31.97ms, mfu 9.18%
iter 1040: loss 1.3258, time 47.51ms, mfu 8.99%
iter 1050: loss 1.3388, time 31.35ms, mfu 9.19%
iter 1060: loss 1.3043, time 33.63ms, mfu 9.30%
iter 1070: loss 1.3300, time 31.41ms, mfu 9.46%
iter 1080: loss 1.3161, time 45.70ms, mfu 9.27%
iter 1090: loss 1.3004, time 46.89ms, mfu 9.08%
iter 1100: loss 1.2983, time 31.38ms, mfu 9.27%
iter 1110: loss 1.3095, time 31.77ms, mfu 9.43%
iter 1120: loss 1.3411, time 31.67ms, mfu 9.57%
iter 1130: loss 1.3290, time 31.35ms, mfu 9.72%
iter 1140: loss 1.3161, time 47.35ms, mfu 9.47%
iter 1150: loss 1.3191, time 31.75ms, mfu 9.61%
iter 1160: loss 1.3071, time 28.72ms, mfu 9.85%
iter 1170: loss 1.2943, time 31.74ms, mfu 9.95%
iter 1180: loss 1.3010, time 31.43ms, mfu 10.05%
iter 1190: loss 1.2931, time 47.21ms, mfu 9.78%
iter 1200: loss 1.2954, time 47.01ms, mfu 9.53%
iter 1210: loss 1.2868, time 31.30ms, mfu 9.68%
iter 1220: loss 1.2829, time 31.66ms, mfu 9.80%
iter 1230: loss 1.2676, time 31.58ms, mfu 9.91%
iter 1240: loss 1.2847, time 46.81ms, mfu 9.66%
step 1250: train loss 1.2054, val loss 1.4941
saving checkpoint to out-hw1-gqa
iter 1250: loss 1.2440, time 4938.38ms, mfu 8.70%
iter 1260: loss 1.2897, time 31.42ms, mfu 8.93%
iter 1270: loss 1.2674, time 47.02ms, mfu 8.77%
iter 1280: loss 1.2792, time 47.26ms, mfu 8.62%
iter 1290: loss 1.3010, time 31.70ms, mfu 8.85%
iter 1300: loss 1.2850, time 47.25ms, mfu 8.69%
iter 1310: loss 1.2751, time 47.46ms, mfu 8.55%
iter 1320: loss 1.2344, time 47.39ms, mfu 8.42%
iter 1330: loss 1.2316, time 46.99ms, mfu 8.31%
iter 1340: loss 1.2666, time 31.92ms, mfu 8.56%
iter 1350: loss 1.2444, time 31.38ms, mfu 8.80%
iter 1360: loss 1.2423, time 31.29ms, mfu 9.03%
iter 1370: loss 1.2629, time 31.61ms, mfu 9.21%
iter 1380: loss 1.2342, time 31.57ms, mfu 9.38%
iter 1390: loss 1.2485, time 47.69ms, mfu 9.17%
iter 1400: loss 1.2514, time 44.97ms, mfu 9.02%
iter 1410: loss 1.2417, time 31.53ms, mfu 9.21%
iter 1420: loss 1.2347, time 31.68ms, mfu 9.38%
iter 1430: loss 1.2950, time 31.37ms, mfu 9.54%
iter 1440: loss 1.2371, time 31.47ms, mfu 9.68%
iter 1450: loss 1.2671, time 47.36ms, mfu 9.44%
iter 1460: loss 1.2310, time 31.63ms, mfu 9.59%
iter 1470: loss 1.2468, time 33.31ms, mfu 9.66%
iter 1480: loss 1.2263, time 47.09ms, mfu 9.43%
iter 1490: loss 1.2552, time 47.26ms, mfu 9.22%
step 1500: train loss 1.1526, val loss 1.4784
saving checkpoint to out-hw1-gqa
iter 1500: loss 1.2415, time 4937.23ms, mfu 8.30%
iter 1510: loss 1.2401, time 31.66ms, mfu 8.56%
iter 1520: loss 1.2292, time 31.31ms, mfu 8.80%
iter 1530: loss 1.1695, time 31.59ms, mfu 9.02%
iter 1540: loss 1.2270, time 47.75ms, mfu 8.84%
iter 1550: loss 1.2099, time 31.80ms, mfu 9.04%
iter 1560: loss 1.2427, time 31.71ms, mfu 9.22%
iter 1570: loss 1.2137, time 31.47ms, mfu 9.39%
iter 1580: loss 1.2092, time 31.32ms, mfu 9.55%
iter 1590: loss 1.2267, time 31.62ms, mfu 9.69%
iter 1600: loss 1.2149, time 47.46ms, mfu 9.45%
iter 1610: loss 1.2041, time 47.59ms, mfu 9.23%
iter 1620: loss 1.1942, time 47.04ms, mfu 9.04%
iter 1630: loss 1.1855, time 31.87ms, mfu 9.21%
iter 1640: loss 1.1929, time 31.44ms, mfu 9.39%
iter 1650: loss 1.2301, time 31.45ms, mfu 9.55%
iter 1660: loss 1.2011, time 47.13ms, mfu 9.32%
iter 1670: loss 1.2271, time 31.79ms, mfu 9.48%
iter 1680: loss 1.2052, time 31.46ms, mfu 9.62%
iter 1690: loss 1.1960, time 31.60ms, mfu 9.75%
iter 1700: loss 1.1733, time 31.44ms, mfu 9.87%
iter 1710: loss 1.1980, time 31.66ms, mfu 9.98%
iter 1720: loss 1.2005, time 47.11ms, mfu 9.71%
iter 1730: loss 1.1733, time 47.12ms, mfu 9.47%
iter 1740: loss 1.2301, time 31.29ms, mfu 9.63%
step 1750: train loss 1.1045, val loss 1.4757
saving checkpoint to out-hw1-gqa
iter 1750: loss 1.2068, time 4947.68ms, mfu 8.67%
iter 1760: loss 1.2063, time 31.67ms, mfu 8.89%
iter 1770: loss 1.1856, time 31.46ms, mfu 9.10%
iter 1780: loss 1.1839, time 31.75ms, mfu 9.27%
iter 1790: loss 1.1835, time 47.69ms, mfu 9.07%
iter 1800: loss 1.1741, time 25.30ms, mfu 9.52%
iter 1810: loss 1.1694, time 31.67ms, mfu 9.66%
iter 1820: loss 1.1757, time 31.76ms, mfu 9.78%
iter 1830: loss 1.1577, time 31.64ms, mfu 9.89%
iter 1840: loss 1.1807, time 31.90ms, mfu 9.98%
iter 1850: loss 1.1579, time 47.19ms, mfu 9.72%
iter 1860: loss 1.1766, time 47.01ms, mfu 9.48%
iter 1870: loss 1.1742, time 31.75ms, mfu 9.62%
iter 1880: loss 1.1396, time 31.31ms, mfu 9.75%
iter 1890: loss 1.1910, time 31.40ms, mfu 9.88%
iter 1900: loss 1.1764, time 47.15ms, mfu 9.62%
iter 1910: loss 1.1668, time 47.30ms, mfu 9.39%
iter 1920: loss 1.1631, time 47.07ms, mfu 9.18%
iter 1930: loss 1.1861, time 31.75ms, mfu 9.35%
iter 1940: loss 1.1533, time 31.72ms, mfu 9.50%
iter 1950: loss 1.1539, time 31.39ms, mfu 9.65%
iter 1960: loss 1.1274, time 46.99ms, mfu 9.42%
iter 1970: loss 1.1797, time 47.17ms, mfu 9.21%
iter 1980: loss 1.1221, time 31.46ms, mfu 9.38%
iter 1990: loss 1.1143, time 31.45ms, mfu 9.54%
step 2000: train loss 1.0588, val loss 1.4696
saving checkpoint to out-hw1-gqa
iter 2000: loss 1.1417, time 4934.90ms, mfu 8.59%
iter 2010: loss 1.1328, time 31.74ms, mfu 8.82%
iter 2020: loss 1.1473, time 47.06ms, mfu 8.67%
iter 2030: loss 1.1230, time 31.34ms, mfu 8.90%
iter 2040: loss 1.1374, time 31.52ms, mfu 9.11%
iter 2050: loss 1.1501, time 31.43ms, mfu 9.29%
iter 2060: loss 1.1075, time 47.13ms, mfu 9.10%
iter 2070: loss 1.1225, time 47.02ms, mfu 8.92%
iter 2080: loss 1.1203, time 31.74ms, mfu 9.11%
iter 2090: loss 1.1152, time 29.78ms, mfu 9.36%
iter 2100: loss 1.0894, time 31.66ms, mfu 9.51%
iter 2110: loss 1.1332, time 31.70ms, mfu 9.65%
iter 2120: loss 1.1072, time 31.31ms, mfu 9.79%
iter 2130: loss 1.1307, time 47.14ms, mfu 9.54%
iter 2140: loss 1.1592, time 47.01ms, mfu 9.32%
iter 2150: loss 1.1475, time 29.41ms, mfu 9.56%
iter 2160: loss 1.1239, time 31.57ms, mfu 9.69%
iter 2170: loss 1.1124, time 31.80ms, mfu 9.81%
iter 2180: loss 1.1241, time 47.07ms, mfu 9.56%
iter 2190: loss 1.1301, time 46.93ms, mfu 9.34%
iter 2200: loss 1.1188, time 31.49ms, mfu 9.50%
iter 2210: loss 1.1346, time 31.76ms, mfu 9.64%
iter 2220: loss 1.0798, time 31.73ms, mfu 9.76%
iter 2230: loss 1.1014, time 31.72ms, mfu 9.87%
iter 2240: loss 1.1310, time 48.09ms, mfu 9.60%
step 2250: train loss 1.0082, val loss 1.4749
iter 2250: loss 1.1026, time 4861.32ms, mfu 8.65%
iter 2260: loss 1.1261, time 27.36ms, mfu 9.04%
iter 2270: loss 1.1137, time 31.32ms, mfu 9.24%
iter 2280: loss 1.0989, time 31.44ms, mfu 9.41%
iter 2290: loss 1.1011, time 31.46ms, mfu 9.57%
iter 2300: loss 1.0833, time 47.02ms, mfu 9.34%
iter 2310: loss 1.0993, time 47.85ms, mfu 9.13%
iter 2320: loss 1.0978, time 31.34ms, mfu 9.32%
iter 2330: loss 1.1096, time 31.46ms, mfu 9.48%
iter 2340: loss 1.0958, time 31.63ms, mfu 9.62%
iter 2350: loss 1.1194, time 31.62ms, mfu 9.75%
iter 2360: loss 1.1141, time 47.03ms, mfu 9.51%
iter 2370: loss 1.1175, time 45.34ms, mfu 9.32%
iter 2380: loss 1.0902, time 30.94ms, mfu 9.50%
iter 2390: loss 1.1127, time 31.31ms, mfu 9.65%
iter 2400: loss 1.0682, time 31.80ms, mfu 9.77%
iter 2410: loss 1.0928, time 47.06ms, mfu 9.53%
iter 2420: loss 1.0898, time 47.62ms, mfu 9.30%
iter 2430: loss 1.0938, time 31.60ms, mfu 9.46%
iter 2440: loss 1.0686, time 32.48ms, mfu 9.57%
iter 2450: loss 1.0864, time 33.40ms, mfu 9.65%
iter 2460: loss 1.0646, time 31.59ms, mfu 9.78%
iter 2470: loss 1.0408, time 47.50ms, mfu 9.52%
iter 2480: loss 1.0969, time 47.13ms, mfu 9.30%
iter 2490: loss 1.0976, time 31.27ms, mfu 9.47%
step 2500: train loss 0.9654, val loss 1.4907
iter 2500: loss 1.0666, time 4854.61ms, mfu 8.53%
iter 2510: loss 1.0586, time 31.87ms, mfu 8.76%
iter 2520: loss 1.0745, time 31.28ms, mfu 8.99%
iter 2530: loss 1.0624, time 31.26ms, mfu 9.19%
iter 2540: loss 1.0386, time 31.70ms, mfu 9.36%
iter 2550: loss 1.0870, time 47.66ms, mfu 9.15%
iter 2560: loss 1.0761, time 47.27ms, mfu 8.96%
iter 2570: loss 1.0653, time 31.60ms, mfu 9.16%
iter 2580: loss 1.0541, time 31.44ms, mfu 9.34%
iter 2590: loss 1.0756, time 31.36ms, mfu 9.50%
iter 2600: loss 1.0699, time 31.55ms, mfu 9.65%
iter 2610: loss 1.0663, time 47.36ms, mfu 9.41%
iter 2620: loss 1.0376, time 31.58ms, mfu 9.56%
iter 2630: loss 1.0581, time 32.11ms, mfu 9.68%
iter 2640: loss 1.0366, time 31.73ms, mfu 9.80%
iter 2650: loss 1.0420, time 30.82ms, mfu 9.94%
iter 2660: loss 1.0428, time 31.48ms, mfu 10.04%
iter 2670: loss 1.0682, time 47.27ms, mfu 9.76%
iter 2680: loss 1.0545, time 31.33ms, mfu 9.89%
iter 2690: loss 1.0480, time 31.46ms, mfu 9.99%
iter 2700: loss 1.0250, time 31.48ms, mfu 10.09%
iter 2710: loss 1.0566, time 33.56ms, mfu 10.11%
iter 2720: loss 1.0370, time 47.15ms, mfu 9.83%
iter 2730: loss 1.0236, time 47.09ms, mfu 9.58%
iter 2740: loss 1.0512, time 31.68ms, mfu 9.71%
step 2750: train loss 0.9174, val loss 1.5179
iter 2750: loss 1.0176, time 4851.81ms, mfu 8.74%
iter 2760: loss 1.0077, time 31.77ms, mfu 8.95%
iter 2770: loss 1.0321, time 31.71ms, mfu 9.15%
iter 2780: loss 1.0344, time 31.29ms, mfu 9.33%
iter 2790: loss 1.0357, time 31.50ms, mfu 9.49%
iter 2800: loss 1.0644, time 34.05ms, mfu 9.56%
iter 2810: loss 1.0309, time 31.63ms, mfu 9.69%
iter 2820: loss 1.0471, time 30.43ms, mfu 9.86%
iter 2830: loss 1.0185, time 47.00ms, mfu 9.60%
iter 2840: loss 1.0259, time 47.62ms, mfu 9.37%
iter 2850: loss 1.0103, time 31.55ms, mfu 9.52%
iter 2860: loss 1.0275, time 31.35ms, mfu 9.67%
iter 2870: loss 0.9943, time 31.43ms, mfu 9.80%
iter 2880: loss 1.0279, time 31.54ms, mfu 9.91%
iter 2890: loss 1.0473, time 47.83ms, mfu 9.64%
iter 2900: loss 1.0060, time 31.76ms, mfu 9.76%
iter 2910: loss 1.0071, time 31.27ms, mfu 9.89%
iter 2920: loss 1.0453, time 31.28ms, mfu 10.00%
iter 2930: loss 1.0095, time 31.36ms, mfu 10.10%
iter 2940: loss 1.0105, time 47.12ms, mfu 9.82%
iter 2950: loss 1.0128, time 47.28ms, mfu 9.57%
iter 2960: loss 1.0090, time 31.77ms, mfu 9.70%
iter 2970: loss 0.9921, time 31.56ms, mfu 9.82%
iter 2980: loss 1.0066, time 47.11ms, mfu 9.57%
iter 2990: loss 1.0172, time 47.29ms, mfu 9.34%
step 3000: train loss 0.8752, val loss 1.5373
iter 3000: loss 1.0125, time 4862.44ms, mfu 8.42%
iter 3010: loss 0.9825, time 47.43ms, mfu 8.30%
iter 3020: loss 0.9939, time 31.99ms, mfu 8.55%
iter 3030: loss 1.0087, time 31.75ms, mfu 8.78%
iter 3040: loss 1.0072, time 31.37ms, mfu 9.00%
iter 3050: loss 1.0130, time 31.48ms, mfu 9.20%
iter 3060: loss 0.9794, time 47.61ms, mfu 9.00%
iter 3070: loss 0.9853, time 47.19ms, mfu 8.83%
iter 3080: loss 1.0113, time 31.62ms, mfu 9.04%
iter 3090: loss 1.0198, time 32.15ms, mfu 9.21%
iter 3100: loss 0.9847, time 31.75ms, mfu 9.37%
iter 3110: loss 1.0208, time 47.53ms, mfu 9.16%
iter 3120: loss 0.9665, time 46.54ms, mfu 8.98%
iter 3130: loss 0.9647, time 31.66ms, mfu 9.18%
iter 3140: loss 0.9600, time 31.51ms, mfu 9.35%
iter 3150: loss 1.0056, time 31.84ms, mfu 9.50%
iter 3160: loss 1.0013, time 47.22ms, mfu 9.28%
iter 3170: loss 0.9809, time 47.18ms, mfu 9.08%
iter 3180: loss 0.9732, time 30.45ms, mfu 9.31%
iter 3190: loss 0.9698, time 31.71ms, mfu 9.46%
iter 3200: loss 0.9728, time 31.85ms, mfu 9.60%
iter 3210: loss 0.9714, time 31.67ms, mfu 9.73%
iter 3220: loss 0.9712, time 47.14ms, mfu 9.49%
iter 3230: loss 0.9792, time 31.70ms, mfu 9.63%
iter 3240: loss 0.9684, time 31.55ms, mfu 9.76%
step 3250: train loss 0.8294, val loss 1.5519
iter 3250: loss 0.9676, time 4850.17ms, mfu 8.79%
iter 3260: loss 0.9555, time 31.76ms, mfu 8.99%
iter 3270: loss 0.9938, time 31.43ms, mfu 9.19%
iter 3280: loss 0.9637, time 31.62ms, mfu 9.36%
iter 3290: loss 0.9591, time 47.05ms, mfu 9.16%
iter 3300: loss 0.9898, time 47.05ms, mfu 8.98%
iter 3310: loss 0.9758, time 31.51ms, mfu 9.17%
iter 3320: loss 0.9619, time 31.54ms, mfu 9.35%
iter 3330: loss 0.9627, time 31.56ms, mfu 9.51%
iter 3340: loss 0.9585, time 31.52ms, mfu 9.65%
iter 3350: loss 0.9946, time 31.41ms, mfu 9.78%
iter 3360: loss 0.9441, time 47.57ms, mfu 9.53%
iter 3370: loss 0.9422, time 31.53ms, mfu 9.67%
iter 3380: loss 0.9780, time 31.34ms, mfu 9.80%
iter 3390: loss 0.9680, time 31.29ms, mfu 9.92%
iter 3400: loss 0.9495, time 31.59ms, mfu 10.02%
iter 3410: loss 0.9438, time 31.29ms, mfu 10.12%
iter 3420: loss 0.9432, time 31.86ms, mfu 10.19%
iter 3430: loss 0.9419, time 31.42ms, mfu 10.27%
iter 3440: loss 0.9659, time 31.06ms, mfu 10.35%
iter 3450: loss 0.9627, time 47.48ms, mfu 10.04%
iter 3460: loss 0.9392, time 31.52ms, mfu 10.13%
iter 3470: loss 0.9355, time 34.22ms, mfu 10.13%
iter 3480: loss 0.9247, time 33.53ms, mfu 10.14%
iter 3490: loss 0.9554, time 47.71ms, mfu 9.85%
step 3500: train loss 0.7909, val loss 1.5807
iter 3500: loss 0.9368, time 4851.59ms, mfu 8.87%
iter 3510: loss 0.9330, time 43.81ms, mfu 8.77%
iter 3520: loss 0.9394, time 34.53ms, mfu 8.89%
iter 3530: loss 0.9514, time 33.91ms, mfu 9.02%
iter 3540: loss 0.9344, time 31.52ms, mfu 9.21%
iter 3550: loss 0.9230, time 47.70ms, mfu 9.01%
iter 3560: loss 0.9261, time 47.43ms, mfu 8.84%
iter 3570: loss 0.9186, time 31.45ms, mfu 9.05%
iter 3580: loss 0.9238, time 31.46ms, mfu 9.24%
iter 3590: loss 0.9363, time 31.72ms, mfu 9.40%
iter 3600: loss 0.9199, time 31.42ms, mfu 9.56%
iter 3610: loss 0.9084, time 47.53ms, mfu 9.33%
iter 3620: loss 0.9466, time 31.80ms, mfu 9.48%
iter 3630: loss 0.9373, time 31.57ms, mfu 9.63%
iter 3640: loss 0.9071, time 31.73ms, mfu 9.75%
iter 3650: loss 0.9401, time 31.58ms, mfu 9.87%
iter 3660: loss 0.8867, time 43.71ms, mfu 9.67%
iter 3670: loss 0.9248, time 31.47ms, mfu 9.80%
iter 3680: loss 0.9112, time 33.90ms, mfu 9.83%
iter 3690: loss 0.9287, time 31.29ms, mfu 9.95%
iter 3700: loss 0.9319, time 44.16ms, mfu 9.74%
iter 3710: loss 0.9328, time 44.81ms, mfu 9.53%
iter 3720: loss 0.9176, time 35.05ms, mfu 9.56%
iter 3730: loss 0.9197, time 35.68ms, mfu 9.57%
iter 3740: loss 0.9119, time 33.64ms, mfu 9.64%
step 3750: train loss 0.7528, val loss 1.6006
iter 3750: loss 0.9125, time 4987.95ms, mfu 8.68%
iter 3760: loss 0.9310, time 33.44ms, mfu 8.85%
iter 3770: loss 0.9211, time 31.19ms, mfu 9.07%
iter 3780: loss 0.9125, time 47.35ms, mfu 8.89%
iter 3790: loss 0.9205, time 29.12ms, mfu 9.18%
iter 3800: loss 0.8929, time 31.48ms, mfu 9.36%
iter 3810: loss 0.9387, time 33.88ms, mfu 9.44%
iter 3820: loss 0.9047, time 31.24ms, mfu 9.60%
iter 3830: loss 0.8988, time 47.10ms, mfu 9.37%
iter 3840: loss 0.8989, time 31.65ms, mfu 9.53%
iter 3850: loss 0.9152, time 31.32ms, mfu 9.67%
iter 3860: loss 0.9231, time 31.32ms, mfu 9.81%
iter 3870: loss 0.8910, time 31.52ms, mfu 9.92%
iter 3880: loss 0.9094, time 47.65ms, mfu 9.65%
iter 3890: loss 0.8981, time 33.64ms, mfu 9.71%
iter 3900: loss 0.8923, time 33.59ms, mfu 9.77%
iter 3910: loss 0.9022, time 31.50ms, mfu 9.88%
iter 3920: loss 0.9250, time 31.80ms, mfu 9.98%
iter 3930: loss 0.9131, time 47.24ms, mfu 9.71%
iter 3940: loss 0.8820, time 34.40ms, mfu 9.74%
iter 3950: loss 0.8758, time 34.11ms, mfu 9.78%
iter 3960: loss 0.8901, time 48.25ms, mfu 9.52%
iter 3970: loss 0.8961, time 33.55ms, mfu 9.59%
iter 3980: loss 0.8871, time 35.75ms, mfu 9.60%
iter 3990: loss 0.8844, time 33.95ms, mfu 9.65%
step 4000: train loss 0.7184, val loss 1.6232
iter 4000: loss 0.8845, time 4855.31ms, mfu 8.69%
iter 4010: loss 0.8846, time 31.50ms, mfu 8.92%
iter 4020: loss 0.8841, time 47.80ms, mfu 8.75%
iter 4030: loss 0.8815, time 47.35ms, mfu 8.60%
iter 4040: loss 0.8888, time 29.47ms, mfu 8.91%
iter 4050: loss 0.8930, time 31.79ms, mfu 9.10%
iter 4060: loss 0.9054, time 31.51ms, mfu 9.29%
iter 4070: loss 0.8770, time 31.82ms, mfu 9.44%
iter 4080: loss 0.8668, time 29.50ms, mfu 9.67%
iter 4090: loss 0.8954, time 35.50ms, mfu 9.67%
iter 4100: loss 0.8955, time 31.55ms, mfu 9.80%
iter 4110: loss 0.8963, time 31.57ms, mfu 9.91%
iter 4120: loss 0.8860, time 47.05ms, mfu 9.65%
iter 4130: loss 0.9002, time 31.36ms, mfu 9.79%
iter 4140: loss 0.8793, time 31.82ms, mfu 9.89%
iter 4150: loss 0.8774, time 31.56ms, mfu 9.99%
iter 4160: loss 0.8926, time 31.66ms, mfu 10.08%
iter 4170: loss 0.8791, time 31.68ms, mfu 10.16%
iter 4180: loss 0.8787, time 47.19ms, mfu 9.88%
iter 4190: loss 0.9007, time 32.71ms, mfu 9.94%
iter 4200: loss 0.8496, time 31.76ms, mfu 10.03%
iter 4210: loss 0.8658, time 32.01ms, mfu 10.11%
iter 4220: loss 0.8594, time 47.70ms, mfu 9.82%
iter 4230: loss 0.8556, time 47.28ms, mfu 9.57%
iter 4240: loss 0.8615, time 31.86ms, mfu 9.69%
step 4250: train loss 0.6935, val loss 1.6380
iter 4250: loss 0.8937, time 4852.01ms, mfu 8.73%
iter 4260: loss 0.8575, time 31.67ms, mfu 8.95%
iter 4270: loss 0.8732, time 31.85ms, mfu 9.13%
iter 4280: loss 0.8436, time 32.05ms, mfu 9.30%
iter 4290: loss 0.8485, time 31.66ms, mfu 9.46%
iter 4300: loss 0.8528, time 31.63ms, mfu 9.60%
iter 4310: loss 0.8615, time 31.47ms, mfu 9.74%
iter 4320: loss 0.8406, time 31.64ms, mfu 9.85%
iter 4330: loss 0.8791, time 31.63ms, mfu 9.96%
iter 4340: loss 0.8581, time 47.30ms, mfu 9.69%
iter 4350: loss 0.8732, time 31.97ms, mfu 9.80%
iter 4360: loss 0.8745, time 33.66ms, mfu 9.84%
iter 4370: loss 0.8780, time 31.89ms, mfu 9.94%
iter 4380: loss 0.8615, time 31.47ms, mfu 10.04%
iter 4390: loss 0.8636, time 32.59ms, mfu 10.10%
iter 4400: loss 0.8449, time 47.40ms, mfu 9.81%
iter 4410: loss 0.8675, time 47.13ms, mfu 9.56%
iter 4420: loss 0.8694, time 47.26ms, mfu 9.34%
iter 4430: loss 0.8706, time 31.31ms, mfu 9.50%
iter 4440: loss 0.8789, time 31.65ms, mfu 9.64%
iter 4450: loss 0.8665, time 31.56ms, mfu 9.77%
iter 4460: loss 0.8561, time 31.48ms, mfu 9.89%
iter 4470: loss 0.8575, time 31.41ms, mfu 10.00%
iter 4480: loss 0.8579, time 47.31ms, mfu 9.73%
iter 4490: loss 0.8461, time 31.49ms, mfu 9.85%
step 4500: train loss 0.6685, val loss 1.6546
iter 4500: loss 0.8506, time 4859.35ms, mfu 8.87%
iter 4510: loss 0.8407, time 31.55ms, mfu 9.08%
iter 4520: loss 0.8604, time 47.25ms, mfu 8.90%
iter 4530: loss 0.8054, time 47.72ms, mfu 8.73%
iter 4540: loss 0.8505, time 47.09ms, mfu 8.59%
iter 4550: loss 0.8623, time 31.37ms, mfu 8.83%
iter 4560: loss 0.8365, time 31.70ms, mfu 9.04%
iter 4570: loss 0.8472, time 31.65ms, mfu 9.22%
iter 4580: loss 0.8602, time 47.72ms, mfu 9.02%
iter 4590: loss 0.8419, time 45.97ms, mfu 8.87%
iter 4600: loss 0.8228, time 31.06ms, mfu 9.09%
iter 4610: loss 0.8467, time 30.89ms, mfu 9.30%
iter 4620: loss 0.8314, time 31.69ms, mfu 9.46%
iter 4630: loss 0.8542, time 31.56ms, mfu 9.60%
iter 4640: loss 0.8631, time 47.36ms, mfu 9.37%
iter 4650: loss 0.8446, time 31.46ms, mfu 9.53%
iter 4660: loss 0.8491, time 31.53ms, mfu 9.67%
iter 4670: loss 0.8404, time 31.29ms, mfu 9.81%
iter 4680: loss 0.8456, time 31.74ms, mfu 9.91%
iter 4690: loss 0.8436, time 47.05ms, mfu 9.65%
iter 4700: loss 0.8420, time 31.45ms, mfu 9.78%
iter 4710: loss 0.8219, time 31.37ms, mfu 9.90%
iter 4720: loss 0.8322, time 35.38ms, mfu 9.89%
iter 4730: loss 0.8285, time 31.43ms, mfu 10.00%
iter 4740: loss 0.8325, time 31.60ms, mfu 10.09%
step 4750: train loss 0.6506, val loss 1.6731
iter 4750: loss 0.8376, time 4857.92ms, mfu 9.09%
iter 4760: loss 0.8509, time 31.39ms, mfu 9.28%
iter 4770: loss 0.8265, time 47.04ms, mfu 9.08%
iter 4780: loss 0.8229, time 47.13ms, mfu 8.90%
iter 4790: loss 0.8415, time 31.56ms, mfu 9.11%
iter 4800: loss 0.8416, time 31.50ms, mfu 9.29%
iter 4810: loss 0.8406, time 31.28ms, mfu 9.46%
iter 4820: loss 0.8578, time 31.72ms, mfu 9.60%
iter 4830: loss 0.8305, time 47.49ms, mfu 9.37%
iter 4840: loss 0.8353, time 31.51ms, mfu 9.53%
iter 4850: loss 0.8369, time 31.64ms, mfu 9.66%
iter 4860: loss 0.8516, time 31.55ms, mfu 9.79%
iter 4870: loss 0.8405, time 31.76ms, mfu 9.90%
iter 4880: loss 0.8137, time 47.37ms, mfu 9.63%
iter 4890: loss 0.8091, time 31.27ms, mfu 9.77%
iter 4900: loss 0.8478, time 31.80ms, mfu 9.88%
iter 4910: loss 0.8454, time 47.01ms, mfu 9.63%
iter 4920: loss 0.8482, time 46.46ms, mfu 9.41%
iter 4930: loss 0.8234, time 31.65ms, mfu 9.55%
iter 4940: loss 0.8508, time 31.32ms, mfu 9.70%
iter 4950: loss 0.8234, time 31.37ms, mfu 9.83%
iter 4960: loss 0.8224, time 47.35ms, mfu 9.57%
iter 4970: loss 0.8568, time 46.99ms, mfu 9.35%
iter 4980: loss 0.8233, time 31.56ms, mfu 9.51%
iter 4990: loss 0.8508, time 31.31ms, mfu 9.66%
step 5000: train loss 0.6369, val loss 1.6889
iter 5000: loss 0.8392, time 4845.97ms, mfu 8.70%
=== D:\hw1\Gengerative-AI\.venv\Scripts\python.exe -u train.py config/hw1_baseline_lr2e-3.py
Overriding config with config/hw1_baseline_lr2e-3.py:
# Same as hw1_baseline.py but with a 2x learning rate (min_lr kept at lr/10).
exec(open('config/hw1_baseline.py').read())
out_dir = 'out-hw1-baseline-lr2e-3'
learning_rate = 2e-3
min_lr = 2e-4

tokens per iteration will be: 16,384
found vocab_size = 65 (inside data\shakespeare_char\meta.pkl)
Initializing a new model from scratch
number of parameters: 10.65M
D:\hw1\Gengerative-AI\train.py:201: FutureWarning: `torch.cuda.amp.GradScaler(args...)` is deprecated. Please use `torch.amp.GradScaler('cuda', args...)` instead.
  scaler = torch.cuda.amp.GradScaler(enabled=(dtype == 'float16'))
num decayed parameter tensors: 26, with 10,740,096 parameters
num non-decayed parameter tensors: 13, with 4,992 parameters
using fused AdamW: True
step 0: train loss 4.3704, val loss 4.3597
iter 0: loss 4.3375, time 5013.48ms, mfu -100.00%
iter 10: loss 3.0375, time 31.47ms, mfu 11.84%
iter 20: loss 2.6482, time 31.31ms, mfu 11.85%
iter 30: loss 2.5784, time 47.06ms, mfu 11.45%
iter 40: loss 2.5441, time 31.42ms, mfu 11.49%
iter 50: loss 2.5074, time 47.09ms, mfu 11.14%
iter 60: loss 2.4941, time 31.94ms, mfu 11.19%
iter 70: loss 2.4878, time 31.42ms, mfu 11.26%
iter 80: loss 2.4864, time 31.65ms, mfu 11.31%
iter 90: loss 2.4611, time 47.19ms, mfu 10.97%
iter 100: loss 2.4579, time 34.67ms, mfu 10.94%
iter 110: loss 2.4310, time 31.75ms, mfu 11.02%
iter 120: loss 2.4260, time 31.49ms, mfu 11.10%
iter 130: loss 2.3761, time 31.62ms, mfu 11.17%
iter 140: loss 2.3598, time 36.14ms, mfu 11.09%
iter 150: loss 2.3051, time 31.55ms, mfu 11.16%
iter 160: loss 2.2309, time 46.98ms, mfu 10.84%
iter 170: loss 2.1709, time 31.67ms, mfu 10.93%
iter 180: loss 2.1240, time 47.27ms, mfu 10.62%
iter 190: loss 2.0649, time 31.78ms, mfu 10.73%
iter 200: loss 2.0265, time 31.77ms, mfu 10.83%
iter 210: loss 1.9849, time 47.54ms, mfu 10.53%
iter 220: loss 1.9879, time 32.16ms, mfu 10.64%
iter 230: loss 1.9317, time 31.98ms, mfu 10.74%
iter 240: loss 1.9514, time 47.56ms, mfu 10.45%
step 250: train loss 1.8374, val loss 1.9764
saving checkpoint to out-hw1-baseline-lr2e-3
iter 250: loss 1.9142, time 5107.20ms, mfu 9.41%
iter 260: loss 1.8630, time 31.59ms, mfu 9.65%
iter 270: loss 1.8751, time 47.53ms, mfu 9.47%
iter 280: loss 1.8762, time 31.53ms, mfu 9.70%
iter 290: loss 1.8120, time 31.46ms, mfu 9.92%
iter 300: loss 1.8006, time 47.51ms, mfu 9.71%
iter 310: loss 1.7735, time 32.07ms, mfu 9.90%
iter 320: loss 1.7762, time 47.27ms, mfu 9.70%
iter 330: loss 1.7339, time 30.68ms, mfu 9.94%
iter 340: loss 1.7264, time 31.68ms, mfu 10.13%
iter 350: loss 1.7653, time 47.19ms, mfu 9.90%
iter 360: loss 1.7104, time 31.39ms, mfu 10.10%
iter 370: loss 1.6807, time 31.43ms, mfu 10.28%
iter 380: loss 1.6748, time 47.36ms, mfu 10.03%
iter 390: loss 1.6886, time 47.07ms, mfu 9.82%
iter 400: loss 1.7200, time 31.40ms, mfu 10.03%
iter 410: loss 1.6567, time 31.83ms, mfu 10.20%
iter 420: loss 1.6831, time 31.70ms, mfu 10.35%
iter 430: loss 1.6609, time 47.65ms, mfu 10.10%
iter 440: loss 1.6214, time 31.37ms, mfu 10.28%
iter 450: loss 1.6291, time 49.72ms, mfu 10.00%
iter 460: loss 1.5805, time 31.66ms, mfu 10.18%
iter 470: loss 1.6363, time 31.30ms, mfu 10.35%
iter 480: loss 1.5963, time 47.01ms, mfu 10.11%
iter 490: loss 1.5890, time 31.72ms, mfu 10.27%
step 500: train loss 1.5114, val loss 1.7133
saving checkpoint to out-hw1-baseline-lr2e-3
iter 500: loss 1.5941, time 5076.07ms, mfu 9.25%
iter 510: loss 1.6002, time 47.52ms, mfu 9.11%
iter 520: loss 1.5880, time 31.67ms, mfu 9.37%
iter 530: loss 1.5393, time 27.55ms, mfu 9.79%
iter 540: loss 1.6120, time 33.49ms, mfu 9.92%
iter 550: loss 1.5561, time 47.13ms, mfu 9.72%
iter 560: loss 1.5547, time 31.52ms, mfu 9.93%
iter 570: loss 1.5592, time 31.57ms, mfu 10.12%
iter 580: loss 1.5313, time 47.01ms, mfu 9.90%
iter 590: loss 1.4982, time 31.44ms, mfu 10.09%
iter 600: loss 1.5181, time 31.73ms, mfu 10.26%
iter 610: loss 1.5448, time 31.29ms, mfu 10.42%
iter 620: loss 1.5279, time 31.86ms, mfu 10.55%
iter 630: loss 1.5108, time 31.80ms, mfu 10.67%
iter 640: loss 1.4591, time 31.56ms, mfu 10.78%
iter 650: loss 1.5119, time 47.12ms, mfu 10.49%
iter 660: loss 1.5052, time 47.23ms, mfu 10.23%
iter 670: loss 1.4520, time 31.64ms, mfu 10.39%
iter 680: loss 1.5096, time 31.61ms, mfu 10.53%
iter 690: loss 1.4680, time 47.70ms, mfu 10.26%
iter 700: loss 1.4950, time 46.86ms, mfu 10.03%
iter 710: loss 1.4560, time 31.47ms, mfu 10.21%
iter 720: loss 1.4484, time 47.61ms, mfu 9.97%
iter 730: loss 1.4300, time 32.06ms, mfu 10.14%
iter 740: loss 1.4337, time 31.39ms, mfu 10.31%
step 750: train loss 1.3633, val loss 1.6013
saving checkpoint to out-hw1-baseline-lr2e-3
iter 750: loss 1.4258, time 5081.18ms, mfu 9.29%
iter 760: loss 1.4416, time 31.68ms, mfu 9.53%
iter 770: loss 1.4341, time 47.27ms, mfu 9.37%
iter 780: loss 1.4239, time 47.32ms, mfu 9.22%
iter 790: loss 1.4258, time 31.74ms, mfu 9.47%
iter 800: loss 1.4390, time 47.40ms, mfu 9.31%
iter 810: loss 1.4056, time 31.39ms, mfu 9.57%
iter 820: loss 1.4124, time 43.44ms, mfu 9.47%
iter 830: loss 1.3944, time 27.46ms, mfu 9.88%
iter 840: loss 1.4034, time 35.26ms, mfu 9.95%
iter 850: loss 1.3975, time 47.68ms, mfu 9.73%
iter 860: loss 1.3989, time 31.34ms, mfu 9.95%
iter 870: loss 1.3970, time 31.66ms, mfu 10.13%
iter 880: loss 1.3815, time 47.91ms, mfu 9.90%
iter 890: loss 1.3893, time 31.55ms, mfu 10.09%
iter 900: loss 1.3848, time 32.20ms, mfu 10.24%
iter 910: loss 1.3268, time 35.41ms, mfu 10.26%
iter 920: loss 1.3719, time 47.01ms, mfu 10.03%
iter 930: loss 1.3619, time 47.47ms, mfu 9.81%
iter 940: loss 1.3473, time 31.77ms, mfu 10.00%
iter 950: loss 1.3595, time 36.17ms, mfu 10.03%
iter 960: loss 1.3703, time 31.40ms, mfu 10.22%
iter 970: loss 1.3654, time 31.70ms, mfu 10.37%
iter 980: loss 1.3541, time 42.87ms, mfu 10.20%
iter 990: loss 1.3407, time 31.32ms, mfu 10.37%
step 1000: train loss 1.2783, val loss 1.5351
saving checkpoint to out-hw1-baseline-lr2e-3
iter 1000: loss 1.3396, time 5085.16ms, mfu 9.34%
iter 1010: loss 1.3361, time 31.63ms, mfu 9.59%
iter 1020: loss 1.3184, time 45.11ms, mfu 9.45%
iter 1030: loss 1.3428, time 31.81ms, mfu 9.68%
iter 1040: loss 1.3639, time 35.51ms, mfu 9.76%
iter 1050: loss 1.2960, time 42.59ms, mfu 9.66%
iter 1060: loss 1.3389, time 47.54ms, mfu 9.48%
iter 1070: loss 1.3338, time 32.55ms, mfu 9.67%
iter 1080: loss 1.3481, time 43.83ms, mfu 9.56%
iter 1090: loss 1.3634, time 35.28ms, mfu 9.66%
iter 1100: loss 1.3241, time 47.37ms, mfu 9.48%
iter 1110: loss 1.3025, time 31.34ms, mfu 9.72%
iter 1120: loss 1.3045, time 47.34ms, mfu 9.54%
iter 1130: loss 1.3023, time 46.71ms, mfu 9.38%
iter 1140: loss 1.3022, time 35.38ms, mfu 9.49%
iter 1150: loss 1.3174, time 43.87ms, mfu 9.39%
iter 1160: loss 1.3362, time 31.47ms, mfu 9.64%
iter 1170: loss 1.3068, time 31.53ms, mfu 9.86%
iter 1180: loss 1.3237, time 47.50ms, mfu 9.66%
iter 1190: loss 1.2746, time 31.77ms, mfu 9.86%
iter 1200: loss 1.2960, time 43.19ms, mfu 9.74%
iter 1210: loss 1.2649, time 47.08ms, mfu 9.56%
iter 1220: loss 1.3101, time 31.37ms, mfu 9.79%
iter 1230: loss 1.2988, time 31.28ms, mfu 10.00%
iter 1240: loss 1.3134, time 47.43ms, mfu 9.79%
step 1250: train loss 1.2064, val loss 1.5049
saving checkpoint to out-hw1-baseline-lr2e-3
iter 1250: loss 1.2827, time 5086.02ms, mfu 8.82%
iter 1260: loss 1.2908, time 35.34ms, mfu 8.99%
iter 1270: loss 1.2736, time 47.54ms, mfu 8.87%
iter 1280: loss 1.2658, time 27.46ms, mfu 9.34%
iter 1290: loss 1.2845, time 42.93ms, mfu 9.28%
iter 1300: loss 1.3064, time 31.46ms, mfu 9.53%
iter 1310: loss 1.2480, time 47.41ms, mfu 9.37%
iter 1320: loss 1.3153, time 47.40ms, mfu 9.22%
iter 1330: loss 1.2734, time 32.46ms, mfu 9.44%
iter 1340: loss 1.2989, time 31.79ms, mfu 9.67%
iter 1350: loss 1.2629, time 31.63ms, mfu 9.88%
iter 1360: loss 1.2791, time 31.66ms, mfu 10.07%
iter 1370: loss 1.2607, time 31.70ms, mfu 10.24%
iter 1380: loss 1.2740, time 31.34ms, mfu 10.40%
iter 1390: loss 1.2546, time 31.70ms, mfu 10.54%
iter 1400: loss 1.2686, time 31.35ms, mfu 10.67%
iter 1410: loss 1.2530, time 32.15ms, mfu 10.76%
iter 1420: loss 1.2763, time 47.03ms, mfu 10.48%
iter 1430: loss 1.2461, time 31.53ms, mfu 10.61%
iter 1440: loss 1.2641, time 30.37ms, mfu 10.78%
iter 1450: loss 1.2304, time 31.45ms, mfu 10.89%
iter 1460: loss 1.2438, time 47.53ms, mfu 10.58%
iter 1470: loss 1.2243, time 31.57ms, mfu 10.70%
iter 1480: loss 1.2121, time 31.31ms, mfu 10.82%
iter 1490: loss 1.2345, time 47.42ms, mfu 10.53%
step 1500: train loss 1.1566, val loss 1.4692
saving checkpoint to out-hw1-baseline-lr2e-3
iter 1500: loss 1.1868, time 5075.05ms, mfu 9.48%
iter 1510: loss 1.2395, time 31.58ms, mfu 9.71%
iter 1520: loss 1.2328, time 31.80ms, mfu 9.91%
iter 1530: loss 1.2636, time 31.30ms, mfu 10.11%
iter 1540: loss 1.1988, time 31.89ms, mfu 10.27%
iter 1550: loss 1.2355, time 47.78ms, mfu 10.02%
iter 1560: loss 1.2115, time 31.55ms, mfu 10.20%
iter 1570: loss 1.2375, time 31.64ms, mfu 10.36%
iter 1580: loss 1.2016, time 32.07ms, mfu 10.49%
iter 1590: loss 1.1992, time 47.40ms, mfu 10.22%
iter 1600: loss 1.1940, time 36.10ms, mfu 10.23%
iter 1610: loss 1.2355, time 33.71ms, mfu 10.31%
iter 1620: loss 1.1869, time 47.66ms, mfu 10.07%
iter 1630: loss 1.2051, time 29.88ms, mfu 10.31%
iter 1640: loss 1.2094, time 31.74ms, mfu 10.45%
iter 1650: loss 1.1831, time 47.39ms, mfu 10.19%
iter 1660: loss 1.2244, time 47.26ms, mfu 9.96%
iter 1670: loss 1.2007, time 31.28ms, mfu 10.16%
iter 1680: loss 1.2115, time 47.22ms, mfu 9.93%
iter 1690: loss 1.2063, time 27.51ms, mfu 10.29%
iter 1700: loss 1.1870, time 31.48ms, mfu 10.45%
iter 1710: loss 1.1848, time 47.29ms, mfu 10.19%
iter 1720: loss 1.1866, time 31.72ms, mfu 10.34%
iter 1730: loss 1.2099, time 47.80ms, mfu 10.09%
iter 1740: loss 1.1634, time 47.19ms, mfu 9.87%
step 1750: train loss 1.1081, val loss 1.4627
saving checkpoint to out-hw1-baseline-lr2e-3
iter 1750: loss 1.1968, time 5091.69ms, mfu 8.89%
iter 1760: loss 1.1974, time 31.37ms, mfu 9.19%
iter 1770: loss 1.2032, time 47.38ms, mfu 9.06%
iter 1780: loss 1.2052, time 47.59ms, mfu 8.93%
iter 1790: loss 1.2006, time 31.70ms, mfu 9.22%
iter 1800: loss 1.1864, time 31.36ms, mfu 9.48%
iter 1810: loss 1.1557, time 47.61ms, mfu 9.32%
iter 1820: loss 1.1756, time 47.27ms, mfu 9.17%
iter 1830: loss 1.1753, time 30.19ms, mfu 9.49%
iter 1840: loss 1.1640, time 31.63ms, mfu 9.72%
iter 1850: loss 1.1601, time 46.96ms, mfu 9.54%
iter 1860: loss 1.1725, time 31.69ms, mfu 9.76%
iter 1870: loss 1.1408, time 31.49ms, mfu 9.97%
iter 1880: loss 1.1880, time 47.12ms, mfu 9.76%
iter 1890: loss 1.1883, time 31.51ms, mfu 9.97%
iter 1900: loss 1.1337, time 31.36ms, mfu 10.16%
iter 1910: loss 1.1743, time 31.58ms, mfu 10.33%
iter 1920: loss 1.1761, time 47.82ms, mfu 10.07%
iter 1930: loss 1.1513, time 31.29ms, mfu 10.26%
iter 1940: loss 1.1273, time 31.73ms, mfu 10.40%
iter 1950: loss 1.1448, time 41.28ms, mfu 10.27%
iter 1960: loss 1.1553, time 47.74ms, mfu 10.02%
iter 1970: loss 1.1522, time 31.45ms, mfu 10.20%
iter 1980: loss 1.1560, time 42.56ms, mfu 10.06%
iter 1990: loss 1.1522, time 31.32ms, mfu 10.24%
step 2000: train loss 1.0630, val loss 1.4805
iter 2000: loss 1.1360, time 4996.47ms, mfu 9.23%
iter 2010: loss 1.1255, time 43.21ms, mfu 9.17%
iter 2020: loss 1.1248, time 47.33ms, mfu 9.04%
iter 2030: loss 1.1629, time 36.33ms, mfu 9.16%
iter 2040: loss 1.1580, time 31.79ms, mfu 9.41%
iter 2050: loss 1.1206, time 47.47ms, mfu 9.26%
iter 2060: loss 1.1059, time 31.73ms, mfu 9.51%
iter 2070: loss 1.1322, time 31.81ms, mfu 9.73%
iter 2080: loss 1.1262, time 31.39ms, mfu 9.94%
iter 2090: loss 1.1382, time 36.43ms, mfu 9.97%
iter 2100: loss 1.1361, time 30.42ms, mfu 10.20%
iter 2110: loss 1.1292, time 31.85ms, mfu 10.35%
iter 2120: loss 1.1320, time 35.47ms, mfu 10.36%
iter 2130: loss 1.1440, time 31.70ms, mfu 10.50%
iter 2140: loss 1.1401, time 31.90ms, mfu 10.62%
iter 2150: loss 1.1210, time 31.31ms, mfu 10.75%
iter 2160: loss 1.1413, time 31.82ms, mfu 10.84%
iter 2170: loss 1.1326, time 46.95ms, mfu 10.55%
iter 2180: loss 1.1141, time 31.67ms, mfu 10.68%
iter 2190: loss 1.1053, time 31.37ms, mfu 10.80%
iter 2200: loss 1.1278, time 31.59ms, mfu 10.90%
iter 2210: loss 1.1063, time 31.64ms, mfu 10.98%
iter 2220: loss 1.1231, time 31.74ms, mfu 11.06%
iter 2230: loss 1.1191, time 47.03ms, mfu 10.75%
iter 2240: loss 1.1391, time 29.27ms, mfu 10.94%
step 2250: train loss 1.0174, val loss 1.4736
iter 2250: loss 1.1104, time 4994.68ms, mfu 9.86%
iter 2260: loss 1.1131, time 31.33ms, mfu 10.06%
iter 2270: loss 1.1335, time 47.26ms, mfu 9.84%
iter 2280: loss 1.0957, time 42.80ms, mfu 9.73%
iter 2290: loss 1.1432, time 31.73ms, mfu 9.93%
iter 2300: loss 1.1242, time 31.34ms, mfu 10.13%
iter 2310: loss 1.1026, time 47.47ms, mfu 9.90%
iter 2320: loss 1.0941, time 47.02ms, mfu 9.70%
iter 2330: loss 1.1031, time 47.40ms, mfu 9.52%
iter 2340: loss 1.1180, time 31.91ms, mfu 9.73%
iter 2350: loss 1.1054, time 30.98ms, mfu 9.96%
iter 2360: loss 1.1106, time 47.26ms, mfu 9.76%
iter 2370: loss 1.0910, time 30.19ms, mfu 10.01%
iter 2380: loss 1.0965, time 34.30ms, mfu 10.10%
iter 2390: loss 1.0804, time 31.63ms, mfu 10.27%
iter 2400: loss 1.0865, time 43.07ms, mfu 10.11%
iter 2410: loss 1.0746, time 47.18ms, mfu 9.88%
iter 2420: loss 1.0878, time 47.29ms, mfu 9.68%
iter 2430: loss 1.0565, time 31.44ms, mfu 9.90%
iter 2440: loss 1.0679, time 31.78ms, mfu 10.08%
iter 2450: loss 1.0753, time 31.42ms, mfu 10.26%
iter 2460: loss 1.0866, time 31.43ms, mfu 10.42%
iter 2470: loss 1.0919, time 31.62ms, mfu 10.56%
iter 2480: loss 1.0901, time 31.52ms, mfu 10.68%
iter 2490: loss 1.0569, time 47.41ms, mfu 10.40%
step 2500: train loss 0.9683, val loss 1.4963
iter 2500: loss 1.0853, time 4993.70ms, mfu 9.37%
iter 2510: loss 1.0710, time 31.29ms, mfu 9.62%
iter 2520: loss 1.0494, time 31.65ms, mfu 9.84%
iter 2530: loss 1.0518, time 31.48ms, mfu 10.04%
iter 2540: loss 1.0533, time 47.22ms, mfu 9.82%
iter 2550: loss 1.0789, time 42.91ms, mfu 9.71%
iter 2560: loss 1.0629, time 31.83ms, mfu 9.91%
iter 2570: loss 1.0845, time 31.75ms, mfu 10.09%
iter 2580: loss 1.0869, time 47.40ms, mfu 9.87%
iter 2590: loss 1.0751, time 31.55ms, mfu 10.06%
iter 2600: loss 1.0729, time 31.36ms, mfu 10.24%
iter 2610: loss 1.0505, time 32.25ms, mfu 10.38%
iter 2620: loss 1.0399, time 47.01ms, mfu 10.13%
iter 2630: loss 1.0221, time 31.70ms, mfu 10.29%
iter 2640: loss 1.0442, time 31.49ms, mfu 10.45%
iter 2650: loss 1.0624, time 31.44ms, mfu 10.59%
iter 2660: loss 1.0479, time 47.38ms, mfu 10.32%
iter 2670: loss 1.0219, time 31.56ms, mfu 10.46%
iter 2680: loss 1.0470, time 31.47ms, mfu 10.60%
iter 2690: loss 1.0544, time 47.14ms, mfu 10.33%
iter 2700: loss 1.0266, time 47.37ms, mfu 10.09%
iter 2710: loss 1.0536, time 31.55ms, mfu 10.26%
iter 2720: loss 1.0491, time 31.38ms, mfu 10.42%
iter 2730: loss 1.0676, time 31.67ms, mfu 10.55%
iter 2740: loss 1.0176, time 47.11ms, mfu 10.29%
step 2750: train loss 0.9191, val loss 1.5194
iter 2750: loss 1.0416, time 4999.67ms, mfu 9.27%
iter 2760: loss 1.0362, time 47.30ms, mfu 9.13%
iter 2770: loss 1.0288, time 31.75ms, mfu 9.39%
iter 2780: loss 1.0286, time 31.51ms, mfu 9.63%
iter 2790: loss 1.0370, time 31.71ms, mfu 9.84%
iter 2800: loss 1.0134, time 46.21ms, mfu 9.67%
iter 2810: loss 1.0355, time 31.38ms, mfu 9.89%
iter 2820: loss 1.0247, time 49.59ms, mfu 9.65%
iter 2830: loss 1.0240, time 47.07ms, mfu 9.48%
iter 2840: loss 0.9970, time 47.06ms, mfu 9.32%
iter 2850: loss 1.0254, time 31.58ms, mfu 9.57%
iter 2860: loss 1.0223, time 31.28ms, mfu 9.80%
iter 2870: loss 1.0105, time 31.44ms, mfu 10.01%
iter 2880: loss 1.0345, time 31.66ms, mfu 10.18%
iter 2890: loss 1.0098, time 31.60ms, mfu 10.34%
iter 2900: loss 0.9904, time 31.74ms, mfu 10.48%
iter 2910: loss 1.0371, time 47.17ms, mfu 10.23%
iter 2920: loss 1.0214, time 46.74ms, mfu 10.00%
iter 2930: loss 0.9956, time 31.84ms, mfu 10.17%
iter 2940: loss 0.9889, time 47.20ms, mfu 9.94%
iter 2950: loss 1.0175, time 31.54ms, mfu 10.13%
iter 2960: loss 0.9980, time 31.44ms, mfu 10.30%
iter 2970: loss 0.9898, time 31.89ms, mfu 10.44%
iter 2980: loss 1.0038, time 47.46ms, mfu 10.18%
iter 2990: loss 0.9826, time 31.69ms, mfu 10.34%
step 3000: train loss 0.8730, val loss 1.5114
iter 3000: loss 0.9828, time 4994.87ms, mfu 9.31%
iter 3010: loss 0.9946, time 47.17ms, mfu 9.17%
iter 3020: loss 0.9997, time 31.67ms, mfu 9.43%
iter 3030: loss 0.9987, time 31.72ms, mfu 9.66%
iter 3040: loss 1.0210, time 48.01ms, mfu 9.47%
iter 3050: loss 0.9814, time 31.67ms, mfu 9.70%
iter 3060: loss 0.9939, time 31.54ms, mfu 9.91%
iter 3070: loss 1.0153, time 31.42ms, mfu 10.11%
iter 3080: loss 0.9967, time 47.30ms, mfu 9.88%
iter 3090: loss 0.9744, time 47.42ms, mfu 9.68%
iter 3100: loss 0.9979, time 31.57ms, mfu 9.89%
iter 3110: loss 0.9740, time 31.55ms, mfu 10.09%
iter 3120: loss 1.0007, time 47.40ms, mfu 9.86%
iter 3130: loss 0.9809, time 31.35ms, mfu 10.07%
iter 3140: loss 0.9732, time 31.48ms, mfu 10.24%
iter 3150: loss 0.9935, time 47.27ms, mfu 10.01%
iter 3160: loss 1.0042, time 47.03ms, mfu 9.80%
iter 3170: loss 0.9580, time 31.42ms, mfu 10.00%
iter 3180: loss 0.9799, time 31.60ms, mfu 10.18%
iter 3190: loss 0.9946, time 47.92ms, mfu 9.94%
iter 3200: loss 0.9651, time 31.53ms, mfu 10.13%
iter 3210: loss 0.9608, time 31.32ms, mfu 10.31%
iter 3220: loss 0.9535, time 47.42ms, mfu 10.06%
iter 3230: loss 0.9631, time 46.96ms, mfu 9.85%
iter 3240: loss 0.9456, time 32.27ms, mfu 10.02%
step 3250: train loss 0.8241, val loss 1.5528
iter 3250: loss 0.9700, time 4996.94ms, mfu 9.02%
iter 3260: loss 0.9616, time 31.65ms, mfu 9.30%
iter 3270: loss 0.9744, time 31.53ms, mfu 9.55%
iter 3280: loss 0.9544, time 31.56ms, mfu 9.78%
iter 3290: loss 0.9372, time 47.14ms, mfu 9.59%
iter 3300: loss 0.9281, time 47.79ms, mfu 9.41%
iter 3310: loss 0.9498, time 34.73ms, mfu 9.54%
iter 3320: loss 0.9627, time 31.33ms, mfu 9.78%
iter 3330: loss 0.9584, time 47.31ms, mfu 9.59%
iter 3340: loss 0.9578, time 31.74ms, mfu 9.80%
iter 3350: loss 0.9560, time 31.34ms, mfu 10.01%
iter 3360: loss 0.9142, time 31.32ms, mfu 10.20%
iter 3370: loss 0.9540, time 31.31ms, mfu 10.37%
iter 3380: loss 0.9487, time 31.75ms, mfu 10.51%
iter 3390: loss 0.9489, time 48.10ms, mfu 10.23%
iter 3400: loss 0.9441, time 31.66ms, mfu 10.38%
iter 3410: loss 0.9449, time 31.34ms, mfu 10.54%
iter 3420: loss 0.9464, time 31.38ms, mfu 10.67%
iter 3430: loss 0.9501, time 47.19ms, mfu 10.39%
iter 3440: loss 0.9741, time 47.29ms, mfu 10.14%
iter 3450: loss 0.9464, time 31.49ms, mfu 10.31%
iter 3460: loss 0.9388, time 31.26ms, mfu 10.47%
iter 3470: loss 0.9384, time 31.48ms, mfu 10.61%
iter 3480: loss 0.9478, time 47.15ms, mfu 10.34%
iter 3490: loss 0.9049, time 31.35ms, mfu 10.49%
step 3500: train loss 0.7787, val loss 1.5694
iter 3500: loss 0.8980, time 4989.61ms, mfu 9.45%
iter 3510: loss 0.9074, time 47.16ms, mfu 9.30%
iter 3520: loss 0.9236, time 47.59ms, mfu 9.15%
iter 3530: loss 0.9459, time 31.41ms, mfu 9.42%
iter 3540: loss 0.9169, time 42.84ms, mfu 9.35%
iter 3550: loss 0.9214, time 38.09ms, mfu 9.39%
iter 3560: loss 0.9514, time 31.66ms, mfu 9.63%
iter 3570: loss 0.9272, time 31.55ms, mfu 9.85%
iter 3580: loss 0.9227, time 47.09ms, mfu 9.65%
iter 3590: loss 0.9233, time 31.30ms, mfu 9.88%
iter 3600: loss 0.9156, time 31.85ms, mfu 10.06%
iter 3610: loss 0.9073, time 31.45ms, mfu 10.24%
iter 3620: loss 0.8899, time 47.28ms, mfu 10.00%
iter 3630: loss 0.9176, time 31.29ms, mfu 10.19%
iter 3640: loss 0.9118, time 31.62ms, mfu 10.35%
iter 3650: loss 0.9095, time 31.71ms, mfu 10.49%
iter 3660: loss 0.9239, time 47.14ms, mfu 10.23%
iter 3670: loss 0.9307, time 31.51ms, mfu 10.39%
iter 3680: loss 0.9030, time 31.52ms, mfu 10.54%
iter 3690: loss 0.9257, time 47.78ms, mfu 10.26%
iter 3700: loss 0.8616, time 46.94ms, mfu 10.03%
iter 3710: loss 0.8788, time 31.66ms, mfu 10.20%
iter 3720: loss 0.8954, time 31.82ms, mfu 10.35%
iter 3730: loss 0.8907, time 47.08ms, mfu 10.11%
iter 3740: loss 0.8952, time 47.34ms, mfu 9.89%
step 3750: train loss 0.7371, val loss 1.5954
iter 3750: loss 0.8925, time 4981.23ms, mfu 8.91%
iter 3760: loss 0.9311, time 31.68ms, mfu 9.19%
iter 3770: loss 0.9281, time 31.61ms, mfu 9.45%
iter 3780: loss 0.9102, time 31.82ms, mfu 9.68%
iter 3790: loss 0.8912, time 47.13ms, mfu 9.50%
iter 3800: loss 0.9080, time 31.74ms, mfu 9.72%
iter 3810: loss 0.9179, time 31.46ms, mfu 9.94%
iter 3820: loss 0.8840, time 31.54ms, mfu 10.12%
iter 3830: loss 0.8847, time 31.49ms, mfu 10.29%
iter 3840: loss 0.8792, time 47.36ms, mfu 10.05%
iter 3850: loss 0.8724, time 31.37ms, mfu 10.23%
iter 3860: loss 0.8608, time 31.67ms, mfu 10.39%
iter 3870: loss 0.8881, time 47.37ms, mfu 10.14%
iter 3880: loss 0.8797, time 47.06ms, mfu 9.91%
iter 3890: loss 0.8901, time 47.26ms, mfu 9.71%
iter 3900: loss 0.8827, time 31.43ms, mfu 9.93%
iter 3910: loss 0.8811, time 31.66ms, mfu 10.11%
iter 3920: loss 0.8603, time 31.45ms, mfu 10.28%
iter 3930: loss 0.8892, time 31.34ms, mfu 10.44%
iter 3940: loss 0.8695, time 31.71ms, mfu 10.58%
iter 3950: loss 0.8754, time 31.67ms, mfu 10.69%
iter 3960: loss 0.8952, time 31.57ms, mfu 10.80%
iter 3970: loss 0.8760, time 31.34ms, mfu 10.91%
iter 3980: loss 0.8797, time 31.38ms, mfu 11.01%
iter 3990: loss 0.8608, time 31.29ms, mfu 11.10%
step 4000: train loss 0.7024, val loss 1.6284
iter 4000: loss 0.8487, time 5003.60ms, mfu 10.00%
iter 4010: loss 0.8701, time 47.50ms, mfu 9.78%
iter 4020: loss 0.8710, time 31.60ms, mfu 9.98%
iter 4030: loss 0.8725, time 31.47ms, mfu 10.17%
iter 4040: loss 0.8635, time 31.60ms, mfu 10.33%
iter 4050: loss 0.8590, time 47.41ms, mfu 10.08%
iter 4060: loss 0.8431, time 31.55ms, mfu 10.26%
iter 4070: loss 0.8446, time 31.39ms, mfu 10.42%
iter 4080: loss 0.8701, time 47.63ms, mfu 10.16%
iter 4090: loss 0.8342, time 31.83ms, mfu 10.31%
iter 4100: loss 0.9001, time 31.60ms, mfu 10.46%
iter 4110: loss 0.8585, time 31.45ms, mfu 10.60%
iter 4120: loss 0.8644, time 47.16ms, mfu 10.33%
iter 4130: loss 0.8554, time 33.43ms, mfu 10.41%
iter 4140: loss 0.8638, time 31.13ms, mfu 10.57%
iter 4150: loss 0.8580, time 31.34ms, mfu 10.70%
iter 4160: loss 0.8430, time 47.75ms, mfu 10.41%
iter 4170: loss 0.8532, time 31.49ms, mfu 10.55%
iter 4180: loss 0.8593, time 31.63ms, mfu 10.68%
iter 4190: loss 0.8669, time 45.71ms, mfu 10.42%
iter 4200: loss 0.8482, time 47.14ms, mfu 10.17%
iter 4210: loss 0.8627, time 31.20ms, mfu 10.35%
iter 4220: loss 0.8416, time 31.86ms, mfu 10.48%
iter 4230: loss 0.8705, time 42.57ms, mfu 10.31%
iter 4240: loss 0.8485, time 31.57ms, mfu 10.46%
step 4250: train loss 0.6672, val loss 1.6524
iter 4250: loss 0.8658, time 4989.21ms, mfu 9.42%
iter 4260: loss 0.8533, time 31.29ms, mfu 9.67%
iter 4270: loss 0.8459, time 31.70ms, mfu 9.88%
iter 4280: loss 0.8356, time 31.29ms, mfu 10.08%
iter 4290: loss 0.8210, time 47.16ms, mfu 9.86%
iter 4300: loss 0.8297, time 31.47ms, mfu 10.06%
iter 4310: loss 0.8312, time 30.44ms, mfu 10.28%
iter 4320: loss 0.8168, time 43.40ms, mfu 10.11%
iter 4330: loss 0.8475, time 47.35ms, mfu 9.89%
iter 4340: loss 0.8183, time 31.31ms, mfu 10.09%
iter 4350: loss 0.8234, time 31.68ms, mfu 10.25%
iter 4360: loss 0.8394, time 47.45ms, mfu 10.01%
iter 4370: loss 0.8312, time 31.64ms, mfu 10.19%
iter 4380: loss 0.8187, time 35.19ms, mfu 10.23%
iter 4390: loss 0.8480, time 34.58ms, mfu 10.28%
iter 4400: loss 0.8273, time 31.65ms, mfu 10.43%
iter 4410: loss 0.8388, time 46.36ms, mfu 10.19%
iter 4420: loss 0.8510, time 47.51ms, mfu 9.96%
iter 4430: loss 0.8355, time 35.59ms, mfu 10.01%
iter 4440: loss 0.8280, time 47.36ms, mfu 9.80%
iter 4450: loss 0.8402, time 30.94ms, mfu 10.02%
iter 4460: loss 0.8197, time 43.91ms, mfu 9.87%
iter 4470: loss 0.8348, time 47.62ms, mfu 9.66%
iter 4480: loss 0.8107, time 31.76ms, mfu 9.87%
iter 4490: loss 0.8235, time 43.86ms, mfu 9.73%
step 4500: train loss 0.6387, val loss 1.6767
iter 4500: loss 0.8422, time 5005.12ms, mfu 8.77%
iter 4510: loss 0.8268, time 35.13ms, mfu 8.95%
iter 4520: loss 0.8161, time 31.45ms, mfu 9.24%
iter 4530: loss 0.8360, time 43.27ms, mfu 9.18%
iter 4540: loss 0.8278, time 31.65ms, mfu 9.44%
iter 4550: loss 0.8544, time 31.75ms, mfu 9.67%
iter 4560: loss 0.8206, time 45.28ms, mfu 9.52%
iter 4570: loss 0.8242, time 47.68ms, mfu 9.35%
iter 4580: loss 0.8306, time 32.00ms, mfu 9.58%
iter 4590: loss 0.8373, time 35.59ms, mfu 9.67%
iter 4600: loss 0.8153, time 47.21ms, mfu 9.49%
iter 4610: loss 0.8469, time 31.34ms, mfu 9.73%
iter 4620: loss 0.8186, time 31.66ms, mfu 9.94%
iter 4630: loss 0.8043, time 47.22ms, mfu 9.73%
iter 4640: loss 0.8312, time 31.77ms, mfu 9.93%
iter 4650: loss 0.8375, time 31.76ms, mfu 10.11%
iter 4660: loss 0.8307, time 48.56ms, mfu 9.87%
iter 4670: loss 0.8228, time 45.45ms, mfu 9.70%
iter 4680: loss 0.8315, time 33.61ms, mfu 9.84%
iter 4690: loss 0.8344, time 31.87ms, mfu 10.02%
iter 4700: loss 0.8016, time 47.48ms, mfu 9.81%
iter 4710: loss 0.7782, time 31.56ms, mfu 10.01%
iter 4720: loss 0.8182, time 31.67ms, mfu 10.18%
iter 4730: loss 0.8072, time 47.02ms, mfu 9.96%
iter 4740: loss 0.8121, time 31.39ms, mfu 10.15%
step 4750: train loss 0.6179, val loss 1.6926
iter 4750: loss 0.7893, time 4983.56ms, mfu 9.14%
iter 4760: loss 0.7969, time 47.55ms, mfu 9.01%
iter 4770: loss 0.7759, time 31.40ms, mfu 9.30%
iter 4780: loss 0.7959, time 46.95ms, mfu 9.16%
iter 4790: loss 0.8203, time 47.54ms, mfu 9.03%
iter 4800: loss 0.8025, time 31.90ms, mfu 9.29%
iter 4810: loss 0.8297, time 31.45ms, mfu 9.55%
iter 4820: loss 0.7997, time 31.32ms, mfu 9.78%
iter 4830: loss 0.8038, time 31.51ms, mfu 9.99%
iter 4840: loss 0.8039, time 31.43ms, mfu 10.17%
iter 4850: loss 0.7966, time 47.22ms, mfu 9.95%
iter 4860: loss 0.7969, time 47.32ms, mfu 9.74%
iter 4870: loss 0.7928, time 31.90ms, mfu 9.93%
iter 4880: loss 0.8192, time 47.68ms, mfu 9.72%
iter 4890: loss 0.7874, time 47.58ms, mfu 9.53%
iter 4900: loss 0.7873, time 47.44ms, mfu 9.36%
iter 4910: loss 0.8131, time 31.81ms, mfu 9.60%
iter 4920: loss 0.8014, time 47.46ms, mfu 9.42%
iter 4930: loss 0.7894, time 32.74ms, mfu 9.62%
iter 4940: loss 0.7900, time 31.36ms, mfu 9.85%
iter 4950: loss 0.8099, time 47.40ms, mfu 9.65%
iter 4960: loss 0.8131, time 31.72ms, mfu 9.86%
iter 4970: loss 0.7669, time 32.11ms, mfu 10.03%
iter 4980: loss 0.7724, time 47.25ms, mfu 9.82%
iter 4990: loss 0.8066, time 31.42ms, mfu 10.02%
step 5000: train loss 0.6029, val loss 1.7134
iter 5000: loss 0.8002, time 5000.63ms, mfu 9.03%
=== D:\hw1\Gengerative-AI\.venv\Scripts\python.exe -u train.py config/hw1_rmsnorm_lr2e-3.py
Overriding config with config/hw1_rmsnorm_lr2e-3.py:
# Same as hw1_rmsnorm.py but with a 2x learning rate (min_lr kept at lr/10).
exec(open('config/hw1_rmsnorm.py').read())
out_dir = 'out-hw1-rmsnorm-lr2e-3'
learning_rate = 2e-3
min_lr = 2e-4

tokens per iteration will be: 16,384
found vocab_size = 65 (inside data\shakespeare_char\meta.pkl)
Initializing a new model from scratch
number of parameters: 10.65M
D:\hw1\Gengerative-AI\train.py:201: FutureWarning: `torch.cuda.amp.GradScaler(args...)` is deprecated. Please use `torch.amp.GradScaler('cuda', args...)` instead.
  scaler = torch.cuda.amp.GradScaler(enabled=(dtype == 'float16'))
num decayed parameter tensors: 26, with 10,740,096 parameters
num non-decayed parameter tensors: 13, with 4,992 parameters
using fused AdamW: True
step 0: train loss 4.3725, val loss 4.3618
iter 0: loss 4.3396, time 5982.63ms, mfu -100.00%
iter 10: loss 3.0397, time 47.58ms, mfu 7.83%
iter 20: loss 2.6488, time 46.05ms, mfu 7.86%
iter 30: loss 2.5812, time 54.29ms, mfu 7.76%
iter 40: loss 2.5523, time 33.17ms, mfu 8.11%
iter 50: loss 2.5095, time 47.49ms, mfu 8.08%
iter 60: loss 2.4940, time 47.17ms, mfu 8.06%
iter 70: loss 2.4832, time 33.27ms, mfu 8.38%
iter 80: loss 2.4932, time 46.95ms, mfu 8.33%
iter 90: loss 2.4698, time 47.05ms, mfu 8.29%
iter 100: loss 2.4600, time 47.30ms, mfu 8.25%
iter 110: loss 2.4323, time 64.83ms, mfu 8.00%
iter 120: loss 2.4244, time 31.34ms, mfu 8.39%
iter 130: loss 2.3942, time 33.74ms, mfu 8.65%
iter 140: loss 2.3828, time 33.54ms, mfu 8.90%
iter 150: loss 2.3196, time 47.17ms, mfu 8.80%
iter 160: loss 2.2179, time 47.35ms, mfu 8.71%
iter 170: loss 2.1832, time 46.97ms, mfu 8.63%
iter 180: loss 2.1243, time 62.66ms, mfu 8.36%
iter 190: loss 2.0656, time 47.36ms, mfu 8.31%
iter 200: loss 2.0282, time 63.11ms, mfu 8.07%
iter 210: loss 1.9872, time 46.96ms, mfu 8.06%
iter 220: loss 1.9938, time 62.93ms, mfu 7.84%
iter 230: loss 1.9370, time 47.36ms, mfu 7.85%
iter 240: loss 1.9515, time 31.37ms, mfu 8.25%
step 250: train loss 1.8377, val loss 1.9673
saving checkpoint to out-hw1-rmsnorm-lr2e-3
iter 250: loss 1.9126, time 5879.04ms, mfu 7.43%
iter 260: loss 1.8706, time 31.99ms, mfu 7.85%
iter 270: loss 1.8752, time 46.96ms, mfu 7.86%
iter 280: loss 1.8717, time 62.98ms, mfu 7.67%
iter 290: loss 1.8211, time 46.97ms, mfu 7.69%
iter 300: loss 1.7999, time 62.87ms, mfu 7.52%
iter 310: loss 1.7789, time 45.97ms, mfu 7.58%
iter 320: loss 1.7756, time 47.25ms, mfu 7.61%
iter 330: loss 1.7496, time 62.86ms, mfu 7.44%
iter 340: loss 1.7183, time 47.02ms, mfu 7.49%
iter 350: loss 1.7605, time 47.00ms, mfu 7.53%
iter 360: loss 1.7147, time 63.27ms, mfu 7.37%
iter 370: loss 1.6853, time 48.93ms, mfu 7.39%
iter 380: loss 1.6801, time 31.35ms, mfu 7.84%
iter 390: loss 1.6944, time 46.92ms, mfu 7.85%
iter 400: loss 1.7265, time 46.96ms, mfu 7.86%
iter 410: loss 1.6559, time 33.03ms, mfu 8.20%
iter 420: loss 1.6895, time 62.81ms, mfu 7.97%
iter 430: loss 1.6638, time 47.61ms, mfu 7.96%
iter 440: loss 1.6273, time 31.30ms, mfu 8.35%
iter 450: loss 1.6299, time 47.40ms, mfu 8.31%
iter 460: loss 1.5824, time 31.51ms, mfu 8.66%
iter 470: loss 1.6439, time 45.17ms, mfu 8.62%
iter 480: loss 1.6118, time 47.32ms, mfu 8.54%
iter 490: loss 1.5853, time 63.01ms, mfu 8.28%
step 500: train loss 1.5234, val loss 1.7246
saving checkpoint to out-hw1-rmsnorm-lr2e-3
iter 500: loss 1.5941, time 5907.92ms, mfu 7.46%
iter 510: loss 1.6002, time 62.61ms, mfu 7.31%
iter 520: loss 1.5836, time 45.15ms, mfu 7.40%
iter 530: loss 1.5513, time 46.93ms, mfu 7.46%
iter 540: loss 1.6083, time 30.19ms, mfu 7.94%
iter 550: loss 1.5595, time 47.02ms, mfu 7.94%
iter 560: loss 1.5579, time 47.68ms, mfu 7.93%
iter 570: loss 1.5596, time 63.14ms, mfu 7.73%
iter 580: loss 1.5298, time 62.93ms, mfu 7.55%
iter 590: loss 1.5038, time 47.01ms, mfu 7.58%
iter 600: loss 1.5215, time 46.98ms, mfu 7.62%
iter 610: loss 1.5451, time 62.66ms, mfu 7.45%
iter 620: loss 1.5329, time 47.38ms, mfu 7.49%
iter 630: loss 1.5147, time 47.24ms, mfu 7.53%
iter 640: loss 1.4732, time 63.18ms, mfu 7.37%
iter 650: loss 1.5070, time 47.76ms, mfu 7.41%
iter 660: loss 1.5094, time 47.09ms, mfu 7.46%
iter 670: loss 1.4563, time 62.86ms, mfu 7.31%
iter 680: loss 1.5194, time 31.29ms, mfu 7.77%
iter 690: loss 1.4644, time 46.97ms, mfu 7.79%
iter 700: loss 1.4934, time 47.18ms, mfu 7.80%
iter 710: loss 1.4647, time 47.49ms, mfu 7.80%
iter 720: loss 1.4575, time 47.07ms, mfu 7.81%
iter 730: loss 1.4338, time 47.30ms, mfu 7.82%
iter 740: loss 1.4361, time 31.45ms, mfu 8.22%
step 750: train loss 1.3694, val loss 1.5971
saving checkpoint to out-hw1-rmsnorm-lr2e-3
iter 750: loss 1.4353, time 5896.20ms, mfu 7.41%
iter 760: loss 1.4569, time 46.94ms, mfu 7.46%
iter 770: loss 1.4384, time 46.96ms, mfu 7.51%
iter 780: loss 1.4291, time 47.20ms, mfu 7.55%
iter 790: loss 1.4191, time 47.41ms, mfu 7.58%
iter 800: loss 1.4393, time 62.76ms, mfu 7.41%
iter 810: loss 1.4119, time 47.03ms, mfu 7.46%
iter 820: loss 1.4167, time 46.92ms, mfu 7.51%
iter 830: loss 1.3965, time 47.34ms, mfu 7.55%
iter 840: loss 1.4185, time 62.63ms, mfu 7.39%
iter 850: loss 1.3963, time 61.34ms, mfu 7.26%
iter 860: loss 1.4004, time 46.98ms, mfu 7.32%
iter 870: loss 1.4034, time 47.08ms, mfu 7.38%
iter 880: loss 1.3913, time 31.55ms, mfu 7.83%
iter 890: loss 1.3926, time 47.39ms, mfu 7.83%
iter 900: loss 1.3841, time 47.02ms, mfu 7.84%
iter 910: loss 1.3334, time 58.90ms, mfu 7.69%
iter 920: loss 1.3741, time 47.18ms, mfu 7.71%
iter 930: loss 1.3707, time 47.13ms, mfu 7.73%
iter 940: loss 1.3614, time 48.81ms, mfu 7.72%
iter 950: loss 1.3628, time 47.59ms, mfu 7.73%
iter 960: loss 1.3773, time 46.94ms, mfu 7.75%
iter 970: loss 1.3687, time 45.85ms, mfu 7.79%
iter 980: loss 1.3614, time 31.33ms, mfu 8.20%
iter 990: loss 1.3444, time 47.17ms, mfu 8.17%
step 1000: train loss 1.2810, val loss 1.5266
saving checkpoint to out-hw1-rmsnorm-lr2e-3
iter 1000: loss 1.3466, time 5909.10ms, mfu 7.36%
iter 1010: loss 1.3396, time 46.99ms, mfu 7.42%
iter 1020: loss 1.3177, time 47.55ms, mfu 7.46%
iter 1030: loss 1.3483, time 42.99ms, mfu 7.58%
iter 1040: loss 1.3656, time 47.00ms, mfu 7.61%
iter 1050: loss 1.2932, time 46.93ms, mfu 7.65%
iter 1060: loss 1.3496, time 31.52ms, mfu 8.06%
iter 1070: loss 1.3378, time 47.85ms, mfu 8.04%
iter 1080: loss 1.3415, time 47.37ms, mfu 8.02%
iter 1090: loss 1.3592, time 46.95ms, mfu 8.01%
iter 1100: loss 1.3333, time 39.81ms, mfu 8.15%
iter 1110: loss 1.3115, time 47.00ms, mfu 8.12%
iter 1120: loss 1.3021, time 46.91ms, mfu 8.11%
iter 1130: loss 1.3043, time 63.07ms, mfu 7.89%
iter 1140: loss 1.3026, time 62.82ms, mfu 7.69%
iter 1150: loss 1.3145, time 47.01ms, mfu 7.71%
iter 1160: loss 1.3370, time 47.41ms, mfu 7.73%
iter 1170: loss 1.3084, time 31.55ms, mfu 8.14%
iter 1180: loss 1.3255, time 63.32ms, mfu 7.91%
iter 1190: loss 1.2810, time 46.95ms, mfu 7.91%
iter 1200: loss 1.2988, time 46.97ms, mfu 7.92%
iter 1210: loss 1.2722, time 47.55ms, mfu 7.91%
iter 1220: loss 1.3152, time 62.67ms, mfu 7.71%
iter 1230: loss 1.3018, time 47.17ms, mfu 7.73%
iter 1240: loss 1.3091, time 47.52ms, mfu 7.74%
step 1250: train loss 1.2119, val loss 1.5019
saving checkpoint to out-hw1-rmsnorm-lr2e-3
iter 1250: loss 1.2810, time 5908.98ms, mfu 6.97%
iter 1260: loss 1.2908, time 31.49ms, mfu 7.46%
iter 1270: loss 1.2807, time 47.41ms, mfu 7.50%
iter 1280: loss 1.2620, time 31.83ms, mfu 7.92%
iter 1290: loss 1.2875, time 62.63ms, mfu 7.72%
iter 1300: loss 1.3110, time 49.78ms, mfu 7.70%
iter 1310: loss 1.2395, time 47.18ms, mfu 7.72%
iter 1320: loss 1.3100, time 31.29ms, mfu 8.14%
iter 1330: loss 1.2746, time 58.08ms, mfu 7.97%
iter 1340: loss 1.3135, time 47.84ms, mfu 7.95%
iter 1350: loss 1.2559, time 44.50ms, mfu 7.99%
iter 1360: loss 1.2841, time 47.60ms, mfu 7.97%
iter 1370: loss 1.2664, time 31.63ms, mfu 8.36%
iter 1380: loss 1.2733, time 47.05ms, mfu 8.31%
iter 1390: loss 1.2563, time 31.90ms, mfu 8.65%
iter 1400: loss 1.2600, time 46.93ms, mfu 8.58%
iter 1410: loss 1.2568, time 47.15ms, mfu 8.51%
iter 1420: loss 1.2714, time 47.42ms, mfu 8.44%
iter 1430: loss 1.2534, time 31.52ms, mfu 8.78%
iter 1440: loss 1.2626, time 44.42ms, mfu 8.74%
iter 1450: loss 1.2395, time 30.45ms, mfu 9.09%
iter 1460: loss 1.2508, time 47.34ms, mfu 8.97%
iter 1470: loss 1.2242, time 47.64ms, mfu 8.86%
iter 1480: loss 1.2164, time 60.11ms, mfu 8.59%
iter 1490: loss 1.2386, time 47.62ms, mfu 8.51%
step 1500: train loss 1.1635, val loss 1.4761
saving checkpoint to out-hw1-rmsnorm-lr2e-3
iter 1500: loss 1.1947, time 5896.36ms, mfu 7.67%
iter 1510: loss 1.2453, time 47.48ms, mfu 7.69%
iter 1520: loss 1.2327, time 46.94ms, mfu 7.71%
iter 1530: loss 1.2588, time 47.02ms, mfu 7.73%
iter 1540: loss 1.1975, time 46.97ms, mfu 7.75%
iter 1550: loss 1.2409, time 47.72ms, mfu 7.76%
iter 1560: loss 1.2140, time 47.98ms, mfu 7.76%
iter 1570: loss 1.2447, time 57.96ms, mfu 7.63%
iter 1580: loss 1.2138, time 46.98ms, mfu 7.66%
iter 1590: loss 1.1964, time 47.23ms, mfu 7.68%
iter 1600: loss 1.2066, time 47.75ms, mfu 7.69%
iter 1610: loss 1.2495, time 47.44ms, mfu 7.71%
iter 1620: loss 1.1859, time 47.58ms, mfu 7.72%
iter 1630: loss 1.2052, time 63.29ms, mfu 7.54%
iter 1640: loss 1.2146, time 59.15ms, mfu 7.41%
iter 1650: loss 1.1923, time 47.73ms, mfu 7.45%
iter 1660: loss 1.2284, time 47.35ms, mfu 7.49%
iter 1670: loss 1.1987, time 46.98ms, mfu 7.54%
iter 1680: loss 1.2055, time 47.01ms, mfu 7.58%
iter 1690: loss 1.2074, time 31.83ms, mfu 7.99%
iter 1700: loss 1.1978, time 51.69ms, mfu 7.91%
iter 1710: loss 1.1848, time 46.98ms, mfu 7.91%
iter 1720: loss 1.1943, time 47.00ms, mfu 7.92%
iter 1730: loss 1.2122, time 46.98ms, mfu 7.92%
iter 1740: loss 1.1764, time 31.88ms, mfu 8.29%
step 1750: train loss 1.1102, val loss 1.4768
iter 1750: loss 1.1930, time 5818.03ms, mfu 7.47%
iter 1760: loss 1.1985, time 47.12ms, mfu 7.51%
iter 1770: loss 1.2078, time 46.95ms, mfu 7.56%
iter 1780: loss 1.2076, time 46.92ms, mfu 7.60%
iter 1790: loss 1.1995, time 31.37ms, mfu 8.02%
iter 1800: loss 1.1928, time 31.33ms, mfu 8.41%
iter 1810: loss 1.1690, time 46.98ms, mfu 8.36%
iter 1820: loss 1.1725, time 46.93ms, mfu 8.32%
iter 1830: loss 1.1740, time 46.96ms, mfu 8.28%
iter 1840: loss 1.1663, time 46.93ms, mfu 8.25%
iter 1850: loss 1.1719, time 31.55ms, mfu 8.60%
iter 1860: loss 1.1812, time 46.99ms, mfu 8.54%
iter 1870: loss 1.1546, time 47.52ms, mfu 8.47%
iter 1880: loss 1.1882, time 62.81ms, mfu 8.21%
iter 1890: loss 1.1876, time 46.96ms, mfu 8.19%
iter 1900: loss 1.1390, time 48.53ms, mfu 8.13%
iter 1910: loss 1.1778, time 47.88ms, mfu 8.10%
iter 1920: loss 1.1752, time 62.74ms, mfu 7.88%
iter 1930: loss 1.1523, time 46.96ms, mfu 7.89%
iter 1940: loss 1.1294, time 31.30ms, mfu 8.29%
iter 1950: loss 1.1487, time 62.65ms, mfu 8.06%
iter 1960: loss 1.1662, time 46.94ms, mfu 8.04%
iter 1970: loss 1.1582, time 47.13ms, mfu 8.03%
iter 1980: loss 1.1531, time 44.61ms, mfu 8.06%
iter 1990: loss 1.1590, time 31.47ms, mfu 8.44%
step 2000: train loss 1.0687, val loss 1.4731
saving checkpoint to out-hw1-rmsnorm-lr2e-3
iter 2000: loss 1.1413, time 5920.75ms, mfu 7.60%
iter 2010: loss 1.1391, time 49.11ms, mfu 7.60%
iter 2020: loss 1.1249, time 56.60ms, mfu 7.50%
iter 2030: loss 1.1600, time 47.10ms, mfu 7.54%
iter 2040: loss 1.1474, time 46.90ms, mfu 7.58%
iter 2050: loss 1.1174, time 46.94ms, mfu 7.62%
iter 2060: loss 1.1092, time 47.12ms, mfu 7.65%
iter 2070: loss 1.1316, time 63.26ms, mfu 7.47%
iter 2080: loss 1.1235, time 46.94ms, mfu 7.52%
iter 2090: loss 1.1389, time 47.01ms, mfu 7.56%
iter 2100: loss 1.1454, time 62.87ms, mfu 7.39%
iter 2110: loss 1.1372, time 47.01ms, mfu 7.45%
iter 2120: loss 1.1380, time 42.82ms, mfu 7.57%
iter 2130: loss 1.1484, time 45.37ms, mfu 7.64%
iter 2140: loss 1.1478, time 50.11ms, mfu 7.62%
iter 2150: loss 1.1326, time 47.03ms, mfu 7.65%
iter 2160: loss 1.1508, time 64.02ms, mfu 7.47%
iter 2170: loss 1.1380, time 51.72ms, mfu 7.44%
iter 2180: loss 1.1177, time 49.43ms, mfu 7.45%
iter 2190: loss 1.1087, time 33.66ms, mfu 7.81%
iter 2200: loss 1.1322, time 50.33ms, mfu 7.77%
iter 2210: loss 1.1144, time 51.16ms, mfu 7.72%
iter 2220: loss 1.1235, time 47.15ms, mfu 7.74%
iter 2230: loss 1.1251, time 41.59ms, mfu 7.86%
iter 2240: loss 1.1334, time 40.69ms, mfu 7.99%
step 2250: train loss 1.0193, val loss 1.4910
iter 2250: loss 1.1177, time 5853.98ms, mfu 7.20%
iter 2260: loss 1.1169, time 42.79ms, mfu 7.35%
iter 2270: loss 1.1396, time 34.38ms, mfu 7.70%
iter 2280: loss 1.0954, time 50.99ms, mfu 7.66%
iter 2290: loss 1.1488, time 46.92ms, mfu 7.69%
iter 2300: loss 1.1314, time 44.78ms, mfu 7.75%
iter 2310: loss 1.0987, time 33.37ms, mfu 8.09%
iter 2320: loss 1.1020, time 50.32ms, mfu 8.02%
iter 2330: loss 1.1065, time 49.97ms, mfu 7.97%
iter 2340: loss 1.1180, time 53.56ms, mfu 7.87%
iter 2350: loss 1.1062, time 57.23ms, mfu 7.73%
iter 2360: loss 1.1098, time 52.99ms, mfu 7.66%
iter 2370: loss 1.0992, time 50.52ms, mfu 7.63%
iter 2380: loss 1.1016, time 42.43ms, mfu 7.75%
iter 2390: loss 1.0870, time 32.86ms, mfu 8.11%
iter 2400: loss 1.0876, time 59.21ms, mfu 7.92%
iter 2410: loss 1.0743, time 50.87ms, mfu 7.86%
iter 2420: loss 1.0829, time 67.36ms, mfu 7.63%
iter 2430: loss 1.0592, time 50.52ms, mfu 7.61%
iter 2440: loss 1.0646, time 50.06ms, mfu 7.59%
iter 2450: loss 1.0764, time 50.31ms, mfu 7.57%
iter 2460: loss 1.0883, time 67.52ms, mfu 7.37%
iter 2470: loss 1.0889, time 49.97ms, mfu 7.38%
iter 2480: loss 1.0911, time 47.92ms, mfu 7.42%
iter 2490: loss 1.0588, time 49.67ms, mfu 7.42%
step 2500: train loss 0.9681, val loss 1.4899
iter 2500: loss 1.0829, time 5916.63ms, mfu 6.69%
iter 2510: loss 1.0705, time 49.99ms, mfu 6.76%
iter 2520: loss 1.0488, time 49.96ms, mfu 6.83%
iter 2530: loss 1.0518, time 50.00ms, mfu 6.90%
iter 2540: loss 1.0537, time 33.33ms, mfu 7.32%
iter 2550: loss 1.0764, time 45.61ms, mfu 7.41%
iter 2560: loss 1.0544, time 50.03ms, mfu 7.41%
iter 2570: loss 1.0871, time 50.54ms, mfu 7.41%
iter 2580: loss 1.0759, time 47.87ms, mfu 7.45%
iter 2590: loss 1.0723, time 48.81ms, mfu 7.46%
iter 2600: loss 1.0676, time 48.66ms, mfu 7.48%
iter 2610: loss 1.0526, time 38.92ms, mfu 7.69%
iter 2620: loss 1.0488, time 47.09ms, mfu 7.72%
iter 2630: loss 1.0259, time 41.96ms, mfu 7.83%
iter 2640: loss 1.0433, time 48.28ms, mfu 7.82%
iter 2650: loss 1.0660, time 33.29ms, mfu 8.16%
iter 2660: loss 1.0457, time 38.52ms, mfu 8.31%
iter 2670: loss 1.0326, time 51.98ms, mfu 8.20%
iter 2680: loss 1.0548, time 50.70ms, mfu 8.11%
iter 2690: loss 1.0573, time 50.01ms, mfu 8.04%
iter 2700: loss 1.0260, time 51.06ms, mfu 7.97%
iter 2710: loss 1.0465, time 50.00ms, mfu 7.92%
iter 2720: loss 1.0549, time 33.79ms, mfu 8.23%
iter 2730: loss 1.0635, time 49.44ms, mfu 8.16%
iter 2740: loss 1.0279, time 56.20ms, mfu 8.01%
step 2750: train loss 0.9217, val loss 1.5132
iter 2750: loss 1.0346, time 5975.98ms, mfu 7.21%
iter 2760: loss 1.0324, time 34.01ms, mfu 7.59%
iter 2770: loss 1.0284, time 60.37ms, mfu 7.45%
iter 2780: loss 1.0182, time 35.92ms, mfu 7.74%
iter 2790: loss 1.0410, time 51.83ms, mfu 7.68%
iter 2800: loss 1.0140, time 48.34ms, mfu 7.69%
iter 2810: loss 1.0429, time 50.09ms, mfu 7.66%
iter 2820: loss 1.0215, time 34.95ms, mfu 7.96%
iter 2830: loss 1.0412, time 49.28ms, mfu 7.92%
iter 2840: loss 0.9983, time 50.02ms, mfu 7.87%
iter 2850: loss 1.0266, time 48.57ms, mfu 7.85%
iter 2860: loss 1.0268, time 49.59ms, mfu 7.82%
iter 2870: loss 1.0078, time 46.75ms, mfu 7.84%
iter 2880: loss 1.0368, time 49.68ms, mfu 7.80%
iter 2890: loss 1.0144, time 50.20ms, mfu 7.76%
iter 2900: loss 0.9922, time 33.05ms, mfu 8.11%
iter 2910: loss 1.0409, time 49.89ms, mfu 8.05%
iter 2920: loss 1.0204, time 36.24ms, mfu 8.27%
iter 2930: loss 0.9992, time 33.90ms, mfu 8.55%
iter 2940: loss 0.9924, time 50.11ms, mfu 8.43%
iter 2950: loss 1.0287, time 49.60ms, mfu 8.34%
iter 2960: loss 1.0102, time 50.79ms, mfu 8.24%
iter 2970: loss 0.9903, time 48.88ms, mfu 8.18%
iter 2980: loss 1.0052, time 41.98ms, mfu 8.25%
iter 2990: loss 0.9873, time 52.89ms, mfu 8.13%
step 3000: train loss 0.8754, val loss 1.5264
iter 3000: loss 0.9849, time 6162.02ms, mfu 7.32%
iter 3010: loss 0.9940, time 39.85ms, mfu 7.52%
iter 3020: loss 0.9959, time 48.26ms, mfu 7.54%
iter 3030: loss 1.0062, time 40.14ms, mfu 7.72%
iter 3040: loss 1.0230, time 54.97ms, mfu 7.62%
iter 3050: loss 0.9731, time 55.66ms, mfu 7.53%
iter 3060: loss 1.0043, time 44.98ms, mfu 7.61%
iter 3070: loss 1.0091, time 49.95ms, mfu 7.59%
iter 3080: loss 1.0030, time 51.56ms, mfu 7.56%
iter 3090: loss 0.9845, time 46.97ms, mfu 7.59%
iter 3100: loss 1.0006, time 63.74ms, mfu 7.42%
iter 3110: loss 0.9660, time 50.54ms, mfu 7.41%
iter 3120: loss 1.0018, time 53.32ms, mfu 7.37%
iter 3130: loss 0.9865, time 49.14ms, mfu 7.39%
iter 3140: loss 0.9710, time 49.43ms, mfu 7.41%
iter 3150: loss 1.0000, time 55.16ms, mfu 7.34%
iter 3160: loss 1.0063, time 54.12ms, mfu 7.30%
iter 3170: loss 0.9614, time 52.51ms, mfu 7.28%
iter 3180: loss 0.9765, time 49.16ms, mfu 7.31%
iter 3190: loss 0.9936, time 42.50ms, mfu 7.45%
iter 3200: loss 0.9670, time 49.95ms, mfu 7.45%
iter 3210: loss 0.9659, time 43.10ms, mfu 7.57%
iter 3220: loss 0.9566, time 33.26ms, mfu 7.94%
iter 3230: loss 0.9591, time 38.94ms, mfu 8.10%
iter 3240: loss 0.9568, time 48.80ms, mfu 8.05%
step 3250: train loss 0.8263, val loss 1.5677
iter 3250: loss 0.9717, time 6015.95ms, mfu 7.25%
iter 3260: loss 0.9576, time 44.08ms, mfu 7.37%
iter 3270: loss 0.9733, time 57.73ms, mfu 7.28%
iter 3280: loss 0.9482, time 46.93ms, mfu 7.35%
iter 3290: loss 0.9436, time 42.70ms, mfu 7.49%
iter 3300: loss 0.9326, time 49.00ms, mfu 7.50%
iter 3310: loss 0.9468, time 50.90ms, mfu 7.48%
iter 3320: loss 0.9593, time 55.32ms, mfu 7.41%
iter 3330: loss 0.9626, time 40.96ms, mfu 7.57%
iter 3340: loss 0.9517, time 47.00ms, mfu 7.61%
iter 3350: loss 0.9437, time 60.97ms, mfu 7.46%
iter 3360: loss 0.9264, time 51.85ms, mfu 7.43%
iter 3370: loss 0.9543, time 46.98ms, mfu 7.48%
iter 3380: loss 0.9493, time 52.49ms, mfu 7.44%
iter 3390: loss 0.9488, time 41.89ms, mfu 7.59%
iter 3400: loss 0.9489, time 47.00ms, mfu 7.62%
iter 3410: loss 0.9370, time 46.98ms, mfu 7.65%
iter 3420: loss 0.9359, time 53.77ms, mfu 7.58%
iter 3430: loss 0.9495, time 38.52ms, mfu 7.79%
iter 3440: loss 0.9660, time 64.74ms, mfu 7.59%
iter 3450: loss 0.9480, time 46.72ms, mfu 7.63%
iter 3460: loss 0.9354, time 53.19ms, mfu 7.56%
iter 3470: loss 0.9419, time 46.93ms, mfu 7.60%
iter 3480: loss 0.9412, time 52.47ms, mfu 7.55%
iter 3490: loss 0.9077, time 47.44ms, mfu 7.58%
step 3500: train loss 0.7802, val loss 1.5843
iter 3500: loss 0.9090, time 5833.20ms, mfu 6.83%
iter 3510: loss 0.9002, time 49.01ms, mfu 6.91%
iter 3520: loss 0.9159, time 47.17ms, mfu 7.01%
iter 3530: loss 0.9492, time 46.50ms, mfu 7.11%
iter 3540: loss 0.9234, time 49.92ms, mfu 7.14%
iter 3550: loss 0.9144, time 50.01ms, mfu 7.17%
iter 3560: loss 0.9517, time 31.33ms, mfu 7.65%
iter 3570: loss 0.9316, time 47.31ms, mfu 7.67%
iter 3580: loss 0.9288, time 63.32ms, mfu 7.49%
iter 3590: loss 0.9160, time 45.58ms, mfu 7.56%
iter 3600: loss 0.9202, time 46.77ms, mfu 7.60%
iter 3610: loss 0.9074, time 49.42ms, mfu 7.59%
iter 3620: loss 0.9067, time 45.23ms, mfu 7.66%
iter 3630: loss 0.9183, time 47.13ms, mfu 7.68%
iter 3640: loss 0.9155, time 62.77ms, mfu 7.51%
iter 3650: loss 0.9071, time 47.12ms, mfu 7.55%
iter 3660: loss 0.9273, time 50.03ms, mfu 7.54%
iter 3670: loss 0.9282, time 46.33ms, mfu 7.59%
iter 3680: loss 0.9036, time 46.86ms, mfu 7.62%
iter 3690: loss 0.9303, time 31.35ms, mfu 8.05%
iter 3700: loss 0.8660, time 59.65ms, mfu 7.87%
iter 3710: loss 0.8664, time 45.29ms, mfu 7.91%
iter 3720: loss 0.9029, time 42.21ms, mfu 8.00%
iter 3730: loss 0.8847, time 50.96ms, mfu 7.93%
iter 3740: loss 0.8914, time 32.78ms, mfu 8.27%
step 3750: train loss 0.7369, val loss 1.6094
iter 3750: loss 0.8918, time 5881.87ms, mfu 7.45%
iter 3760: loss 0.9203, time 50.20ms, mfu 7.45%
iter 3770: loss 0.9226, time 45.20ms, mfu 7.53%
iter 3780: loss 0.9217, time 51.02ms, mfu 7.51%
iter 3790: loss 0.8924, time 62.01ms, mfu 7.36%
iter 3800: loss 0.9120, time 42.54ms, mfu 7.50%
iter 3810: loss 0.9104, time 52.27ms, mfu 7.46%
iter 3820: loss 0.8755, time 49.07ms, mfu 7.47%
iter 3830: loss 0.8974, time 48.28ms, mfu 7.50%
iter 3840: loss 0.8809, time 47.00ms, mfu 7.54%
iter 3850: loss 0.8792, time 42.78ms, mfu 7.66%
iter 3860: loss 0.8606, time 47.22ms, mfu 7.68%
iter 3870: loss 0.8811, time 41.43ms, mfu 7.81%
iter 3880: loss 0.8815, time 42.46ms, mfu 7.91%
iter 3890: loss 0.8852, time 59.96ms, mfu 7.74%
iter 3900: loss 0.8841, time 49.33ms, mfu 7.72%
iter 3910: loss 0.8792, time 49.98ms, mfu 7.69%
iter 3920: loss 0.8622, time 45.77ms, mfu 7.74%
iter 3930: loss 0.8811, time 49.05ms, mfu 7.72%
iter 3940: loss 0.8691, time 49.71ms, mfu 7.70%
iter 3950: loss 0.8798, time 49.69ms, mfu 7.68%
iter 3960: loss 0.9008, time 41.46ms, mfu 7.81%
iter 3970: loss 0.8852, time 48.88ms, mfu 7.79%
iter 3980: loss 0.8859, time 37.78ms, mfu 8.00%
iter 3990: loss 0.8732, time 50.12ms, mfu 7.94%
step 4000: train loss 0.6995, val loss 1.6372
iter 4000: loss 0.8419, time 5968.36ms, mfu 7.16%
iter 4010: loss 0.8780, time 50.37ms, mfu 7.18%
iter 4020: loss 0.8796, time 50.76ms, mfu 7.20%
iter 4030: loss 0.8752, time 49.68ms, mfu 7.23%
iter 4040: loss 0.8711, time 32.67ms, mfu 7.64%
iter 4050: loss 0.8631, time 50.11ms, mfu 7.62%
iter 4060: loss 0.8548, time 33.04ms, mfu 7.99%
iter 4070: loss 0.8497, time 52.94ms, mfu 7.89%
iter 4080: loss 0.8819, time 60.09ms, mfu 7.72%
iter 4090: loss 0.8369, time 47.02ms, mfu 7.74%
iter 4100: loss 0.8855, time 46.96ms, mfu 7.76%
iter 4110: loss 0.8651, time 63.49ms, mfu 7.57%
iter 4120: loss 0.8646, time 49.23ms, mfu 7.57%
iter 4130: loss 0.8477, time 33.91ms, mfu 7.92%
iter 4140: loss 0.8599, time 48.75ms, mfu 7.89%
iter 4150: loss 0.8521, time 46.95ms, mfu 7.89%
iter 4160: loss 0.8388, time 50.49ms, mfu 7.84%
iter 4170: loss 0.8632, time 48.87ms, mfu 7.82%
iter 4180: loss 0.8541, time 55.15ms, mfu 7.71%
iter 4190: loss 0.8550, time 43.92ms, mfu 7.79%
iter 4200: loss 0.8439, time 49.82ms, mfu 7.76%
iter 4210: loss 0.8596, time 54.66ms, mfu 7.67%
iter 4220: loss 0.8439, time 54.43ms, mfu 7.58%
iter 4230: loss 0.8612, time 42.07ms, mfu 7.71%
iter 4240: loss 0.8506, time 47.08ms, mfu 7.73%
step 4250: train loss 0.6667, val loss 1.6615
iter 4250: loss 0.8664, time 5915.27ms, mfu 6.96%
iter 4260: loss 0.8462, time 42.39ms, mfu 7.15%
iter 4270: loss 0.8540, time 31.51ms, mfu 7.61%
iter 4280: loss 0.8388, time 47.43ms, mfu 7.64%
iter 4290: loss 0.8165, time 47.75ms, mfu 7.66%
iter 4300: loss 0.8214, time 43.83ms, mfu 7.74%
iter 4310: loss 0.8415, time 47.11ms, mfu 7.76%
iter 4320: loss 0.8258, time 55.73ms, mfu 7.65%
iter 4330: loss 0.8471, time 62.92ms, mfu 7.48%
iter 4340: loss 0.8170, time 46.96ms, mfu 7.52%
iter 4350: loss 0.8249, time 45.04ms, mfu 7.60%
iter 4360: loss 0.8420, time 46.41ms, mfu 7.64%
iter 4370: loss 0.8483, time 47.21ms, mfu 7.67%
iter 4380: loss 0.8271, time 47.60ms, mfu 7.68%
iter 4390: loss 0.8524, time 62.65ms, mfu 7.51%
iter 4400: loss 0.8352, time 46.94ms, mfu 7.55%
iter 4410: loss 0.8523, time 47.10ms, mfu 7.59%
iter 4420: loss 0.8475, time 57.74ms, mfu 7.47%
iter 4430: loss 0.8316, time 31.32ms, mfu 7.92%
iter 4440: loss 0.8324, time 46.92ms, mfu 7.92%
iter 4450: loss 0.8335, time 47.14ms, mfu 7.92%
iter 4460: loss 0.8111, time 62.83ms, mfu 7.72%
iter 4470: loss 0.8274, time 46.92ms, mfu 7.74%
iter 4480: loss 0.8146, time 44.49ms, mfu 7.80%
iter 4490: loss 0.8224, time 62.93ms, mfu 7.62%
step 4500: train loss 0.6371, val loss 1.6949
iter 4500: loss 0.8515, time 5850.13ms, mfu 6.86%
iter 4510: loss 0.8285, time 42.79ms, mfu 7.05%
iter 4520: loss 0.8184, time 52.16ms, mfu 7.06%
iter 4530: loss 0.8321, time 52.36ms, mfu 7.06%
iter 4540: loss 0.8249, time 48.29ms, mfu 7.13%
iter 4550: loss 0.8576, time 47.34ms, mfu 7.20%
iter 4560: loss 0.8303, time 31.48ms, mfu 7.66%
iter 4570: loss 0.8274, time 47.08ms, mfu 7.69%
iter 4580: loss 0.8376, time 33.62ms, mfu 8.03%
iter 4590: loss 0.8367, time 47.24ms, mfu 8.02%
iter 4600: loss 0.7956, time 47.30ms, mfu 8.00%
iter 4610: loss 0.8568, time 47.05ms, mfu 7.99%
iter 4620: loss 0.8098, time 31.69ms, mfu 8.37%
iter 4630: loss 0.8037, time 46.98ms, mfu 8.33%
iter 4640: loss 0.8212, time 62.66ms, mfu 8.09%
iter 4650: loss 0.8388, time 31.48ms, mfu 8.46%
iter 4660: loss 0.8362, time 47.29ms, mfu 8.40%
iter 4670: loss 0.8269, time 47.08ms, mfu 8.36%
iter 4680: loss 0.8391, time 47.34ms, mfu 8.31%
iter 4690: loss 0.8280, time 43.92ms, mfu 8.32%
iter 4700: loss 0.7993, time 47.10ms, mfu 8.28%
iter 4710: loss 0.7715, time 30.86ms, mfu 8.66%
iter 4720: loss 0.8146, time 47.26ms, mfu 8.59%
iter 4730: loss 0.8045, time 46.94ms, mfu 8.52%
iter 4740: loss 0.8203, time 63.26ms, mfu 8.26%
step 4750: train loss 0.6181, val loss 1.7165
iter 4750: loss 0.7779, time 5812.49ms, mfu 7.44%
iter 4760: loss 0.8041, time 47.31ms, mfu 7.48%
iter 4770: loss 0.7795, time 47.34ms, mfu 7.52%
iter 4780: loss 0.7818, time 61.09ms, mfu 7.38%
iter 4790: loss 0.8135, time 47.39ms, mfu 7.43%
iter 4800: loss 0.7990, time 47.10ms, mfu 7.48%
iter 4810: loss 0.8247, time 31.42ms, mfu 7.91%
iter 4820: loss 0.8060, time 42.54ms, mfu 8.00%
iter 4830: loss 0.8081, time 46.93ms, mfu 7.99%
iter 4840: loss 0.8137, time 46.97ms, mfu 7.99%
iter 4850: loss 0.7993, time 63.38ms, mfu 7.78%
iter 4860: loss 0.7992, time 47.18ms, mfu 7.79%
iter 4870: loss 0.7883, time 63.29ms, mfu 7.60%
iter 4880: loss 0.8191, time 48.04ms, mfu 7.61%
iter 4890: loss 0.7903, time 46.96ms, mfu 7.65%
iter 4900: loss 0.7859, time 31.59ms, mfu 8.06%
iter 4910: loss 0.8136, time 45.44ms, mfu 8.07%
iter 4920: loss 0.8110, time 46.97ms, mfu 8.06%
iter 4930: loss 0.7773, time 62.87ms, mfu 7.85%
iter 4940: loss 0.7789, time 46.94ms, mfu 7.86%
iter 4950: loss 0.8107, time 46.99ms, mfu 7.86%
iter 4960: loss 0.8126, time 31.72ms, mfu 8.25%
iter 4970: loss 0.7655, time 46.98ms, mfu 8.22%
iter 4980: loss 0.7711, time 47.24ms, mfu 8.19%
iter 4990: loss 0.8048, time 62.17ms, mfu 7.97%
step 5000: train loss 0.6018, val loss 1.7281
iter 5000: loss 0.7981, time 5803.82ms, mfu 7.18%
=== D:\hw1\Gengerative-AI\.venv\Scripts\python.exe -u train.py config/hw1_swiglu_lr2e-3.py
Overriding config with config/hw1_swiglu_lr2e-3.py:
# Same as hw1_swiglu.py but with a 2x learning rate (min_lr kept at lr/10).
exec(open('config/hw1_swiglu.py').read())
out_dir = 'out-hw1-swiglu-lr2e-3'
learning_rate = 2e-3
min_lr = 2e-4

tokens per iteration will be: 16,384
found vocab_size = 65 (inside data\shakespeare_char\meta.pkl)
Initializing a new model from scratch
number of parameters: 10.65M
D:\hw1\Gengerative-AI\train.py:201: FutureWarning: `torch.cuda.amp.GradScaler(args...)` is deprecated. Please use `torch.amp.GradScaler('cuda', args...)` instead.
  scaler = torch.cuda.amp.GradScaler(enabled=(dtype == 'float16'))
num decayed parameter tensors: 26, with 10,740,096 parameters
num non-decayed parameter tensors: 13, with 4,992 parameters
using fused AdamW: True
step 0: train loss 4.2883, val loss 4.2923
iter 0: loss 4.2721, time 5303.82ms, mfu -100.00%
iter 10: loss 3.2779, time 47.28ms, mfu 7.88%
iter 20: loss 2.7006, time 47.22ms, mfu 7.88%
iter 30: loss 2.5463, time 31.48ms, mfu 8.28%
iter 40: loss 2.4989, time 47.67ms, mfu 8.23%
iter 50: loss 2.4892, time 47.05ms, mfu 8.20%
iter 60: loss 2.4673, time 31.39ms, mfu 8.57%
iter 70: loss 2.4451, time 31.64ms, mfu 8.89%
iter 80: loss 2.4422, time 47.38ms, mfu 8.79%
iter 90: loss 2.4458, time 31.36ms, mfu 9.10%
iter 100: loss 2.4439, time 31.62ms, mfu 9.36%
iter 110: loss 2.3949, time 47.66ms, mfu 9.21%
iter 120: loss 2.3855, time 47.13ms, mfu 9.08%
iter 130: loss 2.3735, time 31.88ms, mfu 9.34%
iter 140: loss 2.3486, time 44.89ms, mfu 9.24%
iter 150: loss 2.2882, time 31.34ms, mfu 9.50%
iter 160: loss 2.2316, time 47.38ms, mfu 9.34%
iter 170: loss 2.1376, time 31.40ms, mfu 9.59%
iter 180: loss 2.0679, time 31.51ms, mfu 9.81%
iter 190: loss 2.0519, time 47.13ms, mfu 9.62%
iter 200: loss 2.0003, time 31.81ms, mfu 9.83%
iter 210: loss 1.9559, time 33.92ms, mfu 9.95%
iter 220: loss 1.9311, time 47.74ms, mfu 9.73%
iter 230: loss 1.8803, time 46.98ms, mfu 9.55%
iter 240: loss 1.8654, time 32.62ms, mfu 9.74%
step 250: train loss 1.7551, val loss 1.9054
saving checkpoint to out-hw1-swiglu-lr2e-3
iter 250: loss 1.8414, time 5376.51ms, mfu 8.77%
iter 260: loss 1.8289, time 47.46ms, mfu 8.68%
iter 270: loss 1.7794, time 31.54ms, mfu 8.99%
iter 280: loss 1.7552, time 47.58ms, mfu 8.88%
iter 290: loss 1.7576, time 46.15ms, mfu 8.80%
iter 300: loss 1.7526, time 31.50ms, mfu 9.10%
iter 310: loss 1.7355, time 47.05ms, mfu 8.98%
iter 320: loss 1.7144, time 47.06ms, mfu 8.88%
iter 330: loss 1.6953, time 36.96ms, mfu 9.00%
iter 340: loss 1.7071, time 34.29ms, mfu 9.18%
iter 350: loss 1.6373, time 31.35ms, mfu 9.45%
iter 360: loss 1.6325, time 47.54ms, mfu 9.29%
iter 370: loss 1.6551, time 31.93ms, mfu 9.53%
iter 380: loss 1.6439, time 47.35ms, mfu 9.36%
iter 390: loss 1.6397, time 33.08ms, mfu 9.55%
iter 400: loss 1.6262, time 47.20ms, mfu 9.39%
iter 410: loss 1.6551, time 31.71ms, mfu 9.62%
iter 420: loss 1.5935, time 47.58ms, mfu 9.45%
iter 430: loss 1.6059, time 31.88ms, mfu 9.67%
iter 440: loss 1.6092, time 47.01ms, mfu 9.49%
iter 450: loss 1.6106, time 47.60ms, mfu 9.33%
iter 460: loss 1.5599, time 31.62ms, mfu 9.57%
iter 470: loss 1.6059, time 47.54ms, mfu 9.40%
iter 480: loss 1.5942, time 31.56ms, mfu 9.64%
iter 490: loss 1.5644, time 32.14ms, mfu 9.84%
step 500: train loss 1.4696, val loss 1.6700
saving checkpoint to out-hw1-swiglu-lr2e-3
iter 500: loss 1.5651, time 5355.11ms, mfu 8.86%
iter 510: loss 1.5629, time 47.70ms, mfu 8.75%
iter 520: loss 1.5790, time 31.59ms, mfu 9.06%
iter 530: loss 1.5448, time 47.32ms, mfu 8.94%
iter 540: loss 1.5252, time 31.48ms, mfu 9.23%
iter 550: loss 1.5614, time 47.35ms, mfu 9.09%
iter 560: loss 1.5136, time 31.77ms, mfu 9.36%
iter 570: loss 1.5064, time 47.28ms, mfu 9.21%
iter 580: loss 1.4888, time 31.57ms, mfu 9.47%
iter 590: loss 1.5364, time 47.16ms, mfu 9.31%
iter 600: loss 1.4841, time 31.78ms, mfu 9.55%
iter 610: loss 1.4944, time 47.33ms, mfu 9.39%
iter 620: loss 1.4746, time 31.32ms, mfu 9.64%
iter 630: loss 1.5168, time 47.65ms, mfu 9.45%
iter 640: loss 1.4934, time 47.46ms, mfu 9.29%
iter 650: loss 1.4822, time 47.38ms, mfu 9.15%
iter 660: loss 1.4893, time 31.35ms, mfu 9.42%
iter 670: loss 1.4790, time 31.08ms, mfu 9.68%
iter 680: loss 1.4576, time 45.43ms, mfu 9.53%
iter 690: loss 1.4635, time 31.40ms, mfu 9.77%
iter 700: loss 1.4625, time 47.09ms, mfu 9.58%
iter 710: loss 1.4264, time 46.96ms, mfu 9.42%
iter 720: loss 1.4363, time 31.83ms, mfu 9.65%
iter 730: loss 1.4325, time 31.75ms, mfu 9.85%
iter 740: loss 1.4378, time 47.83ms, mfu 9.65%
step 750: train loss 1.3463, val loss 1.5845
saving checkpoint to out-hw1-swiglu-lr2e-3
iter 750: loss 1.4433, time 5365.49ms, mfu 8.69%
iter 760: loss 1.4243, time 47.31ms, mfu 8.61%
iter 770: loss 1.4303, time 46.91ms, mfu 8.54%
iter 780: loss 1.4320, time 32.04ms, mfu 8.85%
iter 790: loss 1.4170, time 31.34ms, mfu 9.15%
iter 800: loss 1.4402, time 47.07ms, mfu 9.03%
iter 810: loss 1.3957, time 47.04ms, mfu 8.92%
iter 820: loss 1.3720, time 47.36ms, mfu 8.81%
iter 830: loss 1.3732, time 31.81ms, mfu 9.10%
iter 840: loss 1.4169, time 47.53ms, mfu 8.98%
iter 850: loss 1.4013, time 47.20ms, mfu 8.87%
iter 860: loss 1.3770, time 31.28ms, mfu 9.17%
iter 870: loss 1.4073, time 31.56ms, mfu 9.44%
iter 880: loss 1.3668, time 47.23ms, mfu 9.28%
iter 890: loss 1.3909, time 47.06ms, mfu 9.15%
iter 900: loss 1.3504, time 31.27ms, mfu 9.42%
iter 910: loss 1.3451, time 31.31ms, mfu 9.67%
iter 920: loss 1.3805, time 31.32ms, mfu 9.89%
iter 930: loss 1.3426, time 47.52ms, mfu 9.69%
iter 940: loss 1.3633, time 47.23ms, mfu 9.51%
iter 950: loss 1.3926, time 31.31ms, mfu 9.75%
iter 960: loss 1.3505, time 31.71ms, mfu 9.95%
iter 970: loss 1.3611, time 46.02ms, mfu 9.76%
iter 980: loss 1.3519, time 47.52ms, mfu 9.57%
iter 990: loss 1.3330, time 31.38ms, mfu 9.80%
step 1000: train loss 1.2674, val loss 1.5346
saving checkpoint to out-hw1-swiglu-lr2e-3
iter 1000: loss 1.3399, time 5347.83ms, mfu 8.83%
iter 1010: loss 1.3533, time 32.42ms, mfu 9.09%
iter 1020: loss 1.2902, time 47.75ms, mfu 8.97%
iter 1030: loss 1.3455, time 31.37ms, mfu 9.26%
iter 1040: loss 1.3280, time 36.04ms, mfu 9.36%
iter 1050: loss 1.3401, time 47.48ms, mfu 9.21%
iter 1060: loss 1.3152, time 47.34ms, mfu 9.08%
iter 1070: loss 1.3280, time 32.70ms, mfu 9.31%
iter 1080: loss 1.3116, time 31.92ms, mfu 9.55%
iter 1090: loss 1.3315, time 31.78ms, mfu 9.76%
iter 1100: loss 1.3365, time 46.93ms, mfu 9.58%
iter 1110: loss 1.3369, time 47.38ms, mfu 9.41%
iter 1120: loss 1.2918, time 30.76ms, mfu 9.68%
iter 1130: loss 1.3276, time 31.35ms, mfu 9.90%
iter 1140: loss 1.2960, time 47.64ms, mfu 9.69%
iter 1150: loss 1.3683, time 46.94ms, mfu 9.52%
iter 1160: loss 1.3344, time 31.33ms, mfu 9.76%
iter 1170: loss 1.3350, time 31.67ms, mfu 9.96%
iter 1180: loss 1.3229, time 47.06ms, mfu 9.75%
iter 1190: loss 1.3298, time 47.16ms, mfu 9.57%
iter 1200: loss 1.2806, time 31.81ms, mfu 9.78%
iter 1210: loss 1.2926, time 31.55ms, mfu 9.99%
iter 1220: loss 1.2753, time 46.88ms, mfu 9.78%
iter 1230: loss 1.2974, time 47.18ms, mfu 9.59%
iter 1240: loss 1.3082, time 31.73ms, mfu 9.81%
step 1250: train loss 1.2047, val loss 1.5223
saving checkpoint to out-hw1-swiglu-lr2e-3
iter 1250: loss 1.2896, time 5351.03ms, mfu 8.83%
iter 1260: loss 1.2794, time 31.61ms, mfu 9.13%
iter 1270: loss 1.2898, time 47.44ms, mfu 9.00%
iter 1280: loss 1.2750, time 31.30ms, mfu 9.29%
iter 1290: loss 1.2817, time 47.30ms, mfu 9.15%
iter 1300: loss 1.2684, time 47.14ms, mfu 9.03%
iter 1310: loss 1.3055, time 47.27ms, mfu 8.91%
iter 1320: loss 1.3099, time 47.50ms, mfu 8.81%
iter 1330: loss 1.2841, time 32.30ms, mfu 9.08%
iter 1340: loss 1.2360, time 31.43ms, mfu 9.36%
iter 1350: loss 1.2866, time 31.33ms, mfu 9.61%
iter 1360: loss 1.2957, time 47.26ms, mfu 9.44%
iter 1370: loss 1.2596, time 47.05ms, mfu 9.29%
iter 1380: loss 1.2854, time 32.18ms, mfu 9.52%
iter 1390: loss 1.2723, time 31.65ms, mfu 9.74%
iter 1400: loss 1.2378, time 47.47ms, mfu 9.55%
iter 1410: loss 1.2790, time 47.15ms, mfu 9.39%
iter 1420: loss 1.2452, time 31.53ms, mfu 9.63%
iter 1430: loss 1.2230, time 47.00ms, mfu 9.46%
iter 1440: loss 1.2260, time 47.00ms, mfu 9.31%
iter 1450: loss 1.2744, time 47.09ms, mfu 9.17%
iter 1460: loss 1.2215, time 32.22ms, mfu 9.41%
iter 1470: loss 1.2335, time 31.50ms, mfu 9.65%
iter 1480: loss 1.2805, time 31.34ms, mfu 9.87%
iter 1490: loss 1.2210, time 47.53ms, mfu 9.67%
step 1500: train loss 1.1551, val loss 1.5056
saving checkpoint to out-hw1-swiglu-lr2e-3
iter 1500: loss 1.2041, time 5361.13ms, mfu 8.71%
iter 1510: loss 1.2128, time 31.35ms, mfu 9.03%
iter 1520: loss 1.2261, time 47.68ms, mfu 8.91%
iter 1530: loss 1.2514, time 30.18ms, mfu 9.25%
iter 1540: loss 1.2545, time 31.37ms, mfu 9.51%
iter 1550: loss 1.2128, time 47.31ms, mfu 9.35%
iter 1560: loss 1.2189, time 47.49ms, mfu 9.20%
iter 1570: loss 1.1946, time 47.17ms, mfu 9.07%
iter 1580: loss 1.2069, time 47.39ms, mfu 8.95%
iter 1590: loss 1.2208, time 31.85ms, mfu 9.22%
iter 1600: loss 1.1966, time 47.11ms, mfu 9.09%
iter 1610: loss 1.2098, time 47.23ms, mfu 8.97%
iter 1620: loss 1.2387, time 47.06ms, mfu 8.87%
iter 1630: loss 1.1967, time 31.31ms, mfu 9.17%
iter 1640: loss 1.2385, time 31.29ms, mfu 9.44%
iter 1650: loss 1.2030, time 46.99ms, mfu 9.29%
iter 1660: loss 1.2035, time 47.33ms, mfu 9.15%
iter 1670: loss 1.2143, time 47.29ms, mfu 9.02%
iter 1680: loss 1.2013, time 33.92ms, mfu 9.22%
iter 1690: loss 1.2236, time 47.24ms, mfu 9.09%
iter 1700: loss 1.1837, time 45.01ms, mfu 9.01%
iter 1710: loss 1.1750, time 31.77ms, mfu 9.28%
iter 1720: loss 1.1883, time 33.86ms, mfu 9.45%
iter 1730: loss 1.2082, time 47.00ms, mfu 9.30%
iter 1740: loss 1.1984, time 48.30ms, mfu 9.14%
step 1750: train loss 1.1052, val loss 1.4958
saving checkpoint to out-hw1-swiglu-lr2e-3
iter 1750: loss 1.1975, time 5347.71ms, mfu 8.23%
iter 1760: loss 1.1920, time 44.98ms, mfu 8.24%
iter 1770: loss 1.1837, time 48.42ms, mfu 8.18%
iter 1780: loss 1.1784, time 47.19ms, mfu 8.16%
iter 1790: loss 1.2068, time 31.87ms, mfu 8.51%
iter 1800: loss 1.1760, time 47.11ms, mfu 8.45%
iter 1810: loss 1.1834, time 44.61ms, mfu 8.44%
iter 1820: loss 1.1330, time 31.88ms, mfu 8.76%
iter 1830: loss 1.1719, time 31.72ms, mfu 9.06%
iter 1840: loss 1.1495, time 47.27ms, mfu 8.94%
iter 1850: loss 1.1896, time 47.49ms, mfu 8.83%
iter 1860: loss 1.1709, time 32.96ms, mfu 9.08%
iter 1870: loss 1.1848, time 47.01ms, mfu 8.97%
iter 1880: loss 1.1560, time 47.13ms, mfu 8.86%
iter 1890: loss 1.1824, time 31.35ms, mfu 9.16%
iter 1900: loss 1.1735, time 47.00ms, mfu 9.04%
iter 1910: loss 1.1600, time 47.08ms, mfu 8.93%
iter 1920: loss 1.1699, time 31.30ms, mfu 9.22%
iter 1930: loss 1.1777, time 31.35ms, mfu 9.49%
iter 1940: loss 1.1690, time 47.81ms, mfu 9.32%
iter 1950: loss 1.1752, time 47.21ms, mfu 9.18%
iter 1960: loss 1.1681, time 31.94ms, mfu 9.43%
iter 1970: loss 1.1651, time 47.24ms, mfu 9.27%
iter 1980: loss 1.1972, time 47.44ms, mfu 9.13%
iter 1990: loss 1.1232, time 31.61ms, mfu 9.40%
step 2000: train loss 1.0595, val loss 1.5007
iter 2000: loss 1.1950, time 5282.69ms, mfu 8.46%
iter 2010: loss 1.1615, time 47.49ms, mfu 8.40%
iter 2020: loss 1.1597, time 31.36ms, mfu 8.75%
iter 2030: loss 1.1361, time 47.01ms, mfu 8.67%
iter 2040: loss 1.1319, time 47.11ms, mfu 8.59%
iter 2050: loss 1.1290, time 46.99ms, mfu 8.53%
iter 2060: loss 1.1331, time 47.24ms, mfu 8.46%
iter 2070: loss 1.1366, time 31.35ms, mfu 8.80%
iter 2080: loss 1.1377, time 49.61ms, mfu 8.68%
iter 2090: loss 1.1080, time 47.48ms, mfu 8.59%
iter 2100: loss 1.1357, time 47.39ms, mfu 8.52%
iter 2110: loss 1.1065, time 31.54ms, mfu 8.85%
iter 2120: loss 1.0923, time 31.76ms, mfu 9.14%
iter 2130: loss 1.1537, time 31.77ms, mfu 9.40%
iter 2140: loss 1.1382, time 48.91ms, mfu 9.22%
iter 2150: loss 1.0980, time 31.97ms, mfu 9.46%
iter 2160: loss 1.1066, time 31.61ms, mfu 9.70%
iter 2170: loss 1.1178, time 45.30ms, mfu 9.55%
iter 2180: loss 1.1327, time 47.46ms, mfu 9.38%
iter 2190: loss 1.1222, time 31.29ms, mfu 9.63%
iter 2200: loss 1.1446, time 31.69ms, mfu 9.84%
iter 2210: loss 1.1150, time 45.76ms, mfu 9.67%
iter 2220: loss 1.1127, time 47.42ms, mfu 9.49%
iter 2230: loss 1.1236, time 46.93ms, mfu 9.34%
iter 2240: loss 1.1277, time 31.46ms, mfu 9.59%
step 2250: train loss 1.0140, val loss 1.5133
iter 2250: loss 1.0750, time 5277.97ms, mfu 8.64%
iter 2260: loss 1.1117, time 31.64ms, mfu 8.95%
iter 2270: loss 1.1182, time 47.83ms, mfu 8.83%
iter 2280: loss 1.0887, time 31.54ms, mfu 9.13%
iter 2290: loss 1.1155, time 31.40ms, mfu 9.41%
iter 2300: loss 1.1248, time 47.39ms, mfu 9.25%
iter 2310: loss 1.1279, time 47.80ms, mfu 9.11%
iter 2320: loss 1.0955, time 47.17ms, mfu 8.99%
iter 2330: loss 1.1435, time 31.80ms, mfu 9.26%
iter 2340: loss 1.0945, time 47.43ms, mfu 9.12%
iter 2350: loss 1.0915, time 47.57ms, mfu 8.99%
iter 2360: loss 1.0818, time 31.73ms, mfu 9.27%
iter 2370: loss 1.1376, time 31.34ms, mfu 9.53%
iter 2380: loss 1.0835, time 31.30ms, mfu 9.77%
iter 2390: loss 1.0954, time 31.60ms, mfu 9.97%
iter 2400: loss 1.0831, time 47.21ms, mfu 9.76%
iter 2410: loss 1.0791, time 48.20ms, mfu 9.56%
iter 2420: loss 1.1252, time 47.18ms, mfu 9.39%
iter 2430: loss 1.1096, time 31.35ms, mfu 9.64%
iter 2440: loss 1.0808, time 47.00ms, mfu 9.47%
iter 2450: loss 1.0720, time 45.93ms, mfu 9.33%
iter 2460: loss 1.0726, time 31.40ms, mfu 9.59%
iter 2470: loss 1.0545, time 31.30ms, mfu 9.82%
iter 2480: loss 1.1020, time 31.23ms, mfu 10.03%
iter 2490: loss 1.1036, time 47.18ms, mfu 9.82%
step 2500: train loss 0.9713, val loss 1.5292
iter 2500: loss 1.1070, time 5273.74ms, mfu 8.84%
iter 2510: loss 1.0980, time 47.22ms, mfu 8.75%
iter 2520: loss 1.0871, time 31.40ms, mfu 9.06%
iter 2530: loss 1.0732, time 47.24ms, mfu 8.94%
iter 2540: loss 1.0698, time 47.07ms, mfu 8.84%
iter 2550: loss 1.0862, time 31.86ms, mfu 9.13%
iter 2560: loss 1.0545, time 31.28ms, mfu 9.40%
iter 2570: loss 1.0549, time 31.64ms, mfu 9.64%
iter 2580: loss 1.0699, time 47.03ms, mfu 9.47%
iter 2590: loss 1.0427, time 48.67ms, mfu 9.29%
iter 2600: loss 1.0281, time 31.58ms, mfu 9.54%
iter 2610: loss 1.0426, time 47.14ms, mfu 9.38%
iter 2620: loss 1.0244, time 47.37ms, mfu 9.22%
iter 2630: loss 1.0567, time 31.48ms, mfu 9.49%
iter 2640: loss 1.0322, time 31.34ms, mfu 9.73%
iter 2650: loss 1.0474, time 47.13ms, mfu 9.54%
iter 2660: loss 1.0922, time 47.23ms, mfu 9.38%
iter 2670: loss 1.0496, time 47.33ms, mfu 9.23%
iter 2680: loss 1.0505, time 31.41ms, mfu 9.49%
iter 2690: loss 1.0064, time 49.04ms, mfu 9.30%
iter 2700: loss 1.0278, time 44.87ms, mfu 9.20%
iter 2710: loss 1.0291, time 31.39ms, mfu 9.47%
iter 2720: loss 1.0176, time 47.35ms, mfu 9.31%
iter 2730: loss 1.0484, time 47.50ms, mfu 9.16%
iter 2740: loss 1.0125, time 47.51ms, mfu 9.03%
step 2750: train loss 0.9184, val loss 1.5433
iter 2750: loss 0.9987, time 5271.99ms, mfu 8.13%
iter 2760: loss 1.0286, time 33.47ms, mfu 8.43%
iter 2770: loss 1.0265, time 44.89ms, mfu 8.42%
iter 2780: loss 1.0368, time 47.26ms, mfu 8.37%
iter 2790: loss 1.0182, time 31.61ms, mfu 8.71%
iter 2800: loss 1.0349, time 31.77ms, mfu 9.01%
iter 2810: loss 1.0153, time 47.07ms, mfu 8.90%
iter 2820: loss 1.0149, time 31.42ms, mfu 9.20%
iter 2830: loss 1.0518, time 31.37ms, mfu 9.47%
iter 2840: loss 1.0174, time 47.18ms, mfu 9.31%
iter 2850: loss 1.0138, time 47.18ms, mfu 9.17%
iter 2860: loss 0.9813, time 45.53ms, mfu 9.07%
iter 2870: loss 1.0026, time 31.57ms, mfu 9.34%
iter 2880: loss 1.0194, time 48.33ms, mfu 9.18%
iter 2890: loss 1.0188, time 47.66ms, mfu 9.04%
iter 2900: loss 0.9981, time 31.33ms, mfu 9.33%
iter 2910: loss 1.0044, time 31.62ms, mfu 9.57%
iter 2920: loss 1.0104, time 47.70ms, mfu 9.40%
iter 2930: loss 1.0121, time 31.84ms, mfu 9.63%
iter 2940: loss 0.9729, time 49.33ms, mfu 9.42%
iter 2950: loss 0.9861, time 47.34ms, mfu 9.27%
iter 2960: loss 1.0044, time 31.65ms, mfu 9.52%
iter 2970: loss 1.0013, time 31.32ms, mfu 9.75%
iter 2980: loss 1.0074, time 47.50ms, mfu 9.56%
iter 2990: loss 1.0269, time 47.32ms, mfu 9.39%
step 3000: train loss 0.8682, val loss 1.5617
iter 3000: loss 0.9700, time 5266.41ms, mfu 8.46%
iter 3010: loss 0.9987, time 47.50ms, mfu 8.40%
iter 3020: loss 1.0026, time 31.73ms, mfu 8.74%
iter 3030: loss 0.9875, time 31.67ms, mfu 9.04%
iter 3040: loss 1.0082, time 31.73ms, mfu 9.31%
iter 3050: loss 0.9690, time 47.07ms, mfu 9.17%
iter 3060: loss 0.9854, time 31.75ms, mfu 9.43%
iter 3070: loss 0.9776, time 31.67ms, mfu 9.66%
iter 3080: loss 0.9616, time 47.41ms, mfu 9.48%
iter 3090: loss 0.9983, time 47.71ms, mfu 9.31%
iter 3100: loss 0.9906, time 31.73ms, mfu 9.56%
iter 3110: loss 0.9572, time 47.19ms, mfu 9.39%
iter 3120: loss 0.9993, time 47.22ms, mfu 9.24%
iter 3130: loss 0.9658, time 31.32ms, mfu 9.51%
iter 3140: loss 0.9888, time 47.24ms, mfu 9.34%
iter 3150: loss 0.9819, time 31.95ms, mfu 9.58%
iter 3160: loss 1.0129, time 49.61ms, mfu 9.37%
iter 3170: loss 1.0026, time 31.48ms, mfu 9.62%
iter 3180: loss 0.9299, time 47.61ms, mfu 9.44%
iter 3190: loss 0.9778, time 47.09ms, mfu 9.29%
iter 3200: loss 0.9771, time 45.37ms, mfu 9.18%
iter 3210: loss 0.9541, time 47.28ms, mfu 9.05%
iter 3220: loss 0.9842, time 30.71ms, mfu 9.36%
iter 3230: loss 0.9550, time 47.39ms, mfu 9.21%
iter 3240: loss 0.9349, time 47.50ms, mfu 9.07%
step 3250: train loss 0.8242, val loss 1.6046
iter 3250: loss 0.9598, time 5255.65ms, mfu 8.17%
iter 3260: loss 0.9336, time 47.41ms, mfu 8.14%
iter 3270: loss 0.9885, time 31.49ms, mfu 8.51%
iter 3280: loss 0.9457, time 47.46ms, mfu 8.44%
iter 3290: loss 0.9613, time 47.17ms, mfu 8.39%
iter 3300: loss 0.9339, time 47.53ms, mfu 8.33%
iter 3310: loss 0.9579, time 47.58ms, mfu 8.28%
iter 3320: loss 0.9394, time 31.66ms, mfu 8.63%
iter 3330: loss 0.9607, time 31.56ms, mfu 8.95%
iter 3340: loss 0.9603, time 31.31ms, mfu 9.24%
iter 3350: loss 0.9302, time 48.66ms, mfu 9.09%
iter 3360: loss 0.9594, time 31.64ms, mfu 9.36%
iter 3370: loss 0.9720, time 31.88ms, mfu 9.59%
iter 3380: loss 0.9655, time 47.43ms, mfu 9.42%
iter 3390: loss 0.9420, time 31.51ms, mfu 9.66%
iter 3400: loss 0.9351, time 32.80ms, mfu 9.83%
iter 3410: loss 0.9232, time 47.51ms, mfu 9.63%
iter 3420: loss 0.9254, time 47.43ms, mfu 9.45%
iter 3430: loss 0.9730, time 31.42ms, mfu 9.69%
iter 3440: loss 0.9399, time 47.04ms, mfu 9.52%
iter 3450: loss 0.9382, time 47.62ms, mfu 9.35%
iter 3460: loss 0.9579, time 47.65ms, mfu 9.19%
iter 3470: loss 0.9164, time 32.53ms, mfu 9.42%
iter 3480: loss 0.9084, time 31.97ms, mfu 9.64%
iter 3490: loss 0.9061, time 48.77ms, mfu 9.44%
step 3500: train loss 0.7751, val loss 1.6261
iter 3500: loss 0.9293, time 5264.74ms, mfu 8.51%
iter 3510: loss 0.9110, time 47.22ms, mfu 8.44%
iter 3520: loss 0.9281, time 47.22ms, mfu 8.39%
iter 3530: loss 0.9190, time 31.68ms, mfu 8.73%
iter 3540: loss 0.9001, time 31.59ms, mfu 9.03%
iter 3550: loss 0.9366, time 47.11ms, mfu 8.92%
iter 3560: loss 0.9098, time 47.65ms, mfu 8.81%
iter 3570: loss 0.9243, time 31.90ms, mfu 9.10%
iter 3580: loss 0.9214, time 31.57ms, mfu 9.37%
iter 3590: loss 0.8936, time 47.42ms, mfu 9.22%
iter 3600: loss 0.9055, time 33.11ms, mfu 9.42%
iter 3610: loss 0.9273, time 31.76ms, mfu 9.65%
iter 3620: loss 0.8912, time 47.33ms, mfu 9.47%
iter 3630: loss 0.9130, time 47.42ms, mfu 9.31%
iter 3640: loss 0.9035, time 31.67ms, mfu 9.56%
iter 3650: loss 0.9128, time 47.13ms, mfu 9.39%
iter 3660: loss 0.8805, time 46.60ms, mfu 9.25%
iter 3670: loss 0.9287, time 31.51ms, mfu 9.51%
iter 3680: loss 0.8880, time 47.31ms, mfu 9.35%
iter 3690: loss 0.9014, time 47.17ms, mfu 9.20%
iter 3700: loss 0.8982, time 44.27ms, mfu 9.12%
iter 3710: loss 0.8993, time 31.80ms, mfu 9.38%
iter 3720: loss 0.8818, time 31.38ms, mfu 9.63%
iter 3730: loss 0.8749, time 47.32ms, mfu 9.46%
iter 3740: loss 0.8779, time 47.25ms, mfu 9.30%
step 3750: train loss 0.7346, val loss 1.6604
iter 3750: loss 0.9052, time 5274.73ms, mfu 8.38%
iter 3760: loss 0.8709, time 47.39ms, mfu 8.33%
iter 3770: loss 0.9092, time 31.75ms, mfu 8.67%
iter 3780: loss 0.8808, time 47.31ms, mfu 8.59%
iter 3790: loss 0.8754, time 31.66ms, mfu 8.91%
iter 3800: loss 0.8912, time 31.52ms, mfu 9.20%
iter 3810: loss 0.9081, time 31.32ms, mfu 9.47%
iter 3820: loss 0.9016, time 47.39ms, mfu 9.31%
iter 3830: loss 0.8691, time 46.91ms, mfu 9.17%
iter 3840: loss 0.8887, time 47.15ms, mfu 9.04%
iter 3850: loss 0.8807, time 47.27ms, mfu 8.93%
iter 3860: loss 0.8755, time 47.10ms, mfu 8.83%
iter 3870: loss 0.8707, time 33.41ms, mfu 9.06%
iter 3880: loss 0.8901, time 31.61ms, mfu 9.33%
iter 3890: loss 0.8858, time 47.12ms, mfu 9.19%
iter 3900: loss 0.8737, time 31.28ms, mfu 9.46%
iter 3910: loss 0.8911, time 33.65ms, mfu 9.62%
iter 3920: loss 0.8703, time 47.08ms, mfu 9.45%
iter 3930: loss 0.8749, time 47.05ms, mfu 9.30%
iter 3940: loss 0.8859, time 47.46ms, mfu 9.15%
iter 3950: loss 0.8526, time 31.51ms, mfu 9.42%
iter 3960: loss 0.8596, time 33.69ms, mfu 9.59%
iter 3970: loss 0.8658, time 47.87ms, mfu 9.41%
iter 3980: loss 0.8869, time 31.91ms, mfu 9.63%
iter 3990: loss 0.8708, time 31.57ms, mfu 9.85%
step 4000: train loss 0.6962, val loss 1.6827
iter 4000: loss 0.8688, time 5269.67ms, mfu 8.87%
iter 4010: loss 0.8627, time 47.34ms, mfu 8.77%
iter 4020: loss 0.8425, time 32.00ms, mfu 9.06%
iter 4030: loss 0.8789, time 31.57ms, mfu 9.33%
iter 4040: loss 0.8683, time 46.73ms, mfu 9.20%
iter 4050: loss 0.8713, time 46.88ms, mfu 9.07%
iter 4060: loss 0.8783, time 31.48ms, mfu 9.35%
iter 4070: loss 0.8747, time 31.98ms, mfu 9.58%
iter 4080: loss 0.8488, time 47.39ms, mfu 9.41%
iter 4090: loss 0.8316, time 47.03ms, mfu 9.26%
iter 4100: loss 0.8428, time 31.95ms, mfu 9.50%
iter 4110: loss 0.8581, time 31.86ms, mfu 9.72%
iter 4120: loss 0.8393, time 47.13ms, mfu 9.54%
iter 4130: loss 0.8506, time 46.92ms, mfu 9.38%
iter 4140: loss 0.8634, time 31.36ms, mfu 9.63%
iter 4150: loss 0.8406, time 31.63ms, mfu 9.84%
iter 4160: loss 0.8601, time 45.20ms, mfu 9.68%
iter 4170: loss 0.8284, time 47.20ms, mfu 9.50%
iter 4180: loss 0.8141, time 31.85ms, mfu 9.72%
iter 4190: loss 0.8512, time 45.12ms, mfu 9.58%
iter 4200: loss 0.8419, time 47.08ms, mfu 9.41%
iter 4210: loss 0.8453, time 31.36ms, mfu 9.66%
iter 4220: loss 0.8621, time 31.56ms, mfu 9.87%
iter 4230: loss 0.8597, time 46.90ms, mfu 9.68%
iter 4240: loss 0.8493, time 31.93ms, mfu 9.88%
step 4250: train loss 0.6637, val loss 1.7060
iter 4250: loss 0.8331, time 5264.73ms, mfu 8.90%
iter 4260: loss 0.8589, time 47.12ms, mfu 8.80%
iter 4270: loss 0.8273, time 47.40ms, mfu 8.71%
iter 4280: loss 0.8223, time 47.00ms, mfu 8.63%
iter 4290: loss 0.8745, time 31.92ms, mfu 8.93%
iter 4300: loss 0.8617, time 31.58ms, mfu 9.22%
iter 4310: loss 0.8413, time 47.26ms, mfu 9.09%
iter 4320: loss 0.8287, time 47.57ms, mfu 8.96%
iter 4330: loss 0.8419, time 31.38ms, mfu 9.25%
iter 4340: loss 0.8182, time 31.46ms, mfu 9.51%
iter 4350: loss 0.8407, time 47.55ms, mfu 9.34%
iter 4360: loss 0.8332, time 47.46ms, mfu 9.19%
iter 4370: loss 0.8156, time 31.35ms, mfu 9.46%
iter 4380: loss 0.8223, time 47.25ms, mfu 9.31%
iter 4390: loss 0.8398, time 47.52ms, mfu 9.16%
iter 4400: loss 0.8305, time 32.00ms, mfu 9.41%
iter 4410: loss 0.8362, time 31.31ms, mfu 9.66%
iter 4420: loss 0.8363, time 47.48ms, mfu 9.48%
iter 4430: loss 0.8328, time 47.67ms, mfu 9.31%
iter 4440: loss 0.8030, time 31.50ms, mfu 9.56%
iter 4450: loss 0.8011, time 47.31ms, mfu 9.39%
iter 4460: loss 0.8419, time 47.53ms, mfu 9.24%
iter 4470: loss 0.8220, time 31.46ms, mfu 9.50%
iter 4480: loss 0.8103, time 45.70ms, mfu 9.36%
iter 4490: loss 0.8204, time 31.44ms, mfu 9.61%
step 4500: train loss 0.6412, val loss 1.7356
iter 4500: loss 0.8243, time 5276.88ms, mfu 8.66%
iter 4510: loss 0.8216, time 31.60ms, mfu 8.97%
iter 4520: loss 0.8211, time 46.58ms, mfu 8.88%
iter 4530: loss 0.8218, time 32.14ms, mfu 9.15%
iter 4540: loss 0.8121, time 47.20ms, mfu 9.02%
iter 4550: loss 0.8316, time 47.59ms, mfu 8.90%
iter 4560: loss 0.8170, time 31.31ms, mfu 9.20%
iter 4570: loss 0.8142, time 47.08ms, mfu 9.07%
iter 4580: loss 0.8287, time 31.82ms, mfu 9.34%
iter 4590: loss 0.8207, time 47.32ms, mfu 9.19%
iter 4600: loss 0.7984, time 31.79ms, mfu 9.44%
iter 4610: loss 0.8224, time 47.64ms, mfu 9.28%
iter 4620: loss 0.7890, time 48.33ms, mfu 9.12%
iter 4630: loss 0.8088, time 31.31ms, mfu 9.40%
iter 4640: loss 0.8095, time 47.09ms, mfu 9.25%
iter 4650: loss 0.8151, time 47.33ms, mfu 9.12%
iter 4660: loss 0.8102, time 47.57ms, mfu 8.99%
iter 4670: loss 0.8216, time 47.13ms, mfu 8.88%
iter 4680: loss 0.8044, time 31.63ms, mfu 9.17%
iter 4690: loss 0.8176, time 47.98ms, mfu 9.03%
iter 4700: loss 0.8113, time 31.37ms, mfu 9.31%
iter 4710: loss 0.8136, time 31.68ms, mfu 9.56%
iter 4720: loss 0.7921, time 47.91ms, mfu 9.38%
iter 4730: loss 0.8363, time 31.55ms, mfu 9.62%
iter 4740: loss 0.8013, time 47.25ms, mfu 9.45%
step 4750: train loss 0.6175, val loss 1.7655
iter 4750: loss 0.7801, time 5257.41ms, mfu 8.51%
iter 4760: loss 0.8038, time 31.23ms, mfu 8.85%
iter 4770: loss 0.8197, time 31.79ms, mfu 9.14%
iter 4780: loss 0.7984, time 31.39ms, mfu 9.41%
iter 4790: loss 0.7955, time 47.24ms, mfu 9.26%
iter 4800: loss 0.8141, time 46.58ms, mfu 9.14%
iter 4810: loss 0.7951, time 31.47ms, mfu 9.41%
iter 4820: loss 0.8144, time 47.59ms, mfu 9.25%
iter 4830: loss 0.7878, time 31.42ms, mfu 9.51%
iter 4840: loss 0.7913, time 48.71ms, mfu 9.32%
iter 4850: loss 0.8071, time 31.50ms, mfu 9.57%
iter 4860: loss 0.8017, time 47.18ms, mfu 9.41%
iter 4870: loss 0.8076, time 47.41ms, mfu 9.25%
iter 4880: loss 0.8166, time 31.39ms, mfu 9.51%
iter 4890: loss 0.7953, time 47.39ms, mfu 9.35%
iter 4900: loss 0.8192, time 32.14ms, mfu 9.57%
iter 4910: loss 0.8091, time 47.70ms, mfu 9.40%
iter 4920: loss 0.7948, time 33.44ms, mfu 9.57%
iter 4930: loss 0.7716, time 31.68ms, mfu 9.79%
iter 4940: loss 0.7964, time 47.59ms, mfu 9.59%
iter 4950: loss 0.7963, time 31.38ms, mfu 9.82%
iter 4960: loss 0.7833, time 47.55ms, mfu 9.62%
iter 4970: loss 0.7756, time 31.34ms, mfu 9.85%
iter 4980: loss 0.7968, time 47.02ms, mfu 9.66%
iter 4990: loss 0.7901, time 31.45ms, mfu 9.88%
step 5000: train loss 0.6000, val loss 1.7735
iter 5000: loss 0.8017, time 5255.13ms, mfu 8.90%
=== D:\hw1\Gengerative-AI\.venv\Scripts\python.exe -u train.py config/hw1_nope_lr2e-3.py
Overriding config with config/hw1_nope_lr2e-3.py:
# Same as hw1_nope.py but with a 2x learning rate (min_lr kept at lr/10).
exec(open('config/hw1_nope.py').read())
out_dir = 'out-hw1-nope-lr2e-3'
learning_rate = 2e-3
min_lr = 2e-4

tokens per iteration will be: 16,384
found vocab_size = 65 (inside data\shakespeare_char\meta.pkl)
Initializing a new model from scratch
number of parameters: 10.65M
D:\hw1\Gengerative-AI\train.py:201: FutureWarning: `torch.cuda.amp.GradScaler(args...)` is deprecated. Please use `torch.amp.GradScaler('cuda', args...)` instead.
  scaler = torch.cuda.amp.GradScaler(enabled=(dtype == 'float16'))
num decayed parameter tensors: 25, with 10,641,792 parameters
num non-decayed parameter tensors: 13, with 4,992 parameters
using fused AdamW: True
step 0: train loss 4.1954, val loss 4.2023
iter 0: loss 4.2179, time 5000.84ms, mfu -100.00%
iter 10: loss 2.8763, time 27.48ms, mfu 13.56%
iter 20: loss 2.6155, time 31.50ms, mfu 13.39%
iter 30: loss 2.5271, time 32.46ms, mfu 13.20%
iter 40: loss 2.5073, time 48.02ms, mfu 12.65%
iter 50: loss 2.4945, time 47.18ms, mfu 12.18%
iter 60: loss 2.4716, time 31.84ms, mfu 12.13%
iter 70: loss 2.4818, time 47.02ms, mfu 11.71%
iter 80: loss 2.4475, time 32.97ms, mfu 11.67%
iter 90: loss 2.4558, time 31.47ms, mfu 11.69%
iter 100: loss 2.4378, time 47.65ms, mfu 11.30%
iter 110: loss 2.4576, time 31.81ms, mfu 11.34%
iter 120: loss 2.4431, time 47.49ms, mfu 10.99%
iter 130: loss 2.4135, time 48.01ms, mfu 10.67%
iter 140: loss 2.4340, time 31.39ms, mfu 10.79%
iter 150: loss 2.4313, time 46.01ms, mfu 10.52%
iter 160: loss 2.4020, time 31.99ms, mfu 10.63%
iter 170: loss 2.4020, time 31.54ms, mfu 10.75%
iter 180: loss 2.4130, time 47.69ms, mfu 10.46%
iter 190: loss 2.4009, time 31.51ms, mfu 10.59%
iter 200: loss 2.3957, time 33.79ms, mfu 10.64%
iter 210: loss 2.3669, time 31.45ms, mfu 10.76%
iter 220: loss 2.3821, time 46.26ms, mfu 10.49%
iter 230: loss 2.3719, time 31.41ms, mfu 10.63%
iter 240: loss 2.3598, time 31.32ms, mfu 10.75%
step 250: train loss 2.3304, val loss 2.4067
saving checkpoint to out-hw1-nope-lr2e-3
iter 250: loss 2.3568, time 5127.78ms, mfu 9.68%
iter 260: loss 2.3418, time 47.29ms, mfu 9.50%
iter 270: loss 2.4083, time 31.28ms, mfu 9.75%
iter 280: loss 2.3857, time 47.00ms, mfu 9.56%
iter 290: loss 2.3481, time 30.87ms, mfu 9.81%
iter 300: loss 2.3533, time 47.52ms, mfu 9.62%
iter 310: loss 2.3215, time 35.99ms, mfu 9.69%
iter 320: loss 2.3377, time 31.69ms, mfu 9.90%
iter 330: loss 2.2996, time 45.22ms, mfu 9.73%
iter 340: loss 2.3542, time 47.16ms, mfu 9.55%
iter 350: loss 2.3140, time 31.53ms, mfu 9.78%
iter 360: loss 2.2959, time 32.14ms, mfu 9.96%
iter 370: loss 2.3192, time 46.17ms, mfu 9.77%
iter 380: loss 2.2960, time 31.35ms, mfu 9.98%
iter 390: loss 2.2646, time 47.00ms, mfu 9.78%
iter 400: loss 2.1802, time 31.28ms, mfu 9.99%
iter 410: loss 2.2169, time 31.42ms, mfu 10.18%
iter 420: loss 2.1865, time 31.74ms, mfu 10.33%
iter 430: loss 2.1461, time 31.49ms, mfu 10.48%
iter 440: loss 2.1735, time 48.36ms, mfu 10.20%
iter 450: loss 2.1212, time 29.30ms, mfu 10.46%
iter 460: loss 2.0847, time 32.05ms, mfu 10.57%
iter 470: loss 2.0703, time 47.55ms, mfu 10.30%
iter 480: loss 2.1716, time 31.29ms, mfu 10.46%
iter 490: loss 2.1029, time 31.61ms, mfu 10.59%
step 500: train loss 1.9641, val loss 2.1009
saving checkpoint to out-hw1-nope-lr2e-3
iter 500: loss 2.1291, time 5035.37ms, mfu 9.54%
iter 510: loss 2.0617, time 31.68ms, mfu 9.76%
iter 520: loss 2.0163, time 31.53ms, mfu 9.97%
iter 530: loss 2.0060, time 31.47ms, mfu 10.16%
iter 540: loss 1.9818, time 31.68ms, mfu 10.32%
iter 550: loss 1.9579, time 47.25ms, mfu 10.07%
iter 560: loss 1.9542, time 31.37ms, mfu 10.25%
iter 570: loss 1.9472, time 31.43ms, mfu 10.41%
iter 580: loss 1.9114, time 42.64ms, mfu 10.25%
iter 590: loss 1.9176, time 47.41ms, mfu 10.01%
iter 600: loss 1.9035, time 38.19ms, mfu 9.98%
iter 610: loss 1.8360, time 33.09ms, mfu 10.11%
iter 620: loss 1.8572, time 47.26ms, mfu 9.89%
iter 630: loss 1.8818, time 31.44ms, mfu 10.08%
iter 640: loss 1.8318, time 31.87ms, mfu 10.25%
iter 650: loss 1.8227, time 47.08ms, mfu 10.01%
iter 660: loss 1.7584, time 31.54ms, mfu 10.19%
iter 670: loss 1.7715, time 42.84ms, mfu 10.04%
iter 680: loss 1.7220, time 31.58ms, mfu 10.22%
iter 690: loss 1.7801, time 47.51ms, mfu 9.98%
iter 700: loss 1.7345, time 31.66ms, mfu 10.16%
iter 710: loss 1.7244, time 31.70ms, mfu 10.32%
iter 720: loss 1.7227, time 33.91ms, mfu 10.39%
iter 730: loss 1.7296, time 31.36ms, mfu 10.54%
iter 740: loss 1.7126, time 44.01ms, mfu 10.33%
step 750: train loss 1.6042, val loss 1.7994
saving checkpoint to out-hw1-nope-lr2e-3
iter 750: loss 1.6734, time 5052.85ms, mfu 9.30%
iter 760: loss 1.6961, time 33.43ms, mfu 9.49%
iter 770: loss 1.6670, time 47.63ms, mfu 9.32%
iter 780: loss 1.6435, time 31.34ms, mfu 9.58%
iter 790: loss 1.6816, time 46.93ms, mfu 9.41%
iter 800: loss 1.6606, time 31.51ms, mfu 9.66%
iter 810: loss 1.6610, time 31.47ms, mfu 9.87%
iter 820: loss 1.6557, time 31.57ms, mfu 10.07%
iter 830: loss 1.6063, time 29.77ms, mfu 10.31%
iter 840: loss 1.6075, time 47.08ms, mfu 10.07%
iter 850: loss 1.6358, time 47.65ms, mfu 9.85%
iter 860: loss 1.6030, time 31.46ms, mfu 10.05%
iter 870: loss 1.5958, time 47.50ms, mfu 9.83%
iter 880: loss 1.6140, time 31.30ms, mfu 10.03%
iter 890: loss 1.6229, time 31.45ms, mfu 10.22%
iter 900: loss 1.6114, time 27.28ms, mfu 10.56%
iter 910: loss 1.6147, time 31.49ms, mfu 10.69%
iter 920: loss 1.5655, time 47.13ms, mfu 10.41%
iter 930: loss 1.5812, time 47.48ms, mfu 10.15%
iter 940: loss 1.5862, time 31.05ms, mfu 10.34%
iter 950: loss 1.5310, time 47.42ms, mfu 10.09%
iter 960: loss 1.5605, time 47.60ms, mfu 9.86%
iter 970: loss 1.5673, time 31.68ms, mfu 10.05%
iter 980: loss 1.6110, time 47.01ms, mfu 9.84%
iter 990: loss 1.5857, time 31.63ms, mfu 10.03%
step 1000: train loss 1.4576, val loss 1.6824
saving checkpoint to out-hw1-nope-lr2e-3
iter 1000: loss 1.5575, time 5043.04ms, mfu 9.04%
iter 1010: loss 1.5492, time 31.28ms, mfu 9.33%
iter 1020: loss 1.5563, time 31.39ms, mfu 9.58%
iter 1030: loss 1.5340, time 31.80ms, mfu 9.79%
iter 1040: loss 1.5194, time 31.59ms, mfu 9.99%
iter 1050: loss 1.5504, time 31.81ms, mfu 10.17%
iter 1060: loss 1.5554, time 31.51ms, mfu 10.33%
iter 1070: loss 1.5424, time 30.84ms, mfu 10.51%
iter 1080: loss 1.5618, time 31.27ms, mfu 10.65%
iter 1090: loss 1.5206, time 47.47ms, mfu 10.37%
iter 1100: loss 1.5029, time 31.34ms, mfu 10.52%
iter 1110: loss 1.5101, time 47.74ms, mfu 10.25%
iter 1120: loss 1.5269, time 46.56ms, mfu 10.02%
iter 1130: loss 1.4812, time 31.37ms, mfu 10.21%
iter 1140: loss 1.5165, time 30.58ms, mfu 10.41%
iter 1150: loss 1.5519, time 47.19ms, mfu 10.16%
iter 1160: loss 1.5078, time 31.34ms, mfu 10.33%
iter 1170: loss 1.5097, time 31.32ms, mfu 10.49%
iter 1180: loss 1.4827, time 42.68ms, mfu 10.31%
iter 1190: loss 1.5284, time 31.37ms, mfu 10.47%
iter 1200: loss 1.5099, time 31.80ms, mfu 10.59%
iter 1210: loss 1.4838, time 31.38ms, mfu 10.72%
iter 1220: loss 1.4979, time 47.47ms, mfu 10.43%
iter 1230: loss 1.4416, time 31.39ms, mfu 10.58%
iter 1240: loss 1.4674, time 47.27ms, mfu 10.31%
step 1250: train loss 1.3774, val loss 1.6222
saving checkpoint to out-hw1-nope-lr2e-3
iter 1250: loss 1.4646, time 5052.26ms, mfu 9.28%
iter 1260: loss 1.4850, time 31.32ms, mfu 9.55%
iter 1270: loss 1.4543, time 47.49ms, mfu 9.38%
iter 1280: loss 1.4917, time 31.30ms, mfu 9.63%
iter 1290: loss 1.4770, time 31.37ms, mfu 9.85%
iter 1300: loss 1.4506, time 46.30ms, mfu 9.67%
iter 1310: loss 1.4687, time 47.30ms, mfu 9.49%
iter 1320: loss 1.4792, time 31.70ms, mfu 9.72%
iter 1330: loss 1.4423, time 31.41ms, mfu 9.93%
iter 1340: loss 1.4584, time 32.08ms, mfu 10.10%
iter 1350: loss 1.4140, time 31.45ms, mfu 10.28%
iter 1360: loss 1.4502, time 31.56ms, mfu 10.43%
iter 1370: loss 1.4699, time 31.47ms, mfu 10.57%
iter 1380: loss 1.4135, time 47.05ms, mfu 10.31%
iter 1390: loss 1.4417, time 33.40ms, mfu 10.39%
iter 1400: loss 1.4571, time 34.47ms, mfu 10.43%
iter 1410: loss 1.4664, time 47.19ms, mfu 10.18%
iter 1420: loss 1.4480, time 35.60ms, mfu 10.21%
iter 1430: loss 1.4624, time 31.57ms, mfu 10.37%
iter 1440: loss 1.4612, time 47.41ms, mfu 10.12%
iter 1450: loss 1.4335, time 31.64ms, mfu 10.28%
iter 1460: loss 1.3987, time 47.36ms, mfu 10.04%
iter 1470: loss 1.4274, time 31.78ms, mfu 10.21%
iter 1480: loss 1.4402, time 33.67ms, mfu 10.30%
iter 1490: loss 1.4529, time 44.28ms, mfu 10.11%
step 1500: train loss 1.3356, val loss 1.5888
saving checkpoint to out-hw1-nope-lr2e-3
iter 1500: loss 1.4111, time 5048.88ms, mfu 9.10%
iter 1510: loss 1.4229, time 30.05ms, mfu 9.43%
iter 1520: loss 1.4296, time 43.39ms, mfu 9.35%
iter 1530: loss 1.4223, time 31.88ms, mfu 9.58%
iter 1540: loss 1.4207, time 31.56ms, mfu 9.81%
iter 1550: loss 1.4060, time 44.18ms, mfu 9.67%
iter 1560: loss 1.4266, time 31.34ms, mfu 9.89%
iter 1570: loss 1.4236, time 31.81ms, mfu 10.07%
iter 1580: loss 1.3826, time 35.91ms, mfu 10.10%
iter 1590: loss 1.3928, time 31.32ms, mfu 10.28%
iter 1600: loss 1.3536, time 45.23ms, mfu 10.08%
iter 1610: loss 1.3897, time 31.50ms, mfu 10.25%
iter 1620: loss 1.3895, time 36.01ms, mfu 10.26%
iter 1630: loss 1.4163, time 47.16ms, mfu 10.03%
iter 1640: loss 1.4147, time 31.66ms, mfu 10.20%
iter 1650: loss 1.4181, time 47.66ms, mfu 9.96%
iter 1660: loss 1.3886, time 31.89ms, mfu 10.14%
iter 1670: loss 1.4294, time 31.80ms, mfu 10.29%
iter 1680: loss 1.4053, time 47.56ms, mfu 10.05%
iter 1690: loss 1.3807, time 31.96ms, mfu 10.21%
iter 1700: loss 1.3989, time 31.71ms, mfu 10.36%
iter 1710: loss 1.3878, time 47.09ms, mfu 10.12%
iter 1720: loss 1.3832, time 29.55ms, mfu 10.37%
iter 1730: loss 1.3581, time 47.73ms, mfu 10.11%
iter 1740: loss 1.3682, time 31.56ms, mfu 10.28%
step 1750: train loss 1.2906, val loss 1.5723
saving checkpoint to out-hw1-nope-lr2e-3
iter 1750: loss 1.3817, time 5041.89ms, mfu 9.26%
iter 1760: loss 1.4241, time 47.24ms, mfu 9.12%
iter 1770: loss 1.3678, time 47.46ms, mfu 9.00%
iter 1780: loss 1.4086, time 47.26ms, mfu 8.88%
iter 1790: loss 1.3783, time 31.27ms, mfu 9.19%
iter 1800: loss 1.3843, time 34.06ms, mfu 9.36%
iter 1810: loss 1.3834, time 31.68ms, mfu 9.60%
iter 1820: loss 1.4231, time 47.62ms, mfu 9.43%
iter 1830: loss 1.3580, time 31.34ms, mfu 9.67%
iter 1840: loss 1.3490, time 31.94ms, mfu 9.87%
iter 1850: loss 1.3926, time 31.37ms, mfu 10.07%
iter 1860: loss 1.4037, time 31.30ms, mfu 10.26%
iter 1870: loss 1.3160, time 47.04ms, mfu 10.02%
iter 1880: loss 1.3836, time 31.60ms, mfu 10.20%
iter 1890: loss 1.3515, time 31.85ms, mfu 10.35%
iter 1900: loss 1.3767, time 31.38ms, mfu 10.50%
iter 1910: loss 1.3784, time 31.46ms, mfu 10.64%
iter 1920: loss 1.3637, time 31.65ms, mfu 10.75%
iter 1930: loss 1.3641, time 31.51ms, mfu 10.86%
iter 1940: loss 1.3553, time 47.40ms, mfu 10.56%
iter 1950: loss 1.3984, time 29.81ms, mfu 10.75%
iter 1960: loss 1.3411, time 47.18ms, mfu 10.47%
iter 1970: loss 1.3626, time 31.33ms, mfu 10.61%
iter 1980: loss 1.3769, time 31.45ms, mfu 10.73%
iter 1990: loss 1.3603, time 47.37ms, mfu 10.45%
step 2000: train loss 1.2749, val loss 1.5708
saving checkpoint to out-hw1-nope-lr2e-3
iter 2000: loss 1.3995, time 5032.75ms, mfu 9.41%
iter 2010: loss 1.3733, time 31.72ms, mfu 9.64%
iter 2020: loss 1.3558, time 31.55ms, mfu 9.86%
iter 2030: loss 1.3640, time 47.40ms, mfu 9.66%
iter 2040: loss 1.3148, time 34.33ms, mfu 9.78%
iter 2050: loss 1.3414, time 31.42ms, mfu 9.99%
iter 2060: loss 1.3492, time 31.47ms, mfu 10.17%
iter 2070: loss 1.3441, time 31.40ms, mfu 10.34%
iter 2080: loss 1.3387, time 47.50ms, mfu 10.09%
iter 2090: loss 1.3362, time 33.93ms, mfu 10.18%
iter 2100: loss 1.3668, time 47.46ms, mfu 9.95%
iter 2110: loss 1.3737, time 31.69ms, mfu 10.13%
iter 2120: loss 1.3362, time 47.21ms, mfu 9.91%
iter 2130: loss 1.3105, time 31.61ms, mfu 10.09%
iter 2140: loss 1.3371, time 47.34ms, mfu 9.87%
iter 2150: loss 1.3432, time 31.68ms, mfu 10.06%
iter 2160: loss 1.3362, time 32.08ms, mfu 10.22%
iter 2170: loss 1.3195, time 46.27ms, mfu 10.00%
iter 2180: loss 1.3134, time 31.63ms, mfu 10.18%
iter 2190: loss 1.3235, time 47.09ms, mfu 9.95%
iter 2200: loss 1.2995, time 30.92ms, mfu 10.16%
iter 2210: loss 1.3067, time 31.29ms, mfu 10.34%
iter 2220: loss 1.3040, time 47.21ms, mfu 10.09%
iter 2230: loss 1.3228, time 31.46ms, mfu 10.27%
iter 2240: loss 1.3114, time 47.22ms, mfu 10.03%
step 2250: train loss 1.2338, val loss 1.5343
saving checkpoint to out-hw1-nope-lr2e-3
iter 2250: loss 1.3080, time 5047.63ms, mfu 9.03%
iter 2260: loss 1.2832, time 47.63ms, mfu 8.91%
iter 2270: loss 1.3019, time 31.85ms, mfu 9.19%
iter 2280: loss 1.3094, time 44.95ms, mfu 9.10%
iter 2290: loss 1.3056, time 31.63ms, mfu 9.37%
iter 2300: loss 1.3166, time 48.25ms, mfu 9.20%
iter 2310: loss 1.3333, time 31.66ms, mfu 9.46%
iter 2320: loss 1.2974, time 31.54ms, mfu 9.70%
iter 2330: loss 1.3202, time 31.70ms, mfu 9.90%
iter 2340: loss 1.2977, time 31.62ms, mfu 10.09%
iter 2350: loss 1.3178, time 42.85ms, mfu 9.95%
iter 2360: loss 1.3232, time 31.46ms, mfu 10.14%
iter 2370: loss 1.3090, time 33.45ms, mfu 10.24%
iter 2380: loss 1.3049, time 47.56ms, mfu 10.00%
iter 2390: loss 1.3286, time 31.45ms, mfu 10.18%
iter 2400: loss 1.2974, time 31.49ms, mfu 10.35%
iter 2410: loss 1.3213, time 47.65ms, mfu 10.10%
iter 2420: loss 1.2955, time 31.79ms, mfu 10.26%
iter 2430: loss 1.2808, time 47.03ms, mfu 10.03%
iter 2440: loss 1.2834, time 31.48ms, mfu 10.21%
iter 2450: loss 1.2750, time 47.12ms, mfu 9.98%
iter 2460: loss 1.3044, time 47.30ms, mfu 9.77%
iter 2470: loss 1.2795, time 31.71ms, mfu 9.97%
iter 2480: loss 1.2993, time 47.05ms, mfu 9.76%
iter 2490: loss 1.2658, time 27.20ms, mfu 10.15%
step 2500: train loss 1.2098, val loss 1.5354
iter 2500: loss 1.2906, time 4944.53ms, mfu 9.15%
iter 2510: loss 1.3098, time 47.42ms, mfu 9.02%
iter 2520: loss 1.3101, time 31.37ms, mfu 9.30%
iter 2530: loss 1.3016, time 41.10ms, mfu 9.28%
iter 2540: loss 1.2876, time 31.80ms, mfu 9.52%
iter 2550: loss 1.3178, time 31.39ms, mfu 9.76%
iter 2560: loss 1.2578, time 47.07ms, mfu 9.57%
iter 2570: loss 1.2893, time 31.41ms, mfu 9.80%
iter 2580: loss 1.2864, time 31.62ms, mfu 10.00%
iter 2590: loss 1.2845, time 47.23ms, mfu 9.79%
iter 2600: loss 1.2757, time 31.42ms, mfu 10.00%
iter 2610: loss 1.2922, time 47.81ms, mfu 9.78%
iter 2620: loss 1.2815, time 31.67ms, mfu 9.98%
iter 2630: loss 1.2749, time 31.40ms, mfu 10.16%
iter 2640: loss 1.2917, time 47.33ms, mfu 9.94%
iter 2650: loss 1.2580, time 31.51ms, mfu 10.12%
iter 2660: loss 1.3010, time 31.68ms, mfu 10.29%
iter 2670: loss 1.3163, time 47.24ms, mfu 10.05%
iter 2680: loss 1.2867, time 31.78ms, mfu 10.22%
iter 2690: loss 1.2902, time 47.10ms, mfu 9.99%
iter 2700: loss 1.2579, time 31.79ms, mfu 10.16%
iter 2710: loss 1.2777, time 32.06ms, mfu 10.31%
iter 2720: loss 1.2782, time 47.13ms, mfu 10.07%
iter 2730: loss 1.2703, time 31.53ms, mfu 10.24%
iter 2740: loss 1.2720, time 31.79ms, mfu 10.39%
step 2750: train loss 1.2105, val loss 1.5314
saving checkpoint to out-hw1-nope-lr2e-3
iter 2750: loss 1.2917, time 5049.67ms, mfu 9.36%
iter 2760: loss 1.2379, time 31.26ms, mfu 9.61%
iter 2770: loss 1.2910, time 31.32ms, mfu 9.84%
iter 2780: loss 1.2278, time 31.45ms, mfu 10.04%
iter 2790: loss 1.2626, time 43.96ms, mfu 9.89%
iter 2800: loss 1.2478, time 31.30ms, mfu 10.09%
iter 2810: loss 1.2899, time 31.65ms, mfu 10.26%
iter 2820: loss 1.2670, time 47.51ms, mfu 10.01%
iter 2830: loss 1.2461, time 34.81ms, mfu 10.08%
iter 2840: loss 1.2521, time 29.57ms, mfu 10.34%
iter 2850: loss 1.2792, time 41.35ms, mfu 10.20%
iter 2860: loss 1.2597, time 31.44ms, mfu 10.37%
iter 2870: loss 1.2678, time 31.34ms, mfu 10.52%
iter 2880: loss 1.2293, time 47.48ms, mfu 10.25%
iter 2890: loss 1.2745, time 31.66ms, mfu 10.40%
iter 2900: loss 1.2785, time 41.92ms, mfu 10.25%
iter 2910: loss 1.2614, time 31.59ms, mfu 10.41%
iter 2920: loss 1.2780, time 31.80ms, mfu 10.54%
iter 2930: loss 1.2084, time 47.57ms, mfu 10.27%
iter 2940: loss 1.2597, time 31.37ms, mfu 10.43%
iter 2950: loss 1.2815, time 31.45ms, mfu 10.57%
iter 2960: loss 1.2421, time 37.94ms, mfu 10.50%
iter 2970: loss 1.2429, time 46.96ms, mfu 10.24%
iter 2980: loss 1.2748, time 42.31ms, mfu 10.10%
iter 2990: loss 1.2285, time 31.34ms, mfu 10.28%
step 3000: train loss 1.1660, val loss 1.5275
saving checkpoint to out-hw1-nope-lr2e-3
iter 3000: loss 1.2635, time 5050.81ms, mfu 9.26%
iter 3010: loss 1.2458, time 31.50ms, mfu 9.51%
iter 3020: loss 1.2606, time 32.05ms, mfu 9.72%
iter 3030: loss 1.2490, time 47.33ms, mfu 9.54%
iter 3040: loss 1.2429, time 31.27ms, mfu 9.78%
iter 3050: loss 1.2449, time 31.74ms, mfu 9.97%
iter 3060: loss 1.2192, time 31.51ms, mfu 10.16%
iter 3070: loss 1.2193, time 31.46ms, mfu 10.33%
iter 3080: loss 1.2142, time 31.64ms, mfu 10.47%
iter 3090: loss 1.2355, time 47.57ms, mfu 10.21%
iter 3100: loss 1.2233, time 31.89ms, mfu 10.36%
iter 3110: loss 1.2156, time 47.94ms, mfu 10.10%
iter 3120: loss 1.2501, time 33.91ms, mfu 10.19%
iter 3130: loss 1.2140, time 47.44ms, mfu 9.95%
iter 3140: loss 1.2136, time 31.71ms, mfu 10.13%
iter 3150: loss 1.2434, time 47.40ms, mfu 9.91%
iter 3160: loss 1.2261, time 31.75ms, mfu 10.09%
iter 3170: loss 1.2222, time 31.64ms, mfu 10.26%
iter 3180: loss 1.2306, time 47.21ms, mfu 10.02%
iter 3190: loss 1.2269, time 31.91ms, mfu 10.19%
iter 3200: loss 1.1988, time 31.80ms, mfu 10.34%
iter 3210: loss 1.2282, time 45.22ms, mfu 10.13%
iter 3220: loss 1.2008, time 33.56ms, mfu 10.23%
iter 3230: loss 1.2251, time 31.49ms, mfu 10.39%
iter 3240: loss 1.2159, time 42.14ms, mfu 10.23%
step 3250: train loss 1.1597, val loss 1.5428
iter 3250: loss 1.2114, time 4948.79ms, mfu 9.22%
iter 3260: loss 1.2058, time 47.69ms, mfu 9.08%
iter 3270: loss 1.1842, time 31.62ms, mfu 9.35%
iter 3280: loss 1.2188, time 47.68ms, mfu 9.19%
iter 3290: loss 1.2054, time 31.75ms, mfu 9.45%
iter 3300: loss 1.1912, time 31.60ms, mfu 9.68%
iter 3310: loss 1.2238, time 47.09ms, mfu 9.51%
iter 3320: loss 1.2280, time 33.34ms, mfu 9.67%
iter 3330: loss 1.2135, time 31.64ms, mfu 9.88%
iter 3340: loss 1.2018, time 31.41ms, mfu 10.08%
iter 3350: loss 1.1962, time 31.44ms, mfu 10.26%
iter 3360: loss 1.1849, time 47.16ms, mfu 10.02%
iter 3370: loss 1.1648, time 31.52ms, mfu 10.20%
iter 3380: loss 1.2120, time 47.38ms, mfu 9.97%
iter 3390: loss 1.1922, time 30.62ms, mfu 10.19%
iter 3400: loss 1.1751, time 47.23ms, mfu 9.96%
iter 3410: loss 1.2008, time 46.41ms, mfu 9.77%
iter 3420: loss 1.2305, time 30.92ms, mfu 9.99%
iter 3430: loss 1.2364, time 31.48ms, mfu 10.18%
iter 3440: loss 1.1960, time 31.45ms, mfu 10.35%
iter 3450: loss 1.1932, time 47.53ms, mfu 10.10%
iter 3460: loss 1.1913, time 31.78ms, mfu 10.26%
iter 3470: loss 1.1806, time 31.41ms, mfu 10.42%
iter 3480: loss 1.1734, time 31.38ms, mfu 10.56%
iter 3490: loss 1.1991, time 31.83ms, mfu 10.68%
step 3500: train loss 1.1439, val loss 1.5551
iter 3500: loss 1.1761, time 4968.67ms, mfu 9.62%
iter 3510: loss 1.2406, time 36.68ms, mfu 9.67%
iter 3520: loss 1.1976, time 47.10ms, mfu 9.50%
iter 3530: loss 1.1736, time 31.33ms, mfu 9.74%
iter 3540: loss 1.2146, time 32.45ms, mfu 9.91%
iter 3550: loss 1.1809, time 31.74ms, mfu 10.09%
iter 3560: loss 1.2079, time 47.82ms, mfu 9.86%
iter 3570: loss 1.1984, time 31.42ms, mfu 10.06%
iter 3580: loss 1.1860, time 47.65ms, mfu 9.84%
iter 3590: loss 1.1751, time 31.51ms, mfu 10.04%
iter 3600: loss 1.1869, time 47.54ms, mfu 9.82%
iter 3610: loss 1.1884, time 31.85ms, mfu 10.01%
iter 3620: loss 1.1919, time 31.45ms, mfu 10.19%
iter 3630: loss 1.2059, time 47.44ms, mfu 9.96%
iter 3640: loss 1.1882, time 31.27ms, mfu 10.15%
iter 3650: loss 1.1961, time 47.32ms, mfu 9.92%
iter 3660: loss 1.1849, time 31.50ms, mfu 10.12%
iter 3670: loss 1.1898, time 31.62ms, mfu 10.28%
iter 3680: loss 1.1938, time 47.19ms, mfu 10.04%
iter 3690: loss 1.1998, time 31.43ms, mfu 10.22%
iter 3700: loss 1.1948, time 47.65ms, mfu 9.98%
iter 3710: loss 1.1941, time 44.33ms, mfu 9.83%
iter 3720: loss 1.1685, time 33.65ms, mfu 9.95%
iter 3730: loss 1.1871, time 31.69ms, mfu 10.13%
iter 3740: loss 1.1645, time 31.70ms, mfu 10.29%
step 3750: train loss 1.1173, val loss 1.5427
iter 3750: loss 1.1870, time 4950.57ms, mfu 9.27%
iter 3760: loss 1.1535, time 47.31ms, mfu 9.13%
iter 3770: loss 1.1797, time 31.80ms, mfu 9.39%
iter 3780: loss 1.1774, time 47.29ms, mfu 9.24%
iter 3790: loss 1.1576, time 31.80ms, mfu 9.49%
iter 3800: loss 1.1843, time 31.99ms, mfu 9.70%
iter 3810: loss 1.1824, time 42.80ms, mfu 9.60%
iter 3820: loss 1.1559, time 31.55ms, mfu 9.82%
iter 3830: loss 1.1694, time 47.38ms, mfu 9.63%
iter 3840: loss 1.1898, time 31.45ms, mfu 9.85%
iter 3850: loss 1.1568, time 31.55ms, mfu 10.05%
iter 3860: loss 1.1540, time 47.59ms, mfu 9.83%
iter 3870: loss 1.1679, time 31.37ms, mfu 10.03%
iter 3880: loss 1.1644, time 47.69ms, mfu 9.81%
iter 3890: loss 1.1767, time 37.96ms, mfu 9.81%
iter 3900: loss 1.1749, time 31.41ms, mfu 10.01%
iter 3910: loss 1.1882, time 44.35ms, mfu 9.85%
iter 3920: loss 1.1492, time 31.40ms, mfu 10.06%
iter 3930: loss 1.1687, time 47.58ms, mfu 9.83%
iter 3940: loss 1.1405, time 34.60ms, mfu 9.93%
iter 3950: loss 1.1631, time 31.59ms, mfu 10.11%
iter 3960: loss 1.1748, time 37.23ms, mfu 10.10%
iter 3970: loss 1.1678, time 31.42ms, mfu 10.28%
iter 3980: loss 1.1682, time 47.51ms, mfu 10.03%
iter 3990: loss 1.1391, time 31.91ms, mfu 10.20%
step 4000: train loss 1.1082, val loss 1.5455
iter 4000: loss 1.1536, time 4955.08ms, mfu 9.19%
iter 4010: loss 1.1834, time 31.17ms, mfu 9.46%
iter 4020: loss 1.1739, time 47.30ms, mfu 9.30%
iter 4030: loss 1.1647, time 31.94ms, mfu 9.54%
iter 4040: loss 1.1680, time 31.44ms, mfu 9.77%
iter 4050: loss 1.1460, time 47.47ms, mfu 9.58%
iter 4060: loss 1.1527, time 31.60ms, mfu 9.80%
iter 4070: loss 1.1774, time 43.35ms, mfu 9.68%
iter 4080: loss 1.1555, time 27.34ms, mfu 10.08%
iter 4090: loss 1.1785, time 33.96ms, mfu 10.17%
iter 4100: loss 1.1426, time 29.02ms, mfu 10.43%
iter 4110: loss 1.1446, time 31.59ms, mfu 10.57%
iter 4120: loss 1.1410, time 31.41ms, mfu 10.70%
iter 4130: loss 1.1273, time 47.49ms, mfu 10.41%
iter 4140: loss 1.1447, time 47.84ms, mfu 10.15%
iter 4150: loss 1.1776, time 47.48ms, mfu 9.92%
iter 4160: loss 1.1488, time 47.03ms, mfu 9.72%
iter 4170: loss 1.1187, time 31.82ms, mfu 9.92%
iter 4180: loss 1.1476, time 46.92ms, mfu 9.72%
iter 4190: loss 1.1532, time 31.39ms, mfu 9.94%
iter 4200: loss 1.1415, time 34.37ms, mfu 10.03%
iter 4210: loss 1.1562, time 31.57ms, mfu 10.20%
iter 4220: loss 1.1463, time 31.96ms, mfu 10.35%
iter 4230: loss 1.1470, time 31.66ms, mfu 10.49%
iter 4240: loss 1.1513, time 47.15ms, mfu 10.23%
step 4250: train loss 1.1076, val loss 1.5706
iter 4250: loss 1.1436, time 4945.48ms, mfu 9.22%
iter 4260: loss 1.1487, time 47.55ms, mfu 9.08%
iter 4270: loss 1.1549, time 31.65ms, mfu 9.35%
iter 4280: loss 1.1506, time 31.29ms, mfu 9.60%
iter 4290: loss 1.1464, time 47.45ms, mfu 9.43%
iter 4300: loss 1.1456, time 31.28ms, mfu 9.68%
iter 4310: loss 1.1217, time 32.12ms, mfu 9.87%
iter 4320: loss 1.1608, time 47.67ms, mfu 9.66%
iter 4330: loss 1.1404, time 31.37ms, mfu 9.89%
iter 4340: loss 1.1364, time 47.50ms, mfu 9.68%
iter 4350: loss 1.1477, time 31.42ms, mfu 9.90%
iter 4360: loss 1.1309, time 47.16ms, mfu 9.70%
iter 4370: loss 1.1401, time 31.40ms, mfu 9.92%
iter 4380: loss 1.1631, time 31.63ms, mfu 10.10%
iter 4390: loss 1.1266, time 42.90ms, mfu 9.96%
iter 4400: loss 1.1248, time 31.61ms, mfu 10.14%
iter 4410: loss 1.1560, time 31.83ms, mfu 10.30%
iter 4420: loss 1.1483, time 47.46ms, mfu 10.06%
iter 4430: loss 1.1207, time 31.32ms, mfu 10.24%
iter 4440: loss 1.1544, time 47.30ms, mfu 10.00%
iter 4450: loss 1.1713, time 31.36ms, mfu 10.19%
iter 4460: loss 1.1286, time 42.65ms, mfu 10.05%
iter 4470: loss 1.1193, time 32.32ms, mfu 10.19%
iter 4480: loss 1.1454, time 47.55ms, mfu 9.96%
iter 4490: loss 1.1218, time 31.41ms, mfu 10.15%
step 4500: train loss 1.1177, val loss 1.5836
iter 4500: loss 1.1712, time 4943.56ms, mfu 9.14%
iter 4510: loss 1.1100, time 31.35ms, mfu 9.42%
iter 4520: loss 1.1054, time 47.67ms, mfu 9.26%
iter 4530: loss 1.1172, time 31.70ms, mfu 9.51%
iter 4540: loss 1.1437, time 31.91ms, mfu 9.72%
iter 4550: loss 1.1284, time 47.32ms, mfu 9.54%
iter 4560: loss 1.1344, time 31.67ms, mfu 9.76%
iter 4570: loss 1.1535, time 47.27ms, mfu 9.57%
iter 4580: loss 1.1288, time 31.75ms, mfu 9.79%
iter 4590: loss 1.1372, time 47.36ms, mfu 9.60%
iter 4600: loss 1.1305, time 34.45ms, mfu 9.72%
iter 4610: loss 1.1215, time 47.27ms, mfu 9.54%
iter 4620: loss 1.1205, time 31.33ms, mfu 9.77%
iter 4630: loss 1.1108, time 47.48ms, mfu 9.58%
iter 4640: loss 1.1111, time 32.28ms, mfu 9.78%
iter 4650: loss 1.1181, time 47.59ms, mfu 9.58%
iter 4660: loss 1.1471, time 31.38ms, mfu 9.81%
iter 4670: loss 1.1323, time 47.20ms, mfu 9.62%
iter 4680: loss 1.1165, time 47.48ms, mfu 9.44%
iter 4690: loss 1.1047, time 31.95ms, mfu 9.66%
iter 4700: loss 1.1512, time 36.02ms, mfu 9.73%
iter 4710: loss 1.1323, time 31.45ms, mfu 9.94%
iter 4720: loss 1.1367, time 47.42ms, mfu 9.73%
iter 4730: loss 1.1220, time 31.69ms, mfu 9.94%
iter 4740: loss 1.0992, time 31.39ms, mfu 10.13%
step 4750: train loss 1.1120, val loss 1.5897
iter 4750: loss 1.1405, time 4951.55ms, mfu 9.13%
iter 4760: loss 1.1347, time 31.92ms, mfu 9.38%
iter 4770: loss 1.1175, time 47.28ms, mfu 9.23%
iter 4780: loss 1.1461, time 31.75ms, mfu 9.48%
iter 4790: loss 1.1159, time 47.29ms, mfu 9.32%
iter 4800: loss 1.1365, time 31.54ms, mfu 9.57%
iter 4810: loss 1.1087, time 31.86ms, mfu 9.78%
iter 4820: loss 1.1165, time 31.90ms, mfu 9.97%
iter 4830: loss 1.1041, time 47.50ms, mfu 9.76%
iter 4840: loss 1.1015, time 31.80ms, mfu 9.96%
iter 4850: loss 1.1262, time 47.43ms, mfu 9.75%
iter 4860: loss 1.1115, time 31.57ms, mfu 9.95%
iter 4870: loss 1.1256, time 47.34ms, mfu 9.74%
iter 4880: loss 1.0992, time 31.87ms, mfu 9.94%
iter 4890: loss 1.1463, time 32.52ms, mfu 10.09%
iter 4900: loss 1.1358, time 31.77ms, mfu 10.25%
iter 4910: loss 1.0991, time 31.62ms, mfu 10.41%
iter 4920: loss 1.0994, time 47.25ms, mfu 10.16%
iter 4930: loss 1.1197, time 31.51ms, mfu 10.32%
iter 4940: loss 1.1196, time 47.23ms, mfu 10.08%
iter 4950: loss 1.1272, time 32.00ms, mfu 10.24%
iter 4960: loss 1.1014, time 47.44ms, mfu 10.00%
iter 4970: loss 1.0880, time 31.70ms, mfu 10.17%
iter 4980: loss 1.1207, time 45.37ms, mfu 9.98%
iter 4990: loss 1.1180, time 32.10ms, mfu 10.14%
step 5000: train loss 1.0966, val loss 1.5814
iter 5000: loss 1.1101, time 4950.84ms, mfu 9.13%
=== D:\hw1\Gengerative-AI\.venv\Scripts\python.exe -u train.py config/hw1_rope_lr2e-3.py
Overriding config with config/hw1_rope_lr2e-3.py:
# Same as hw1_rope.py but with a 2x learning rate (min_lr kept at lr/10).
exec(open('config/hw1_rope.py').read())
out_dir = 'out-hw1-rope-lr2e-3'
learning_rate = 2e-3
min_lr = 2e-4

tokens per iteration will be: 16,384
found vocab_size = 65 (inside data\shakespeare_char\meta.pkl)
Initializing a new model from scratch
number of parameters: 10.65M
D:\hw1\Gengerative-AI\train.py:201: FutureWarning: `torch.cuda.amp.GradScaler(args...)` is deprecated. Please use `torch.amp.GradScaler('cuda', args...)` instead.
  scaler = torch.cuda.amp.GradScaler(enabled=(dtype == 'float16'))
num decayed parameter tensors: 25, with 10,641,792 parameters
num non-decayed parameter tensors: 13, with 4,992 parameters
using fused AdamW: True
step 0: train loss 4.1935, val loss 4.2004
iter 0: loss 4.2170, time 6950.19ms, mfu -100.00%
iter 10: loss 2.8851, time 31.93ms, mfu 11.67%
iter 20: loss 2.6222, time 67.06ms, mfu 11.06%
iter 30: loss 2.5029, time 47.22ms, mfu 10.74%
iter 40: loss 2.4046, time 47.69ms, mfu 10.45%
iter 50: loss 2.3309, time 47.73ms, mfu 10.19%
iter 60: loss 2.2235, time 62.65ms, mfu 9.76%
iter 70: loss 2.2170, time 31.70ms, mfu 9.96%
iter 80: loss 2.1511, time 63.37ms, mfu 9.55%
iter 90: loss 2.0702, time 47.33ms, mfu 9.39%
iter 100: loss 2.0304, time 47.09ms, mfu 9.24%
iter 110: loss 2.0047, time 47.26ms, mfu 9.10%
iter 120: loss 1.9607, time 61.91ms, mfu 8.79%
iter 130: loss 1.8951, time 63.16ms, mfu 8.50%
iter 140: loss 1.9042, time 47.79ms, mfu 8.43%
iter 150: loss 1.8463, time 49.72ms, mfu 8.34%
iter 160: loss 1.8139, time 47.13ms, mfu 8.30%
iter 170: loss 1.7753, time 47.19ms, mfu 8.26%
iter 180: loss 1.7851, time 46.99ms, mfu 8.22%
iter 190: loss 1.7588, time 47.48ms, mfu 8.19%
iter 200: loss 1.7091, time 47.15ms, mfu 8.16%
iter 210: loss 1.6875, time 49.51ms, mfu 8.09%
iter 220: loss 1.7043, time 62.78ms, mfu 7.88%
iter 230: loss 1.6765, time 46.99ms, mfu 7.88%
iter 240: loss 1.6510, time 47.10ms, mfu 7.89%
step 250: train loss 1.5604, val loss 1.7449
saving checkpoint to out-hw1-rope-lr2e-3
iter 250: loss 1.6308, time 6959.54ms, mfu 7.10%
iter 260: loss 1.5984, time 62.67ms, mfu 6.99%
iter 270: loss 1.6163, time 47.48ms, mfu 7.07%
iter 280: loss 1.6389, time 47.29ms, mfu 7.15%
iter 290: loss 1.5983, time 50.79ms, mfu 7.17%
iter 300: loss 1.6103, time 62.91ms, mfu 7.05%
iter 310: loss 1.5615, time 48.79ms, mfu 7.11%
iter 320: loss 1.5646, time 42.81ms, mfu 7.27%
iter 330: loss 1.5319, time 47.30ms, mfu 7.33%
iter 340: loss 1.5306, time 46.97ms, mfu 7.39%
iter 350: loss 1.5351, time 61.50ms, mfu 7.26%
iter 360: loss 1.5357, time 51.66ms, mfu 7.25%
iter 370: loss 1.5354, time 47.21ms, mfu 7.32%
iter 380: loss 1.5091, time 62.62ms, mfu 7.18%
iter 390: loss 1.5030, time 47.85ms, mfu 7.24%
iter 400: loss 1.4591, time 47.26ms, mfu 7.30%
iter 410: loss 1.4891, time 63.60ms, mfu 7.16%
iter 420: loss 1.4252, time 62.72ms, mfu 7.04%
iter 430: loss 1.4264, time 47.01ms, mfu 7.13%
iter 440: loss 1.4753, time 31.68ms, mfu 7.59%
iter 450: loss 1.4553, time 47.21ms, mfu 7.62%
iter 460: loss 1.4122, time 47.24ms, mfu 7.65%
iter 470: loss 1.4042, time 47.09ms, mfu 7.67%
iter 480: loss 1.4253, time 63.17ms, mfu 7.50%
iter 490: loss 1.4201, time 47.26ms, mfu 7.54%
step 500: train loss 1.3413, val loss 1.5657
saving checkpoint to out-hw1-rope-lr2e-3
iter 500: loss 1.4752, time 6944.50ms, mfu 6.79%
iter 510: loss 1.4307, time 63.21ms, mfu 6.70%
iter 520: loss 1.4118, time 47.22ms, mfu 6.82%
iter 530: loss 1.4042, time 46.31ms, mfu 6.94%
iter 540: loss 1.4030, time 42.07ms, mfu 7.13%
iter 550: loss 1.3975, time 47.73ms, mfu 7.20%
iter 560: loss 1.3773, time 47.56ms, mfu 7.26%
iter 570: loss 1.3816, time 47.44ms, mfu 7.32%
iter 580: loss 1.3721, time 31.48ms, mfu 7.77%
iter 590: loss 1.4149, time 47.92ms, mfu 7.77%
iter 600: loss 1.3694, time 47.41ms, mfu 7.78%
iter 610: loss 1.3367, time 42.88ms, mfu 7.87%
iter 620: loss 1.3589, time 50.04ms, mfu 7.83%
iter 630: loss 1.3684, time 47.32ms, mfu 7.83%
iter 640: loss 1.3633, time 63.05ms, mfu 7.64%
iter 650: loss 1.3636, time 52.81ms, mfu 7.58%
iter 660: loss 1.3124, time 62.62ms, mfu 7.42%
iter 670: loss 1.3413, time 47.17ms, mfu 7.47%
iter 680: loss 1.2935, time 47.27ms, mfu 7.51%
iter 690: loss 1.3270, time 31.43ms, mfu 7.94%
iter 700: loss 1.2880, time 47.94ms, mfu 7.93%
iter 710: loss 1.3132, time 44.14ms, mfu 7.98%
iter 720: loss 1.3207, time 47.44ms, mfu 7.97%
iter 730: loss 1.3349, time 47.06ms, mfu 7.96%
iter 740: loss 1.3108, time 46.92ms, mfu 7.96%
step 750: train loss 1.2520, val loss 1.5133
saving checkpoint to out-hw1-rope-lr2e-3
iter 750: loss 1.2815, time 6956.37ms, mfu 7.17%
iter 760: loss 1.3250, time 47.57ms, mfu 7.24%
iter 770: loss 1.2996, time 31.79ms, mfu 7.68%
iter 780: loss 1.2787, time 63.13ms, mfu 7.51%
iter 790: loss 1.3171, time 47.16ms, mfu 7.55%
iter 800: loss 1.2751, time 57.12ms, mfu 7.44%
iter 810: loss 1.2788, time 45.54ms, mfu 7.52%
iter 820: loss 1.2958, time 63.27ms, mfu 7.35%
iter 830: loss 1.2553, time 46.97ms, mfu 7.41%
iter 840: loss 1.2756, time 47.47ms, mfu 7.46%
iter 850: loss 1.3002, time 31.52ms, mfu 7.89%
iter 860: loss 1.2651, time 47.24ms, mfu 7.89%
iter 870: loss 1.2647, time 62.90ms, mfu 7.70%
iter 880: loss 1.2669, time 46.59ms, mfu 7.73%
iter 890: loss 1.2822, time 53.95ms, mfu 7.64%
iter 900: loss 1.2612, time 65.54ms, mfu 7.45%
iter 910: loss 1.2813, time 47.01ms, mfu 7.50%
iter 920: loss 1.2561, time 47.35ms, mfu 7.53%
iter 930: loss 1.2731, time 47.34ms, mfu 7.57%
iter 940: loss 1.2641, time 31.77ms, mfu 7.98%
iter 950: loss 1.2130, time 31.58ms, mfu 8.36%
iter 960: loss 1.2455, time 44.78ms, mfu 8.36%
iter 970: loss 1.2661, time 60.73ms, mfu 8.14%
iter 980: loss 1.2571, time 47.36ms, mfu 8.11%
iter 990: loss 1.2620, time 47.29ms, mfu 8.09%
step 1000: train loss 1.1835, val loss 1.4874
saving checkpoint to out-hw1-rope-lr2e-3
iter 1000: loss 1.2641, time 6958.79ms, mfu 7.28%
iter 1010: loss 1.2317, time 47.26ms, mfu 7.34%
iter 1020: loss 1.2418, time 35.23ms, mfu 7.67%
iter 1030: loss 1.2282, time 47.65ms, mfu 7.68%
iter 1040: loss 1.2118, time 47.47ms, mfu 7.70%
iter 1050: loss 1.2531, time 31.46ms, mfu 8.11%
iter 1060: loss 1.2498, time 47.42ms, mfu 8.09%
iter 1070: loss 1.2422, time 47.38ms, mfu 8.07%
iter 1080: loss 1.2573, time 47.22ms, mfu 8.05%
iter 1090: loss 1.2442, time 62.83ms, mfu 7.84%
iter 1100: loss 1.2219, time 46.95ms, mfu 7.85%
iter 1110: loss 1.2174, time 45.45ms, mfu 7.88%
iter 1120: loss 1.2402, time 48.78ms, mfu 7.86%
iter 1130: loss 1.1989, time 47.50ms, mfu 7.86%
iter 1140: loss 1.2279, time 47.24ms, mfu 7.86%
iter 1150: loss 1.2604, time 47.44ms, mfu 7.86%
iter 1160: loss 1.2187, time 47.08ms, mfu 7.86%
iter 1170: loss 1.2101, time 47.61ms, mfu 7.86%
iter 1180: loss 1.2187, time 47.56ms, mfu 7.86%
iter 1190: loss 1.2355, time 47.39ms, mfu 7.86%
iter 1200: loss 1.2271, time 49.51ms, mfu 7.83%
iter 1210: loss 1.1972, time 47.39ms, mfu 7.83%
iter 1220: loss 1.2026, time 31.56ms, mfu 8.23%
iter 1230: loss 1.1595, time 47.65ms, mfu 8.19%
iter 1240: loss 1.1972, time 63.30ms, mfu 7.96%
step 1250: train loss 1.1288, val loss 1.4756
saving checkpoint to out-hw1-rope-lr2e-3
iter 1250: loss 1.1894, time 6952.20ms, mfu 7.17%
iter 1260: loss 1.2168, time 47.37ms, mfu 7.24%
iter 1270: loss 1.1868, time 48.10ms, mfu 7.29%
iter 1280: loss 1.2146, time 47.34ms, mfu 7.35%
iter 1290: loss 1.1908, time 46.83ms, mfu 7.41%
iter 1300: loss 1.1737, time 47.46ms, mfu 7.45%
iter 1310: loss 1.1985, time 47.26ms, mfu 7.49%
iter 1320: loss 1.1840, time 37.46ms, mfu 7.74%
iter 1330: loss 1.1744, time 49.75ms, mfu 7.71%
iter 1340: loss 1.1902, time 62.73ms, mfu 7.54%
iter 1350: loss 1.1616, time 49.24ms, mfu 7.54%
iter 1360: loss 1.1866, time 47.09ms, mfu 7.58%
iter 1370: loss 1.1890, time 46.97ms, mfu 7.61%
iter 1380: loss 1.1444, time 48.40ms, mfu 7.62%
iter 1390: loss 1.1615, time 47.26ms, mfu 7.65%
iter 1400: loss 1.1695, time 58.31ms, mfu 7.52%
iter 1410: loss 1.1772, time 47.54ms, mfu 7.55%
iter 1420: loss 1.1865, time 63.11ms, mfu 7.39%
iter 1430: loss 1.1708, time 47.34ms, mfu 7.44%
iter 1440: loss 1.1776, time 47.38ms, mfu 7.48%
iter 1450: loss 1.1470, time 47.01ms, mfu 7.52%
iter 1460: loss 1.1470, time 47.35ms, mfu 7.56%
iter 1470: loss 1.1617, time 63.22ms, mfu 7.39%
iter 1480: loss 1.1644, time 46.91ms, mfu 7.45%
iter 1490: loss 1.1882, time 63.16ms, mfu 7.29%
step 1500: train loss 1.0850, val loss 1.4668
saving checkpoint to out-hw1-rope-lr2e-3
iter 1500: loss 1.1410, time 6952.05ms, mfu 6.57%
iter 1510: loss 1.1543, time 47.60ms, mfu 6.69%
iter 1520: loss 1.1484, time 46.97ms, mfu 6.82%
iter 1530: loss 1.1435, time 47.33ms, mfu 6.92%
iter 1540: loss 1.1642, time 64.79ms, mfu 6.81%
iter 1550: loss 1.1393, time 47.19ms, mfu 6.92%
iter 1560: loss 1.1608, time 43.77ms, mfu 7.08%
iter 1570: loss 1.1629, time 62.97ms, mfu 6.96%
iter 1580: loss 1.1200, time 47.10ms, mfu 7.05%
iter 1590: loss 1.1283, time 31.33ms, mfu 7.54%
iter 1600: loss 1.0921, time 60.48ms, mfu 7.40%
iter 1610: loss 1.1223, time 47.24ms, mfu 7.45%
iter 1620: loss 1.1248, time 63.56ms, mfu 7.29%
iter 1630: loss 1.1457, time 47.29ms, mfu 7.35%
iter 1640: loss 1.1510, time 47.31ms, mfu 7.40%
iter 1650: loss 1.1508, time 31.56ms, mfu 7.84%
iter 1660: loss 1.1197, time 66.50ms, mfu 7.62%
iter 1670: loss 1.1578, time 47.13ms, mfu 7.65%
iter 1680: loss 1.1331, time 47.53ms, mfu 7.67%
iter 1690: loss 1.1199, time 47.75ms, mfu 7.68%
iter 1700: loss 1.1292, time 31.71ms, mfu 8.09%
iter 1710: loss 1.1222, time 63.58ms, mfu 7.86%
iter 1720: loss 1.1277, time 47.37ms, mfu 7.86%
iter 1730: loss 1.1017, time 47.44ms, mfu 7.86%
iter 1740: loss 1.1066, time 47.11ms, mfu 7.87%
step 1750: train loss 1.0346, val loss 1.4730
iter 1750: loss 1.1136, time 6875.29ms, mfu 7.09%
iter 1760: loss 1.1371, time 47.08ms, mfu 7.17%
iter 1770: loss 1.1039, time 47.16ms, mfu 7.24%
iter 1780: loss 1.1190, time 47.09ms, mfu 7.31%
iter 1790: loss 1.1205, time 65.08ms, mfu 7.15%
iter 1800: loss 1.1116, time 47.59ms, mfu 7.22%
iter 1810: loss 1.1205, time 44.87ms, mfu 7.33%
iter 1820: loss 1.1252, time 47.66ms, mfu 7.38%
iter 1830: loss 1.0832, time 31.72ms, mfu 7.81%
iter 1840: loss 1.0870, time 47.71ms, mfu 7.81%
iter 1850: loss 1.1170, time 45.87ms, mfu 7.84%
iter 1860: loss 1.1270, time 45.50ms, mfu 7.88%
iter 1870: loss 1.0651, time 47.24ms, mfu 7.88%
iter 1880: loss 1.1296, time 62.85ms, mfu 7.68%
iter 1890: loss 1.0846, time 47.61ms, mfu 7.70%
iter 1900: loss 1.1107, time 47.12ms, mfu 7.72%
iter 1910: loss 1.0992, time 63.52ms, mfu 7.53%
iter 1920: loss 1.0961, time 65.59ms, mfu 7.35%
iter 1930: loss 1.0807, time 47.36ms, mfu 7.40%
iter 1940: loss 1.0859, time 47.17ms, mfu 7.45%
iter 1950: loss 1.1124, time 47.09ms, mfu 7.50%
iter 1960: loss 1.0688, time 47.24ms, mfu 7.54%
iter 1970: loss 1.1001, time 47.32ms, mfu 7.57%
iter 1980: loss 1.1102, time 63.09ms, mfu 7.40%
iter 1990: loss 1.0932, time 45.63ms, mfu 7.48%
step 2000: train loss 0.9850, val loss 1.4993
iter 2000: loss 1.1267, time 6877.42ms, mfu 6.74%
iter 2010: loss 1.0992, time 47.07ms, mfu 6.86%
iter 2020: loss 1.0861, time 47.60ms, mfu 6.95%
iter 2030: loss 1.0952, time 47.62ms, mfu 7.04%
iter 2040: loss 1.0490, time 47.41ms, mfu 7.12%
iter 2050: loss 1.0830, time 50.29ms, mfu 7.15%
iter 2060: loss 1.0882, time 63.19ms, mfu 7.03%
iter 2070: loss 1.0617, time 62.06ms, mfu 6.92%
iter 2080: loss 1.0700, time 47.36ms, mfu 7.02%
iter 2090: loss 1.0703, time 49.29ms, mfu 7.07%
iter 2100: loss 1.0957, time 63.04ms, mfu 6.96%
iter 2110: loss 1.1042, time 47.77ms, mfu 7.04%
iter 2120: loss 1.0644, time 47.53ms, mfu 7.12%
iter 2130: loss 1.0424, time 62.76ms, mfu 7.00%
iter 2140: loss 1.0522, time 62.85ms, mfu 6.89%
iter 2150: loss 1.0659, time 47.19ms, mfu 6.99%
iter 2160: loss 1.0471, time 47.24ms, mfu 7.08%
iter 2170: loss 1.0429, time 47.60ms, mfu 7.16%
iter 2180: loss 1.0451, time 46.91ms, mfu 7.24%
iter 2190: loss 1.0479, time 47.31ms, mfu 7.30%
iter 2200: loss 1.0398, time 47.06ms, mfu 7.36%
iter 2210: loss 1.0406, time 47.17ms, mfu 7.42%
iter 2220: loss 1.0411, time 63.18ms, mfu 7.26%
iter 2230: loss 1.0448, time 47.64ms, mfu 7.32%
iter 2240: loss 1.0419, time 47.90ms, mfu 7.37%
step 2250: train loss 0.9372, val loss 1.5019
iter 2250: loss 1.0305, time 6868.87ms, mfu 6.63%
iter 2260: loss 1.0177, time 47.58ms, mfu 6.75%
iter 2270: loss 1.0347, time 47.97ms, mfu 6.86%
iter 2280: loss 1.0335, time 47.12ms, mfu 6.96%
iter 2290: loss 1.0366, time 63.58ms, mfu 6.85%
iter 2300: loss 1.0330, time 63.40ms, mfu 6.75%
iter 2310: loss 1.0610, time 47.39ms, mfu 6.86%
iter 2320: loss 1.0282, time 63.72ms, mfu 6.76%
iter 2330: loss 1.0298, time 47.17ms, mfu 6.88%
iter 2340: loss 1.0243, time 47.49ms, mfu 6.97%
iter 2350: loss 1.0369, time 49.92ms, mfu 7.02%
iter 2360: loss 1.0361, time 63.29ms, mfu 6.91%
iter 2370: loss 1.0326, time 47.37ms, mfu 7.00%
iter 2380: loss 1.0252, time 46.97ms, mfu 7.10%
iter 2390: loss 1.0375, time 47.24ms, mfu 7.18%
iter 2400: loss 1.0226, time 31.48ms, mfu 7.64%
iter 2410: loss 1.0494, time 46.96ms, mfu 7.67%
iter 2420: loss 1.0153, time 47.67ms, mfu 7.69%
iter 2430: loss 0.9961, time 47.25ms, mfu 7.71%
iter 2440: loss 0.9949, time 63.13ms, mfu 7.53%
iter 2450: loss 0.9927, time 57.39ms, mfu 7.42%
iter 2460: loss 1.0171, time 59.16ms, mfu 7.31%
iter 2470: loss 1.0016, time 47.99ms, mfu 7.36%
iter 2480: loss 1.0107, time 47.10ms, mfu 7.41%
iter 2490: loss 0.9902, time 47.22ms, mfu 7.46%
step 2500: train loss 0.8902, val loss 1.5189
iter 2500: loss 1.0025, time 6880.84ms, mfu 6.72%
iter 2510: loss 1.0147, time 47.54ms, mfu 6.83%
iter 2520: loss 1.0199, time 46.96ms, mfu 6.94%
iter 2530: loss 1.0205, time 63.36ms, mfu 6.84%
iter 2540: loss 1.0089, time 62.96ms, mfu 6.74%
iter 2550: loss 1.0176, time 47.38ms, mfu 6.86%
iter 2560: loss 0.9916, time 47.00ms, mfu 6.96%
iter 2570: loss 1.0106, time 61.20ms, mfu 6.88%
iter 2580: loss 1.0104, time 48.82ms, mfu 6.95%
iter 2590: loss 1.0060, time 47.06ms, mfu 7.05%
iter 2600: loss 0.9954, time 31.70ms, mfu 7.52%
iter 2610: loss 1.0088, time 47.58ms, mfu 7.55%
iter 2620: loss 0.9939, time 47.80ms, mfu 7.57%
iter 2630: loss 0.9948, time 48.32ms, mfu 7.59%
iter 2640: loss 0.9901, time 47.30ms, mfu 7.62%
iter 2650: loss 0.9777, time 50.84ms, mfu 7.59%
iter 2660: loss 1.0235, time 62.57ms, mfu 7.42%
iter 2670: loss 1.0125, time 47.17ms, mfu 7.47%
iter 2680: loss 0.9777, time 48.03ms, mfu 7.50%
iter 2690: loss 0.9875, time 62.90ms, mfu 7.34%
iter 2700: loss 0.9583, time 47.25ms, mfu 7.40%
iter 2710: loss 0.9827, time 49.36ms, mfu 7.41%
iter 2720: loss 0.9699, time 45.00ms, mfu 7.50%
iter 2730: loss 0.9668, time 47.35ms, mfu 7.54%
iter 2740: loss 0.9833, time 48.24ms, mfu 7.56%
step 2750: train loss 0.8456, val loss 1.5324
iter 2750: loss 0.9942, time 6867.71ms, mfu 6.81%
iter 2760: loss 0.9642, time 61.93ms, mfu 6.73%
iter 2770: loss 0.9751, time 31.63ms, mfu 7.23%
iter 2780: loss 0.9262, time 47.75ms, mfu 7.29%
iter 2790: loss 0.9640, time 47.62ms, mfu 7.34%
iter 2800: loss 0.9615, time 47.04ms, mfu 7.40%
iter 2810: loss 0.9863, time 63.10ms, mfu 7.25%
iter 2820: loss 0.9617, time 61.07ms, mfu 7.14%
iter 2830: loss 0.9385, time 47.10ms, mfu 7.21%
iter 2840: loss 0.9611, time 47.55ms, mfu 7.28%
iter 2850: loss 0.9643, time 32.06ms, mfu 7.71%
iter 2860: loss 0.9451, time 47.60ms, mfu 7.72%
iter 2870: loss 0.9565, time 46.39ms, mfu 7.75%
iter 2880: loss 0.9459, time 63.02ms, mfu 7.57%
iter 2890: loss 0.9695, time 47.39ms, mfu 7.60%
iter 2900: loss 0.9671, time 63.46ms, mfu 7.43%
iter 2910: loss 0.9462, time 46.82ms, mfu 7.48%
iter 2920: loss 0.9684, time 47.69ms, mfu 7.51%
iter 2930: loss 0.9072, time 47.79ms, mfu 7.54%
iter 2940: loss 0.9491, time 51.90ms, mfu 7.50%
iter 2950: loss 0.9701, time 31.60ms, mfu 7.93%
iter 2960: loss 0.9242, time 45.83ms, mfu 7.95%
iter 2970: loss 0.9409, time 47.00ms, mfu 7.95%
iter 2980: loss 0.9449, time 45.85ms, mfu 7.97%
iter 2990: loss 0.9286, time 51.98ms, mfu 7.89%
step 3000: train loss 0.7987, val loss 1.5589
iter 3000: loss 0.9515, time 6885.22ms, mfu 7.11%
iter 3010: loss 0.9277, time 47.36ms, mfu 7.18%
iter 3020: loss 0.9373, time 62.86ms, mfu 7.06%
iter 3030: loss 0.9390, time 47.09ms, mfu 7.14%
iter 3040: loss 0.9328, time 47.48ms, mfu 7.21%
iter 3050: loss 0.9429, time 47.05ms, mfu 7.28%
iter 3060: loss 0.9273, time 47.41ms, mfu 7.34%
iter 3070: loss 0.9128, time 62.77ms, mfu 7.20%
iter 3080: loss 0.9043, time 45.01ms, mfu 7.31%
iter 3090: loss 0.9212, time 47.48ms, mfu 7.36%
iter 3100: loss 0.9120, time 48.08ms, mfu 7.40%
iter 3110: loss 0.8966, time 47.40ms, mfu 7.45%
iter 3120: loss 0.9388, time 47.32ms, mfu 7.49%
iter 3130: loss 0.8998, time 47.22ms, mfu 7.53%
iter 3140: loss 0.9166, time 47.13ms, mfu 7.57%
iter 3150: loss 0.9290, time 33.57ms, mfu 7.92%
iter 3160: loss 0.9142, time 47.13ms, mfu 7.92%
iter 3170: loss 0.9126, time 49.47ms, mfu 7.88%
iter 3180: loss 0.9267, time 63.36ms, mfu 7.68%
iter 3190: loss 0.9080, time 47.34ms, mfu 7.70%
iter 3200: loss 0.8870, time 32.43ms, mfu 8.08%
iter 3210: loss 0.9130, time 47.01ms, mfu 8.06%
iter 3220: loss 0.8990, time 61.24ms, mfu 7.87%
iter 3230: loss 0.8992, time 47.53ms, mfu 7.86%
iter 3240: loss 0.8930, time 33.39ms, mfu 8.19%
step 3250: train loss 0.7495, val loss 1.5917
iter 3250: loss 0.8964, time 6879.69ms, mfu 7.38%
iter 3260: loss 0.9023, time 51.15ms, mfu 7.37%
iter 3270: loss 0.8769, time 46.79ms, mfu 7.43%
iter 3280: loss 0.9033, time 47.49ms, mfu 7.47%
iter 3290: loss 0.8817, time 51.57ms, mfu 7.45%
iter 3300: loss 0.8832, time 63.75ms, mfu 7.29%
iter 3310: loss 0.8929, time 47.35ms, mfu 7.34%
iter 3320: loss 0.9038, time 63.04ms, mfu 7.20%
iter 3330: loss 0.8801, time 47.26ms, mfu 7.27%
iter 3340: loss 0.8799, time 47.25ms, mfu 7.33%
iter 3350: loss 0.8867, time 63.29ms, mfu 7.19%
iter 3360: loss 0.8667, time 47.10ms, mfu 7.26%
iter 3370: loss 0.8537, time 41.53ms, mfu 7.43%
iter 3380: loss 0.8776, time 47.14ms, mfu 7.48%
iter 3390: loss 0.8645, time 63.19ms, mfu 7.32%
iter 3400: loss 0.8697, time 48.44ms, mfu 7.36%
iter 3410: loss 0.8836, time 47.41ms, mfu 7.41%
iter 3420: loss 0.8881, time 62.70ms, mfu 7.26%
iter 3430: loss 0.9061, time 47.20ms, mfu 7.32%
iter 3440: loss 0.8689, time 48.00ms, mfu 7.37%
iter 3450: loss 0.8694, time 46.98ms, mfu 7.42%
iter 3460: loss 0.8686, time 47.68ms, mfu 7.46%
iter 3470: loss 0.8561, time 62.73ms, mfu 7.31%
iter 3480: loss 0.8568, time 47.47ms, mfu 7.37%
iter 3490: loss 0.8710, time 47.50ms, mfu 7.41%
step 3500: train loss 0.7024, val loss 1.6415
iter 3500: loss 0.8558, time 6903.72ms, mfu 6.68%
iter 3510: loss 0.8995, time 47.72ms, mfu 6.79%
iter 3520: loss 0.8680, time 47.52ms, mfu 6.90%
iter 3530: loss 0.8599, time 46.92ms, mfu 7.00%
iter 3540: loss 0.8708, time 47.32ms, mfu 7.09%
iter 3550: loss 0.8510, time 62.94ms, mfu 6.97%
iter 3560: loss 0.8697, time 47.11ms, mfu 7.06%
iter 3570: loss 0.8585, time 47.41ms, mfu 7.14%
iter 3580: loss 0.8695, time 47.47ms, mfu 7.21%
iter 3590: loss 0.8366, time 47.56ms, mfu 7.28%
iter 3600: loss 0.8464, time 65.55ms, mfu 7.12%
iter 3610: loss 0.8465, time 46.79ms, mfu 7.20%
iter 3620: loss 0.8559, time 47.17ms, mfu 7.27%
iter 3630: loss 0.8622, time 31.45ms, mfu 7.73%
iter 3640: loss 0.8330, time 51.33ms, mfu 7.68%
iter 3650: loss 0.8520, time 63.58ms, mfu 7.50%
iter 3660: loss 0.8528, time 49.65ms, mfu 7.50%
iter 3670: loss 0.8413, time 47.39ms, mfu 7.54%
iter 3680: loss 0.8426, time 65.27ms, mfu 7.35%
iter 3690: loss 0.8586, time 46.90ms, mfu 7.41%
iter 3700: loss 0.8448, time 60.88ms, mfu 7.28%
iter 3710: loss 0.8626, time 47.38ms, mfu 7.34%
iter 3720: loss 0.8410, time 47.57ms, mfu 7.39%
iter 3730: loss 0.8418, time 61.72ms, mfu 7.26%
iter 3740: loss 0.8479, time 31.51ms, mfu 7.71%
step 3750: train loss 0.6594, val loss 1.6557
iter 3750: loss 0.8387, time 6872.72ms, mfu 6.95%
iter 3760: loss 0.8276, time 56.81ms, mfu 6.91%
iter 3770: loss 0.8386, time 47.50ms, mfu 7.00%
iter 3780: loss 0.8289, time 47.73ms, mfu 7.08%
iter 3790: loss 0.8237, time 49.20ms, mfu 7.13%
iter 3800: loss 0.8327, time 47.67ms, mfu 7.20%
iter 3810: loss 0.8295, time 47.68ms, mfu 7.26%
iter 3820: loss 0.8271, time 64.66ms, mfu 7.11%
iter 3830: loss 0.8258, time 47.23ms, mfu 7.19%
iter 3840: loss 0.8281, time 63.36ms, mfu 7.06%
iter 3850: loss 0.8036, time 47.24ms, mfu 7.14%
iter 3860: loss 0.8198, time 46.97ms, mfu 7.22%
iter 3870: loss 0.8312, time 45.57ms, mfu 7.32%
iter 3880: loss 0.8275, time 31.40ms, mfu 7.77%
iter 3890: loss 0.8247, time 48.64ms, mfu 7.76%
iter 3900: loss 0.8252, time 31.50ms, mfu 8.17%
iter 3910: loss 0.8336, time 47.52ms, mfu 8.13%
iter 3920: loss 0.8121, time 31.67ms, mfu 8.50%
iter 3930: loss 0.8171, time 47.57ms, mfu 8.43%
iter 3940: loss 0.7873, time 62.86ms, mfu 8.18%
iter 3950: loss 0.8176, time 47.10ms, mfu 8.15%
iter 3960: loss 0.8248, time 47.33ms, mfu 8.13%
iter 3970: loss 0.8127, time 62.73ms, mfu 7.91%
iter 3980: loss 0.8296, time 50.26ms, mfu 7.86%
iter 3990: loss 0.8001, time 47.05ms, mfu 7.86%
step 4000: train loss 0.6218, val loss 1.6764
iter 4000: loss 0.8140, time 6879.47ms, mfu 7.08%
iter 4010: loss 0.8294, time 47.28ms, mfu 7.16%
iter 4020: loss 0.8187, time 63.10ms, mfu 7.04%
iter 4030: loss 0.8082, time 47.80ms, mfu 7.11%
iter 4040: loss 0.8189, time 46.98ms, mfu 7.19%
iter 4050: loss 0.7891, time 47.30ms, mfu 7.26%
iter 4060: loss 0.8082, time 47.32ms, mfu 7.32%
iter 4070: loss 0.8292, time 46.23ms, mfu 7.40%
iter 4080: loss 0.7974, time 47.38ms, mfu 7.44%
iter 4090: loss 0.8226, time 47.51ms, mfu 7.48%
iter 4100: loss 0.7962, time 63.18ms, mfu 7.33%
iter 4110: loss 0.8009, time 47.28ms, mfu 7.38%
iter 4120: loss 0.7824, time 47.16ms, mfu 7.43%
iter 4130: loss 0.7926, time 62.70ms, mfu 7.28%
iter 4140: loss 0.7852, time 48.45ms, mfu 7.32%
iter 4150: loss 0.8098, time 62.98ms, mfu 7.18%
iter 4160: loss 0.7962, time 47.31ms, mfu 7.25%
iter 4170: loss 0.7602, time 51.94ms, mfu 7.25%
iter 4180: loss 0.7930, time 62.87ms, mfu 7.11%
iter 4190: loss 0.7962, time 47.63ms, mfu 7.18%
iter 4200: loss 0.7830, time 61.45ms, mfu 7.07%
iter 4210: loss 0.7966, time 31.45ms, mfu 7.55%
iter 4220: loss 0.8105, time 47.02ms, mfu 7.59%
iter 4230: loss 0.7840, time 63.00ms, mfu 7.42%
iter 4240: loss 0.8110, time 47.61ms, mfu 7.46%
step 4250: train loss 0.5927, val loss 1.7139
iter 4250: loss 0.7874, time 6870.32ms, mfu 6.72%
iter 4260: loss 0.7914, time 46.95ms, mfu 6.84%
iter 4270: loss 0.7926, time 61.05ms, mfu 6.77%
iter 4280: loss 0.8080, time 47.02ms, mfu 6.88%
iter 4290: loss 0.7890, time 62.66ms, mfu 6.79%
iter 4300: loss 0.7858, time 62.82ms, mfu 6.70%
iter 4310: loss 0.7852, time 47.24ms, mfu 6.82%
iter 4320: loss 0.7909, time 62.99ms, mfu 6.73%
iter 4330: loss 0.7813, time 47.29ms, mfu 6.85%
iter 4340: loss 0.7744, time 47.50ms, mfu 6.95%
iter 4350: loss 0.7814, time 47.29ms, mfu 7.04%
iter 4360: loss 0.7832, time 57.14ms, mfu 6.99%
iter 4370: loss 0.7749, time 47.27ms, mfu 7.08%
iter 4380: loss 0.7984, time 47.23ms, mfu 7.16%
iter 4390: loss 0.7613, time 62.94ms, mfu 7.03%
iter 4400: loss 0.7673, time 47.51ms, mfu 7.12%
iter 4410: loss 0.8029, time 47.15ms, mfu 7.19%
iter 4420: loss 0.7826, time 31.69ms, mfu 7.65%
iter 4430: loss 0.7705, time 47.64ms, mfu 7.67%
iter 4440: loss 0.7832, time 47.11ms, mfu 7.69%
iter 4450: loss 0.7906, time 47.94ms, mfu 7.70%
iter 4460: loss 0.7741, time 46.99ms, mfu 7.72%
iter 4470: loss 0.7740, time 47.47ms, mfu 7.74%
iter 4480: loss 0.7715, time 50.57ms, mfu 7.70%
iter 4490: loss 0.7636, time 47.23ms, mfu 7.72%
step 4500: train loss 0.5645, val loss 1.7350
iter 4500: loss 0.8028, time 6868.84ms, mfu 6.95%
iter 4510: loss 0.7530, time 47.19ms, mfu 7.05%
iter 4520: loss 0.7663, time 62.70ms, mfu 6.94%
iter 4530: loss 0.7686, time 47.02ms, mfu 7.03%
iter 4540: loss 0.7774, time 47.48ms, mfu 7.12%
iter 4550: loss 0.7747, time 47.72ms, mfu 7.19%
iter 4560: loss 0.7674, time 55.71ms, mfu 7.14%
iter 4570: loss 0.7891, time 47.81ms, mfu 7.20%
iter 4580: loss 0.7820, time 54.60ms, mfu 7.16%
iter 4590: loss 0.7732, time 46.59ms, mfu 7.25%
iter 4600: loss 0.7662, time 56.07ms, mfu 7.19%
iter 4610: loss 0.7609, time 47.50ms, mfu 7.25%
iter 4620: loss 0.7606, time 52.01ms, mfu 7.24%
iter 4630: loss 0.7542, time 62.46ms, mfu 7.12%
iter 4640: loss 0.7626, time 62.79ms, mfu 7.00%
iter 4650: loss 0.7666, time 47.32ms, mfu 7.09%
iter 4660: loss 0.7638, time 31.33ms, mfu 7.57%
iter 4670: loss 0.7631, time 47.04ms, mfu 7.60%
iter 4680: loss 0.7501, time 41.21ms, mfu 7.75%
iter 4690: loss 0.7396, time 64.70ms, mfu 7.55%
iter 4700: loss 0.7660, time 47.38ms, mfu 7.58%
iter 4710: loss 0.7618, time 31.62ms, mfu 8.00%
iter 4720: loss 0.7604, time 47.01ms, mfu 7.99%
iter 4730: loss 0.7507, time 47.41ms, mfu 7.98%
iter 4740: loss 0.7398, time 47.35ms, mfu 7.97%
step 4750: train loss 0.5449, val loss 1.7481
iter 4750: loss 0.7698, time 6857.98ms, mfu 7.18%
iter 4760: loss 0.7613, time 63.49ms, mfu 7.05%
iter 4770: loss 0.7435, time 47.65ms, mfu 7.12%
iter 4780: loss 0.7718, time 46.98ms, mfu 7.20%
iter 4790: loss 0.7416, time 47.00ms, mfu 7.28%
iter 4800: loss 0.7652, time 45.42ms, mfu 7.37%
iter 4810: loss 0.7540, time 35.57ms, mfu 7.68%
iter 4820: loss 0.7584, time 53.45ms, mfu 7.61%
iter 4830: loss 0.7461, time 31.53ms, mfu 8.03%
iter 4840: loss 0.7394, time 47.08ms, mfu 8.02%
iter 4850: loss 0.7615, time 60.14ms, mfu 7.84%
iter 4860: loss 0.7481, time 47.91ms, mfu 7.83%
iter 4870: loss 0.7448, time 62.82ms, mfu 7.64%
iter 4880: loss 0.7423, time 43.02ms, mfu 7.74%
iter 4890: loss 0.7753, time 47.53ms, mfu 7.75%
iter 4900: loss 0.7582, time 62.96ms, mfu 7.57%
iter 4910: loss 0.7336, time 49.21ms, mfu 7.57%
iter 4920: loss 0.7364, time 47.28ms, mfu 7.60%
iter 4930: loss 0.7435, time 50.56ms, mfu 7.58%
iter 4940: loss 0.7510, time 61.27ms, mfu 7.43%
iter 4950: loss 0.7499, time 46.96ms, mfu 7.48%
iter 4960: loss 0.7340, time 46.54ms, mfu 7.53%
iter 4970: loss 0.7303, time 47.31ms, mfu 7.57%
iter 4980: loss 0.7537, time 47.31ms, mfu 7.60%
iter 4990: loss 0.7462, time 51.44ms, mfu 7.56%
step 5000: train loss 0.5276, val loss 1.7623
iter 5000: loss 0.7568, time 6872.34ms, mfu 6.81%
=== D:\hw1\Gengerative-AI\.venv\Scripts\python.exe -u train.py config/hw1_gqa_lr2e-3.py
Overriding config with config/hw1_gqa_lr2e-3.py:
# Same as hw1_gqa.py but with a 2x learning rate (min_lr kept at lr/10).
exec(open('config/hw1_gqa.py').read())
out_dir = 'out-hw1-gqa-lr2e-3'
learning_rate = 2e-3
min_lr = 2e-4

tokens per iteration will be: 16,384
found vocab_size = 65 (inside data\shakespeare_char\meta.pkl)
Initializing a new model from scratch
number of parameters: 9.76M
D:\hw1\Gengerative-AI\train.py:201: FutureWarning: `torch.cuda.amp.GradScaler(args...)` is deprecated. Please use `torch.amp.GradScaler('cuda', args...)` instead.
  scaler = torch.cuda.amp.GradScaler(enabled=(dtype == 'float16'))
num decayed parameter tensors: 26, with 9,855,360 parameters
num non-decayed parameter tensors: 13, with 4,992 parameters
using fused AdamW: True
step 0: train loss 4.2592, val loss 4.2589
iter 0: loss 4.2674, time 4926.59ms, mfu -100.00%
iter 10: loss 2.9466, time 31.32ms, mfu 11.01%
iter 20: loss 2.6661, time 31.67ms, mfu 11.00%
iter 30: loss 2.5704, time 31.54ms, mfu 10.99%
iter 40: loss 2.5595, time 47.11ms, mfu 10.62%
iter 50: loss 2.5088, time 31.30ms, mfu 10.66%
iter 60: loss 2.4852, time 31.43ms, mfu 10.69%
iter 70: loss 2.4928, time 31.31ms, mfu 10.72%
iter 80: loss 2.4849, time 31.62ms, mfu 10.74%
iter 90: loss 2.4617, time 45.09ms, mfu 10.43%
iter 100: loss 2.4529, time 47.17ms, mfu 10.12%
iter 110: loss 2.4420, time 31.87ms, mfu 10.19%
iter 120: loss 2.4408, time 31.79ms, mfu 10.25%
iter 130: loss 2.3994, time 31.42ms, mfu 10.33%
iter 140: loss 2.3680, time 49.13ms, mfu 10.00%
iter 150: loss 2.3150, time 31.49ms, mfu 10.09%
iter 160: loss 2.2191, time 31.78ms, mfu 10.17%
iter 170: loss 2.1928, time 31.28ms, mfu 10.25%
iter 180: loss 2.1290, time 47.34ms, mfu 9.96%
iter 190: loss 2.1185, time 47.24ms, mfu 9.69%
iter 200: loss 2.0591, time 31.52ms, mfu 9.81%
iter 210: loss 2.0287, time 32.24ms, mfu 9.90%
iter 220: loss 2.0045, time 31.64ms, mfu 10.00%
iter 230: loss 2.0062, time 31.36ms, mfu 10.10%
iter 240: loss 1.9524, time 47.45ms, mfu 9.82%
step 250: train loss 1.8155, val loss 1.9666
saving checkpoint to out-hw1-gqa-lr2e-3
iter 250: loss 1.9045, time 4940.28ms, mfu 8.84%
iter 260: loss 1.8712, time 33.38ms, mfu 8.99%
iter 270: loss 1.8637, time 31.33ms, mfu 9.19%
iter 280: loss 1.8317, time 20.42ms, mfu 9.96%
iter 290: loss 1.8282, time 31.50ms, mfu 10.06%
iter 300: loss 1.8221, time 31.52ms, mfu 10.15%
iter 310: loss 1.8294, time 31.52ms, mfu 10.23%
iter 320: loss 1.7958, time 47.17ms, mfu 9.93%
iter 330: loss 1.7696, time 31.76ms, mfu 10.03%
iter 340: loss 1.7556, time 31.81ms, mfu 10.11%
iter 350: loss 1.7251, time 31.38ms, mfu 10.20%
iter 360: loss 1.7473, time 31.53ms, mfu 10.27%
iter 370: loss 1.7050, time 47.41ms, mfu 9.97%
iter 380: loss 1.6999, time 47.22ms, mfu 9.70%
iter 390: loss 1.7050, time 31.26ms, mfu 9.84%
iter 400: loss 1.6412, time 28.30ms, mfu 10.07%
iter 410: loss 1.6983, time 31.47ms, mfu 10.16%
iter 420: loss 1.6549, time 47.07ms, mfu 9.87%
iter 430: loss 1.6636, time 47.04ms, mfu 9.62%
iter 440: loss 1.6373, time 31.65ms, mfu 9.75%
iter 450: loss 1.6489, time 31.29ms, mfu 9.87%
iter 460: loss 1.6418, time 33.70ms, mfu 9.91%
iter 470: loss 1.6238, time 31.62ms, mfu 10.01%
iter 480: loss 1.6261, time 47.07ms, mfu 9.74%
iter 490: loss 1.5859, time 31.60ms, mfu 9.86%
step 500: train loss 1.5098, val loss 1.7075
saving checkpoint to out-hw1-gqa-lr2e-3
iter 500: loss 1.6017, time 4936.92ms, mfu 8.88%
iter 510: loss 1.5807, time 32.03ms, mfu 9.07%
iter 520: loss 1.5931, time 31.76ms, mfu 9.25%
iter 530: loss 1.5717, time 47.40ms, mfu 9.05%
iter 540: loss 1.5745, time 31.35ms, mfu 9.24%
iter 550: loss 1.5858, time 31.61ms, mfu 9.41%
iter 560: loss 1.5422, time 31.66ms, mfu 9.56%
iter 570: loss 1.5416, time 47.66ms, mfu 9.33%
iter 580: loss 1.5122, time 31.46ms, mfu 9.49%
iter 590: loss 1.5401, time 31.67ms, mfu 9.63%
iter 600: loss 1.5521, time 31.67ms, mfu 9.75%
iter 610: loss 1.5443, time 31.40ms, mfu 9.88%
iter 620: loss 1.5677, time 47.14ms, mfu 9.62%
iter 630: loss 1.5082, time 31.30ms, mfu 9.76%
iter 640: loss 1.5128, time 29.48ms, mfu 9.95%
iter 650: loss 1.4967, time 32.50ms, mfu 10.02%
iter 660: loss 1.5263, time 31.46ms, mfu 10.11%
iter 670: loss 1.4665, time 31.58ms, mfu 10.19%
iter 680: loss 1.4430, time 31.44ms, mfu 10.27%
iter 690: loss 1.4580, time 30.61ms, mfu 10.37%
iter 700: loss 1.4518, time 31.59ms, mfu 10.42%
iter 710: loss 1.4450, time 31.39ms, mfu 10.48%
iter 720: loss 1.4565, time 47.56ms, mfu 10.16%
iter 730: loss 1.4418, time 31.29ms, mfu 10.24%
iter 740: loss 1.4451, time 31.67ms, mfu 10.31%
step 750: train loss 1.3639, val loss 1.5853
saving checkpoint to out-hw1-gqa-lr2e-3
iter 750: loss 1.4627, time 4944.00ms, mfu 9.28%
iter 760: loss 1.4352, time 47.20ms, mfu 9.09%
iter 770: loss 1.4173, time 31.39ms, mfu 9.28%
iter 780: loss 1.4163, time 31.31ms, mfu 9.45%
iter 790: loss 1.3879, time 31.48ms, mfu 9.60%
iter 800: loss 1.3860, time 46.18ms, mfu 9.39%
iter 810: loss 1.4118, time 47.27ms, mfu 9.18%
iter 820: loss 1.4085, time 31.34ms, mfu 9.36%
iter 830: loss 1.4285, time 31.72ms, mfu 9.51%
iter 840: loss 1.4125, time 31.35ms, mfu 9.66%
iter 850: loss 1.3848, time 30.16ms, mfu 9.84%
iter 860: loss 1.3965, time 31.84ms, mfu 9.93%
iter 870: loss 1.4026, time 31.57ms, mfu 10.03%
iter 880: loss 1.3632, time 31.44ms, mfu 10.13%
iter 890: loss 1.4300, time 31.34ms, mfu 10.21%
iter 900: loss 1.3854, time 31.60ms, mfu 10.28%
iter 910: loss 1.3774, time 33.93ms, mfu 10.27%
iter 920: loss 1.4014, time 31.69ms, mfu 10.33%
iter 930: loss 1.3738, time 47.20ms, mfu 10.03%
iter 940: loss 1.3419, time 47.53ms, mfu 9.75%
iter 950: loss 1.3392, time 31.33ms, mfu 9.88%
iter 960: loss 1.3536, time 31.53ms, mfu 9.98%
iter 970: loss 1.3575, time 32.27ms, mfu 10.05%
iter 980: loss 1.3498, time 30.84ms, mfu 10.16%
iter 990: loss 1.3839, time 31.36ms, mfu 10.25%
step 1000: train loss 1.2754, val loss 1.5312
saving checkpoint to out-hw1-gqa-lr2e-3
iter 1000: loss 1.3467, time 4938.95ms, mfu 9.23%
iter 1010: loss 1.3607, time 31.40ms, mfu 9.40%
iter 1020: loss 1.3117, time 47.93ms, mfu 9.18%
iter 1030: loss 1.3405, time 47.20ms, mfu 9.00%
iter 1040: loss 1.3288, time 31.52ms, mfu 9.19%
iter 1050: loss 1.3530, time 31.31ms, mfu 9.37%
iter 1060: loss 1.3111, time 31.99ms, mfu 9.51%
iter 1070: loss 1.3352, time 31.75ms, mfu 9.65%
iter 1080: loss 1.3271, time 31.78ms, mfu 9.77%
iter 1090: loss 1.3179, time 47.43ms, mfu 9.52%
iter 1100: loss 1.3051, time 47.84ms, mfu 9.29%
iter 1110: loss 1.3160, time 47.37ms, mfu 9.09%
iter 1120: loss 1.3511, time 31.61ms, mfu 9.27%
iter 1130: loss 1.3449, time 31.55ms, mfu 9.43%
iter 1140: loss 1.3244, time 31.41ms, mfu 9.59%
iter 1150: loss 1.3266, time 31.81ms, mfu 9.71%
iter 1160: loss 1.3170, time 31.63ms, mfu 9.83%
iter 1170: loss 1.3028, time 31.35ms, mfu 9.95%
iter 1180: loss 1.3093, time 47.39ms, mfu 9.68%
iter 1190: loss 1.3003, time 29.30ms, mfu 9.89%
iter 1200: loss 1.3052, time 31.37ms, mfu 10.00%
iter 1210: loss 1.2966, time 15.96ms, mfu 11.16%
iter 1220: loss 1.2934, time 31.36ms, mfu 11.14%
iter 1230: loss 1.2730, time 31.28ms, mfu 11.13%
iter 1240: loss 1.3042, time 31.90ms, mfu 11.10%
step 1250: train loss 1.2116, val loss 1.4882
saving checkpoint to out-hw1-gqa-lr2e-3
iter 1250: loss 1.2543, time 4956.67ms, mfu 10.00%
iter 1260: loss 1.3041, time 31.41ms, mfu 10.09%
iter 1270: loss 1.2867, time 31.64ms, mfu 10.17%
iter 1280: loss 1.2878, time 47.30ms, mfu 9.89%
iter 1290: loss 1.3096, time 47.28ms, mfu 9.63%
iter 1300: loss 1.2979, time 47.28ms, mfu 9.39%
iter 1310: loss 1.2881, time 31.84ms, mfu 9.54%
iter 1320: loss 1.2466, time 31.47ms, mfu 9.68%
iter 1330: loss 1.2428, time 31.33ms, mfu 9.81%
iter 1340: loss 1.2778, time 47.03ms, mfu 9.56%
iter 1350: loss 1.2665, time 47.50ms, mfu 9.33%
iter 1360: loss 1.2510, time 47.82ms, mfu 9.12%
iter 1370: loss 1.2692, time 47.17ms, mfu 8.94%
iter 1380: loss 1.2514, time 31.45ms, mfu 9.14%
iter 1390: loss 1.2690, time 31.56ms, mfu 9.32%
iter 1400: loss 1.2621, time 31.51ms, mfu 9.48%
iter 1410: loss 1.2462, time 31.40ms, mfu 9.63%
iter 1420: loss 1.2398, time 31.52ms, mfu 9.76%
iter 1430: loss 1.2958, time 31.35ms, mfu 9.89%
iter 1440: loss 1.2415, time 48.18ms, mfu 9.61%
iter 1450: loss 1.2696, time 46.99ms, mfu 9.38%
iter 1460: loss 1.2311, time 31.62ms, mfu 9.54%
iter 1470: loss 1.2473, time 31.58ms, mfu 9.67%
iter 1480: loss 1.2297, time 35.94ms, mfu 9.67%
iter 1490: loss 1.2624, time 31.43ms, mfu 9.80%
step 1500: train loss 1.1595, val loss 1.4726
saving checkpoint to out-hw1-gqa-lr2e-3
iter 1500: loss 1.2526, time 5079.33ms, mfu 8.82%
iter 1510: loss 1.2552, time 30.21ms, mfu 9.08%
iter 1520: loss 1.2400, time 31.86ms, mfu 9.26%
iter 1530: loss 1.1823, time 31.32ms, mfu 9.43%
iter 1540: loss 1.2385, time 31.45ms, mfu 9.58%
iter 1550: loss 1.2157, time 31.34ms, mfu 9.73%
iter 1560: loss 1.2479, time 34.56ms, mfu 9.75%
iter 1570: loss 1.2176, time 31.70ms, mfu 9.86%
iter 1580: loss 1.2195, time 31.75ms, mfu 9.96%
iter 1590: loss 1.2406, time 47.18ms, mfu 9.70%
iter 1600: loss 1.2276, time 47.52ms, mfu 9.45%
iter 1610: loss 1.2115, time 31.66ms, mfu 9.60%
iter 1620: loss 1.2076, time 32.03ms, mfu 9.71%
iter 1630: loss 1.1968, time 31.74ms, mfu 9.83%
iter 1640: loss 1.2055, time 31.69ms, mfu 9.93%
iter 1650: loss 1.2301, time 31.41ms, mfu 10.04%
iter 1660: loss 1.2075, time 31.35ms, mfu 10.13%
iter 1670: loss 1.2334, time 47.81ms, mfu 9.84%
iter 1680: loss 1.2119, time 47.10ms, mfu 9.59%
iter 1690: loss 1.2025, time 31.42ms, mfu 9.73%
iter 1700: loss 1.1819, time 33.74ms, mfu 9.78%
iter 1710: loss 1.2121, time 31.72ms, mfu 9.89%
iter 1720: loss 1.2078, time 31.10ms, mfu 10.01%
iter 1730: loss 1.1947, time 62.33ms, mfu 9.56%
iter 1740: loss 1.2330, time 47.57ms, mfu 9.33%
step 1750: train loss 1.1140, val loss 1.4772
iter 1750: loss 1.2214, time 4874.15ms, mfu 8.40%
iter 1760: loss 1.2166, time 31.31ms, mfu 8.66%
iter 1770: loss 1.1889, time 31.64ms, mfu 8.89%
iter 1780: loss 1.1925, time 47.29ms, mfu 8.73%
iter 1790: loss 1.1991, time 47.70ms, mfu 8.58%
iter 1800: loss 1.1852, time 31.29ms, mfu 8.82%
iter 1810: loss 1.1764, time 31.63ms, mfu 9.03%
iter 1820: loss 1.1932, time 29.33ms, mfu 9.30%
iter 1830: loss 1.1619, time 31.88ms, mfu 9.45%
iter 1840: loss 1.1857, time 31.39ms, mfu 9.61%
iter 1850: loss 1.1611, time 31.57ms, mfu 9.74%
iter 1860: loss 1.1736, time 31.36ms, mfu 9.86%
iter 1870: loss 1.1810, time 47.82ms, mfu 9.60%
iter 1880: loss 1.1517, time 45.46ms, mfu 9.40%
iter 1890: loss 1.1957, time 31.49ms, mfu 9.55%
iter 1900: loss 1.1763, time 28.84ms, mfu 9.79%
iter 1910: loss 1.1783, time 31.37ms, mfu 9.91%
iter 1920: loss 1.1723, time 31.56ms, mfu 10.01%
iter 1930: loss 1.1935, time 31.44ms, mfu 10.11%
iter 1940: loss 1.1557, time 31.90ms, mfu 10.18%
iter 1950: loss 1.1593, time 47.37ms, mfu 9.89%
iter 1960: loss 1.1392, time 47.04ms, mfu 9.63%
iter 1970: loss 1.1870, time 31.61ms, mfu 9.76%
iter 1980: loss 1.1336, time 31.53ms, mfu 9.88%
iter 1990: loss 1.1220, time 31.72ms, mfu 9.98%
step 2000: train loss 1.0709, val loss 1.4716
saving checkpoint to out-hw1-gqa-lr2e-3
iter 2000: loss 1.1403, time 4950.62ms, mfu 8.99%
iter 2010: loss 1.1412, time 31.82ms, mfu 9.17%
iter 2020: loss 1.1577, time 48.03ms, mfu 8.97%
iter 2030: loss 1.1391, time 47.08ms, mfu 8.81%
iter 2040: loss 1.1424, time 31.62ms, mfu 9.02%
iter 2050: loss 1.1514, time 31.73ms, mfu 9.20%
iter 2060: loss 1.1183, time 47.37ms, mfu 9.01%
iter 2070: loss 1.1331, time 31.88ms, mfu 9.19%
iter 2080: loss 1.1201, time 47.34ms, mfu 9.00%
iter 2090: loss 1.1305, time 44.44ms, mfu 8.87%
iter 2100: loss 1.0977, time 47.13ms, mfu 8.72%
iter 2110: loss 1.1446, time 31.39ms, mfu 8.94%
iter 2120: loss 1.1100, time 20.18ms, mfu 9.76%
iter 2130: loss 1.1482, time 31.76ms, mfu 9.87%
iter 2140: loss 1.1683, time 31.39ms, mfu 9.98%
iter 2150: loss 1.1665, time 30.46ms, mfu 10.11%
iter 2160: loss 1.1299, time 47.35ms, mfu 9.83%
iter 2170: loss 1.1240, time 47.61ms, mfu 9.57%
iter 2180: loss 1.1307, time 31.38ms, mfu 9.71%
iter 2190: loss 1.1391, time 31.74ms, mfu 9.83%
iter 2200: loss 1.1357, time 34.03ms, mfu 9.86%
iter 2210: loss 1.1415, time 31.60ms, mfu 9.96%
iter 2220: loss 1.0987, time 31.71ms, mfu 10.05%
iter 2230: loss 1.1075, time 31.38ms, mfu 10.15%
iter 2240: loss 1.1394, time 46.44ms, mfu 9.87%
step 2250: train loss 1.0201, val loss 1.4823
iter 2250: loss 1.1133, time 4875.55ms, mfu 8.89%
iter 2260: loss 1.1349, time 31.67ms, mfu 9.09%
iter 2270: loss 1.1205, time 34.55ms, mfu 9.18%
iter 2280: loss 1.1080, time 31.74ms, mfu 9.35%
iter 2290: loss 1.1007, time 31.65ms, mfu 9.50%
iter 2300: loss 1.0923, time 31.69ms, mfu 9.64%
iter 2310: loss 1.1011, time 31.85ms, mfu 9.76%
iter 2320: loss 1.1051, time 47.08ms, mfu 9.52%
iter 2330: loss 1.1177, time 31.21ms, mfu 9.67%
iter 2340: loss 1.1029, time 31.41ms, mfu 9.80%
iter 2350: loss 1.1154, time 31.73ms, mfu 9.91%
iter 2360: loss 1.1297, time 31.35ms, mfu 10.02%
iter 2370: loss 1.1213, time 31.32ms, mfu 10.11%
iter 2380: loss 1.0978, time 31.34ms, mfu 10.20%
iter 2390: loss 1.1134, time 47.48ms, mfu 9.91%
iter 2400: loss 1.0722, time 31.39ms, mfu 10.02%
iter 2410: loss 1.1049, time 31.75ms, mfu 10.10%
iter 2420: loss 1.0932, time 31.61ms, mfu 10.18%
iter 2430: loss 1.0941, time 31.42ms, mfu 10.26%
iter 2440: loss 1.0684, time 32.12ms, mfu 10.31%
iter 2450: loss 1.0932, time 47.19ms, mfu 10.01%
iter 2460: loss 1.0704, time 31.44ms, mfu 10.10%
iter 2470: loss 1.0506, time 31.66ms, mfu 10.18%
iter 2480: loss 1.1030, time 29.59ms, mfu 10.33%
iter 2490: loss 1.1061, time 33.73ms, mfu 10.32%
step 2500: train loss 0.9736, val loss 1.4929
iter 2500: loss 1.0655, time 4871.36ms, mfu 9.29%
iter 2510: loss 1.0696, time 31.34ms, mfu 9.46%
iter 2520: loss 1.0933, time 31.32ms, mfu 9.62%
iter 2530: loss 1.0745, time 31.59ms, mfu 9.75%
iter 2540: loss 1.0560, time 31.38ms, mfu 9.87%
iter 2550: loss 1.0911, time 31.50ms, mfu 9.98%
iter 2560: loss 1.0814, time 31.64ms, mfu 10.07%
iter 2570: loss 1.0661, time 48.71ms, mfu 9.77%
iter 2580: loss 1.0555, time 47.04ms, mfu 9.53%
iter 2590: loss 1.0747, time 47.17ms, mfu 9.30%
iter 2600: loss 1.0745, time 31.44ms, mfu 9.47%
iter 2610: loss 1.0714, time 31.42ms, mfu 9.62%
iter 2620: loss 1.0419, time 31.35ms, mfu 9.76%
iter 2630: loss 1.0617, time 31.62ms, mfu 9.87%
iter 2640: loss 1.0443, time 32.82ms, mfu 9.94%
iter 2650: loss 1.0473, time 47.09ms, mfu 9.67%
iter 2660: loss 1.0584, time 47.14ms, mfu 9.44%
iter 2670: loss 1.0801, time 31.34ms, mfu 9.59%
iter 2680: loss 1.0568, time 31.94ms, mfu 9.71%
iter 2690: loss 1.0569, time 31.80ms, mfu 9.83%
iter 2700: loss 1.0301, time 31.47ms, mfu 9.94%
iter 2710: loss 1.0600, time 47.00ms, mfu 9.68%
iter 2720: loss 1.0429, time 31.84ms, mfu 9.79%
iter 2730: loss 1.0312, time 47.11ms, mfu 9.55%
iter 2740: loss 1.0542, time 31.32ms, mfu 9.69%
step 2750: train loss 0.9259, val loss 1.5254
iter 2750: loss 1.0159, time 4861.43ms, mfu 8.73%
iter 2760: loss 0.9990, time 31.78ms, mfu 8.94%
iter 2770: loss 1.0355, time 31.47ms, mfu 9.14%
iter 2780: loss 1.0350, time 31.85ms, mfu 9.31%
iter 2790: loss 1.0424, time 31.30ms, mfu 9.48%
iter 2800: loss 1.0570, time 49.60ms, mfu 9.23%
iter 2810: loss 1.0369, time 33.27ms, mfu 9.34%
iter 2820: loss 1.0554, time 48.96ms, mfu 9.11%
iter 2830: loss 1.0288, time 33.33ms, mfu 9.23%
iter 2840: loss 1.0202, time 33.31ms, mfu 9.35%
iter 2850: loss 1.0186, time 33.33ms, mfu 9.45%
iter 2860: loss 1.0246, time 49.98ms, mfu 9.19%
iter 2870: loss 0.9925, time 50.35ms, mfu 8.96%
iter 2880: loss 1.0352, time 50.00ms, mfu 8.75%
iter 2890: loss 1.0439, time 34.20ms, mfu 8.88%
iter 2900: loss 1.0100, time 33.47ms, mfu 9.03%
iter 2910: loss 1.0176, time 43.07ms, mfu 8.92%
iter 2920: loss 1.0526, time 33.01ms, mfu 9.08%
iter 2930: loss 1.0040, time 33.33ms, mfu 9.20%
iter 2940: loss 1.0071, time 33.30ms, mfu 9.32%
iter 2950: loss 1.0153, time 33.31ms, mfu 9.42%
iter 2960: loss 1.0119, time 33.32ms, mfu 9.51%
iter 2970: loss 0.9954, time 33.33ms, mfu 9.60%
iter 2980: loss 1.0138, time 31.88ms, mfu 9.72%
iter 2990: loss 1.0192, time 34.40ms, mfu 9.75%
step 3000: train loss 0.8769, val loss 1.5318
iter 3000: loss 0.9998, time 4856.40ms, mfu 8.78%
iter 3010: loss 0.9940, time 31.59ms, mfu 8.99%
iter 3020: loss 0.9919, time 47.75ms, mfu 8.82%
iter 3030: loss 1.0097, time 30.46ms, mfu 9.07%
iter 3040: loss 1.0054, time 31.78ms, mfu 9.24%
iter 3050: loss 1.0173, time 32.05ms, mfu 9.40%
iter 3060: loss 0.9747, time 47.23ms, mfu 9.19%
iter 3070: loss 0.9840, time 31.49ms, mfu 9.36%
iter 3080: loss 1.0133, time 31.78ms, mfu 9.51%
iter 3090: loss 1.0042, time 32.52ms, mfu 9.62%
iter 3100: loss 0.9833, time 31.70ms, mfu 9.75%
iter 3110: loss 1.0126, time 33.84ms, mfu 9.79%
iter 3120: loss 0.9739, time 47.39ms, mfu 9.54%
iter 3130: loss 0.9658, time 31.32ms, mfu 9.68%
iter 3140: loss 0.9516, time 34.13ms, mfu 9.73%
iter 3150: loss 1.0019, time 47.80ms, mfu 9.47%
iter 3160: loss 1.0024, time 47.22ms, mfu 9.26%
iter 3170: loss 0.9781, time 32.01ms, mfu 9.41%
iter 3180: loss 0.9679, time 27.52ms, mfu 9.72%
iter 3190: loss 0.9684, time 31.31ms, mfu 9.85%
iter 3200: loss 0.9807, time 31.34ms, mfu 9.96%
iter 3210: loss 0.9702, time 47.61ms, mfu 9.69%
iter 3220: loss 0.9694, time 31.42ms, mfu 9.82%
iter 3230: loss 0.9780, time 31.91ms, mfu 9.92%
iter 3240: loss 0.9752, time 31.61ms, mfu 10.02%
step 3250: train loss 0.8289, val loss 1.5608
iter 3250: loss 0.9574, time 4853.87ms, mfu 9.02%
iter 3260: loss 0.9550, time 31.47ms, mfu 9.22%
iter 3270: loss 0.9872, time 31.86ms, mfu 9.38%
iter 3280: loss 0.9741, time 47.60ms, mfu 9.16%
iter 3290: loss 0.9510, time 47.11ms, mfu 8.98%
iter 3300: loss 0.9928, time 32.13ms, mfu 9.15%
iter 3310: loss 0.9748, time 31.62ms, mfu 9.33%
iter 3320: loss 0.9626, time 31.55ms, mfu 9.49%
iter 3330: loss 0.9743, time 47.72ms, mfu 9.26%
iter 3340: loss 0.9576, time 31.53ms, mfu 9.43%
iter 3350: loss 0.9900, time 31.71ms, mfu 9.57%
iter 3360: loss 0.9363, time 32.02ms, mfu 9.69%
iter 3370: loss 0.9427, time 46.96ms, mfu 9.46%
iter 3380: loss 0.9698, time 31.77ms, mfu 9.60%
iter 3390: loss 0.9533, time 31.73ms, mfu 9.72%
iter 3400: loss 0.9431, time 31.99ms, mfu 9.83%
iter 3410: loss 0.9436, time 31.66ms, mfu 9.94%
iter 3420: loss 0.9255, time 31.82ms, mfu 10.02%
iter 3430: loss 0.9342, time 47.65ms, mfu 9.75%
iter 3440: loss 0.9689, time 31.74ms, mfu 9.86%
iter 3450: loss 0.9690, time 30.23ms, mfu 10.01%
iter 3460: loss 0.9377, time 47.84ms, mfu 9.73%
iter 3470: loss 0.9239, time 32.17ms, mfu 9.83%
iter 3480: loss 0.9246, time 33.46ms, mfu 9.88%
iter 3490: loss 0.9514, time 47.22ms, mfu 9.62%
step 3500: train loss 0.7878, val loss 1.5946
iter 3500: loss 0.9293, time 4857.60ms, mfu 8.67%
iter 3510: loss 0.9197, time 47.11ms, mfu 8.53%
iter 3520: loss 0.9330, time 47.21ms, mfu 8.41%
iter 3530: loss 0.9341, time 31.74ms, mfu 8.65%
iter 3540: loss 0.9233, time 32.55ms, mfu 8.85%
iter 3550: loss 0.9196, time 47.59ms, mfu 8.69%
iter 3560: loss 0.9166, time 31.42ms, mfu 8.92%
iter 3570: loss 0.9154, time 31.66ms, mfu 9.11%
iter 3580: loss 0.9072, time 47.36ms, mfu 8.93%
iter 3590: loss 0.9297, time 31.64ms, mfu 9.13%
iter 3600: loss 0.9043, time 31.79ms, mfu 9.30%
iter 3610: loss 0.8992, time 48.22ms, mfu 9.08%
iter 3620: loss 0.9286, time 31.47ms, mfu 9.27%
iter 3630: loss 0.9380, time 31.65ms, mfu 9.43%
iter 3640: loss 0.8963, time 31.98ms, mfu 9.57%
iter 3650: loss 0.9317, time 47.61ms, mfu 9.33%
iter 3660: loss 0.8781, time 32.01ms, mfu 9.48%
iter 3670: loss 0.9202, time 33.54ms, mfu 9.56%
iter 3680: loss 0.9046, time 47.14ms, mfu 9.33%
iter 3690: loss 0.9198, time 32.01ms, mfu 9.48%
iter 3700: loss 0.9184, time 31.71ms, mfu 9.62%
iter 3710: loss 0.9312, time 47.81ms, mfu 9.38%
iter 3720: loss 0.9088, time 31.95ms, mfu 9.52%
iter 3730: loss 0.9136, time 31.78ms, mfu 9.65%
iter 3740: loss 0.9032, time 47.64ms, mfu 9.41%
step 3750: train loss 0.7461, val loss 1.6124
iter 3750: loss 0.9013, time 4853.33ms, mfu 8.48%
iter 3760: loss 0.9172, time 31.65ms, mfu 8.72%
iter 3770: loss 0.9169, time 47.87ms, mfu 8.57%
iter 3780: loss 0.9055, time 47.24ms, mfu 8.44%
iter 3790: loss 0.9165, time 31.69ms, mfu 8.68%
iter 3800: loss 0.8816, time 31.79ms, mfu 8.90%
iter 3810: loss 0.9225, time 47.37ms, mfu 8.74%
iter 3820: loss 0.8884, time 29.68ms, mfu 9.03%
iter 3830: loss 0.8879, time 32.10ms, mfu 9.20%
iter 3840: loss 0.9027, time 47.64ms, mfu 9.00%
iter 3850: loss 0.9041, time 30.79ms, mfu 9.22%
iter 3860: loss 0.9177, time 47.66ms, mfu 9.02%
iter 3870: loss 0.8879, time 47.01ms, mfu 8.85%
iter 3880: loss 0.9014, time 31.75ms, mfu 9.05%
iter 3890: loss 0.8832, time 31.29ms, mfu 9.25%
iter 3900: loss 0.8741, time 31.60ms, mfu 9.42%
iter 3910: loss 0.8887, time 31.93ms, mfu 9.55%
iter 3920: loss 0.9166, time 30.94ms, mfu 9.71%
iter 3930: loss 0.9008, time 31.63ms, mfu 9.83%
iter 3940: loss 0.8697, time 34.68ms, mfu 9.84%
iter 3950: loss 0.8571, time 31.47ms, mfu 9.95%
iter 3960: loss 0.8736, time 31.87ms, mfu 10.04%
iter 3970: loss 0.8894, time 47.76ms, mfu 9.76%
iter 3980: loss 0.8813, time 31.79ms, mfu 9.87%
iter 3990: loss 0.8681, time 33.14ms, mfu 9.92%
step 4000: train loss 0.7071, val loss 1.6432
iter 4000: loss 0.8726, time 4868.83ms, mfu 8.94%
iter 4010: loss 0.8738, time 47.39ms, mfu 8.77%
iter 4020: loss 0.8659, time 32.83ms, mfu 8.94%
iter 4030: loss 0.8712, time 31.78ms, mfu 9.13%
iter 4040: loss 0.8802, time 47.45ms, mfu 8.95%
iter 4050: loss 0.8766, time 31.90ms, mfu 9.13%
iter 4060: loss 0.8986, time 31.61ms, mfu 9.31%
iter 4070: loss 0.8643, time 47.21ms, mfu 9.11%
iter 4080: loss 0.8531, time 33.93ms, mfu 9.21%
iter 4090: loss 0.8794, time 31.87ms, mfu 9.37%
iter 4100: loss 0.8767, time 31.37ms, mfu 9.54%
iter 4110: loss 0.8906, time 31.45ms, mfu 9.68%
iter 4120: loss 0.8800, time 31.77ms, mfu 9.80%
iter 4130: loss 0.8776, time 47.29ms, mfu 9.55%
iter 4140: loss 0.8668, time 31.81ms, mfu 9.67%
iter 4150: loss 0.8555, time 47.85ms, mfu 9.43%
iter 4160: loss 0.8775, time 31.74ms, mfu 9.57%
iter 4170: loss 0.8639, time 31.94ms, mfu 9.69%
iter 4180: loss 0.8771, time 31.60ms, mfu 9.81%
iter 4190: loss 0.8764, time 31.91ms, mfu 9.91%
iter 4200: loss 0.8443, time 31.36ms, mfu 10.02%
iter 4210: loss 0.8526, time 47.66ms, mfu 9.74%
iter 4220: loss 0.8399, time 31.66ms, mfu 9.86%
iter 4230: loss 0.8504, time 31.56ms, mfu 9.96%
iter 4240: loss 0.8580, time 31.47ms, mfu 10.06%
step 4250: train loss 0.6764, val loss 1.6669
iter 4250: loss 0.8780, time 4855.59ms, mfu 9.06%
iter 4260: loss 0.8405, time 29.69ms, mfu 9.32%
iter 4270: loss 0.8527, time 31.31ms, mfu 9.49%
iter 4280: loss 0.8327, time 32.11ms, mfu 9.61%
iter 4290: loss 0.8361, time 47.87ms, mfu 9.37%
iter 4300: loss 0.8316, time 32.28ms, mfu 9.50%
iter 4310: loss 0.8318, time 31.46ms, mfu 9.65%
iter 4320: loss 0.8261, time 47.77ms, mfu 9.40%
iter 4330: loss 0.8519, time 47.45ms, mfu 9.19%
iter 4340: loss 0.8413, time 31.37ms, mfu 9.37%
iter 4350: loss 0.8519, time 31.54ms, mfu 9.53%
iter 4360: loss 0.8611, time 47.52ms, mfu 9.30%
iter 4370: loss 0.8624, time 31.63ms, mfu 9.46%
iter 4380: loss 0.8334, time 31.39ms, mfu 9.61%
iter 4390: loss 0.8441, time 47.22ms, mfu 9.38%
iter 4400: loss 0.8353, time 16.06ms, mfu 10.59%
iter 4410: loss 0.8449, time 31.64ms, mfu 10.62%
iter 4420: loss 0.8525, time 47.20ms, mfu 10.29%
iter 4430: loss 0.8483, time 31.50ms, mfu 10.35%
iter 4440: loss 0.8706, time 31.57ms, mfu 10.41%
iter 4450: loss 0.8471, time 47.32ms, mfu 10.10%
iter 4460: loss 0.8347, time 31.65ms, mfu 10.18%
iter 4470: loss 0.8363, time 32.10ms, mfu 10.23%
iter 4480: loss 0.8362, time 46.18ms, mfu 9.96%
iter 4490: loss 0.8222, time 31.39ms, mfu 10.06%
step 4500: train loss 0.6482, val loss 1.6819
iter 4500: loss 0.8417, time 4853.91ms, mfu 9.06%
iter 4510: loss 0.8239, time 31.70ms, mfu 9.24%
iter 4520: loss 0.8450, time 31.35ms, mfu 9.42%
iter 4530: loss 0.7936, time 47.18ms, mfu 9.21%
iter 4540: loss 0.8360, time 28.40ms, mfu 9.50%
iter 4550: loss 0.8448, time 32.20ms, mfu 9.62%
iter 4560: loss 0.8229, time 47.06ms, mfu 9.39%
iter 4570: loss 0.8322, time 31.74ms, mfu 9.54%
iter 4580: loss 0.8413, time 31.35ms, mfu 9.68%
iter 4590: loss 0.8319, time 47.27ms, mfu 9.44%
iter 4600: loss 0.8110, time 29.54ms, mfu 9.67%
iter 4610: loss 0.8319, time 31.65ms, mfu 9.79%
iter 4620: loss 0.8192, time 48.01ms, mfu 9.53%
iter 4630: loss 0.8378, time 47.31ms, mfu 9.30%
iter 4640: loss 0.8318, time 31.36ms, mfu 9.47%
iter 4650: loss 0.8329, time 32.03ms, mfu 9.60%
iter 4660: loss 0.8198, time 31.85ms, mfu 9.72%
iter 4670: loss 0.8096, time 31.93ms, mfu 9.83%
iter 4680: loss 0.8138, time 47.84ms, mfu 9.57%
iter 4690: loss 0.8179, time 31.79ms, mfu 9.70%
iter 4700: loss 0.8190, time 31.85ms, mfu 9.81%
iter 4710: loss 0.7988, time 47.71ms, mfu 9.55%
iter 4720: loss 0.8225, time 32.21ms, mfu 9.67%
iter 4730: loss 0.8093, time 31.67ms, mfu 9.79%
iter 4740: loss 0.8235, time 47.34ms, mfu 9.54%
step 4750: train loss 0.6284, val loss 1.6955
iter 4750: loss 0.8176, time 4870.07ms, mfu 8.59%
iter 4760: loss 0.8307, time 31.89ms, mfu 8.81%
iter 4770: loss 0.8026, time 47.08ms, mfu 8.66%
iter 4780: loss 0.8115, time 46.99ms, mfu 8.53%
iter 4790: loss 0.8157, time 31.45ms, mfu 8.77%
iter 4800: loss 0.8184, time 31.50ms, mfu 8.99%
iter 4810: loss 0.8214, time 47.32ms, mfu 8.82%
iter 4820: loss 0.8291, time 32.71ms, mfu 8.99%
iter 4830: loss 0.8093, time 46.92ms, mfu 8.83%
iter 4840: loss 0.8029, time 31.70ms, mfu 9.03%
iter 4850: loss 0.8092, time 31.26ms, mfu 9.23%
iter 4860: loss 0.8220, time 47.36ms, mfu 9.04%
iter 4870: loss 0.8202, time 31.60ms, mfu 9.22%
iter 4880: loss 0.7971, time 31.88ms, mfu 9.38%
iter 4890: loss 0.7816, time 47.32ms, mfu 9.17%
iter 4900: loss 0.8286, time 31.85ms, mfu 9.34%
iter 4910: loss 0.8273, time 31.69ms, mfu 9.49%
iter 4920: loss 0.8235, time 31.45ms, mfu 9.64%
iter 4930: loss 0.7955, time 31.94ms, mfu 9.75%
iter 4940: loss 0.8216, time 31.56ms, mfu 9.87%
iter 4950: loss 0.7963, time 31.88ms, mfu 9.97%
iter 4960: loss 0.7993, time 47.84ms, mfu 9.69%
iter 4970: loss 0.8331, time 31.45ms, mfu 9.82%
iter 4980: loss 0.7949, time 32.11ms, mfu 9.91%
iter 4990: loss 0.8116, time 31.67ms, mfu 10.01%
step 5000: train loss 0.6115, val loss 1.7173
iter 5000: loss 0.8191, time 4871.71ms, mfu 9.01%
